-- Basé sur le travail du groupe 1C1, modifs de LNAERT

DELETE FROM obs_batracien;


INSERT INTO Observateur (idObservateur, nom, prenom) VALUES(1,'ARAUJO','Marie');
INSERT INTO Observateur (idObservateur, nom, prenom) VALUES(2,'AUFFRAY','Anthony');
INSERT INTO Observateur (idObservateur, nom, prenom) VALUES(3,'AZAIS','Fanny');
INSERT INTO Observateur (idObservateur, nom, prenom) VALUES(4,'BLOYET','Noémie');
INSERT INTO Observateur (idObservateur, nom, prenom) VALUES(5,'BODIN','Manon');
INSERT INTO Observateur (idObservateur, nom, prenom) VALUES(6,'BOTCAZOU','François');
INSERT INTO Observateur (idObservateur, nom, prenom) VALUES(7,'CAOUDAL','Tiphaine');
INSERT INTO Observateur (idObservateur, nom, prenom) VALUES(8,'CLEMOT','Romuald');
INSERT INTO Observateur (idObservateur, nom, prenom) VALUES(9,'COURTEILLE','Romain');
INSERT INTO Observateur (idObservateur, nom, prenom) VALUES(10,'DELARUE','Adrien');
INSERT INTO Observateur (idObservateur, nom, prenom) VALUES(11,'DENIAUD','Marie-Lou');
INSERT INTO Observateur (idObservateur, nom, prenom) VALUES(12,'DEROUT','Laura');
INSERT INTO Observateur (idObservateur, nom, prenom) VALUES(13,'FERNANDEZ','Nicolas');
INSERT INTO Observateur (idObservateur, nom, prenom) VALUES(14,'FLOUR','Yann');
INSERT INTO Observateur (idObservateur, nom, prenom) VALUES(15,'GABLIN','Estelle');
INSERT INTO Observateur (idObservateur, nom, prenom) VALUES(16,'GAUTER','Myléne');
INSERT INTO Observateur (idObservateur, nom, prenom) VALUES(17,'GONON','Florent');
INSERT INTO Observateur (idObservateur, nom, prenom) VALUES(18,'GRASLAND','Florent');
INSERT INTO Observateur (idObservateur, nom, prenom) VALUES(19,'GRIMBERG','Romain');
INSERT INTO Observateur (idObservateur, nom, prenom) VALUES(20,'GUILLOU','Sarah');
INSERT INTO Observateur (idObservateur, nom, prenom) VALUES(21,'LEDAN','David');
INSERT INTO Observateur (idObservateur, nom, prenom) VALUES(22,'LEGROS','Adrien');
INSERT INTO Observateur (idObservateur, nom, prenom) VALUES(23,'LINGER','Louis');
INSERT INTO Observateur (idObservateur, nom, prenom) VALUES(24,'MARCY','Amélie');
INSERT INTO Observateur (idObservateur, nom, prenom) VALUES(25,'MARTINEZ','Julia');
INSERT INTO Observateur (idObservateur, nom, prenom) VALUES(26,'MOUNIER','Aimé');
INSERT INTO Observateur (idObservateur, nom, prenom) VALUES(27,'PAVIC','Camille');
INSERT INTO Observateur (idObservateur, nom, prenom) VALUES(28,'PENY','Steeve');
INSERT INTO Observateur (idObservateur, nom, prenom) VALUES(29,'PERRON','Steven');
INSERT INTO Observateur (idObservateur, nom, prenom) VALUES(30,'PLANCHAIS','Pierre');
INSERT INTO Observateur (idObservateur, nom, prenom) VALUES(31,'PLEDRAN','Corentin');
INSERT INTO Observateur (idObservateur, nom, prenom) VALUES(32,'RACAPE','Romane');
INSERT INTO Observateur (idObservateur, nom, prenom) VALUES(33,'ROYER','Camille');
INSERT INTO Observateur (idObservateur, nom, prenom) VALUES(34,'SARKOZI','Thomas');
INSERT INTO Observateur (idObservateur, nom, prenom) VALUES(35,'STEPHAN','Gurvan');
INSERT INTO Observateur (idObservateur, nom, prenom) VALUES(36,'STOCKMAN','Axel');
INSERT INTO Observateur (idObservateur, nom, prenom) VALUES(37,'SUAREZ','Jade');
INSERT INTO Observateur (idObservateur, nom, prenom) VALUES(38,'SYLLA','Alexandre');
INSERT INTO Observateur (idObservateur, nom, prenom) VALUES(39,'TREMION','Armel');
INSERT INTO Observateur (idObservateur, nom, prenom) VALUES(40,'VILLECOURT','Ludine');
INSERT INTO Observateur (idObservateur, nom, prenom) VALUES(41,'FERRE','Aurélien');
INSERT INTO Observateur (idObservateur, nom, prenom) VALUES(42,'ROUSSIERE','Julie');

INSERT INTO Lieu (coord_Lambert_X, coord_Lambert_Y) VALUES(266980.006154031, 6730969.742894);
INSERT INTO Lieu (coord_Lambert_X, coord_Lambert_Y) VALUES(273307.524211636, 6727025.18423829);
INSERT INTO Lieu (coord_Lambert_X, coord_Lambert_Y) VALUES(259931.172714433, 6731408.6422669);
INSERT INTO Lieu (coord_Lambert_X, coord_Lambert_Y) VALUES(267844.298625658, 6728023.2995185);
INSERT INTO Lieu (coord_Lambert_X, coord_Lambert_Y) VALUES(268269.325645092, 6727249.7694787);
INSERT INTO Lieu (coord_Lambert_X, coord_Lambert_Y) VALUES(262906.231295144, 6728420.7061037);
INSERT INTO Lieu (coord_Lambert_X, coord_Lambert_Y) VALUES(264559.233904952, 6727462.083247);
INSERT INTO Lieu (coord_Lambert_X, coord_Lambert_Y) VALUES(262584.492789689, 6727879.7034304);
INSERT INTO Lieu (coord_Lambert_X, coord_Lambert_Y) VALUES(260713.89843832, 6729792.18035619);
INSERT INTO Lieu (coord_Lambert_X, coord_Lambert_Y) VALUES(272760.540472672, 6728352.1861201);
INSERT INTO Lieu (coord_Lambert_X, coord_Lambert_Y) VALUES(271243.913924362, 6734061.1921904);
INSERT INTO Lieu (coord_Lambert_X, coord_Lambert_Y) VALUES(268470.003320142, 6731530.95328039);
INSERT INTO Lieu (coord_Lambert_X, coord_Lambert_Y) VALUES(261114.71073514, 6729571.0425372);
INSERT INTO Lieu (coord_Lambert_X, coord_Lambert_Y) VALUES(273812.463137467, 6727324.31867299);
INSERT INTO Lieu (coord_Lambert_X, coord_Lambert_Y) VALUES(270407.685245634, 6729444.2863101);
INSERT INTO Lieu (coord_Lambert_X, coord_Lambert_Y) VALUES(262406.241668014, 6728623.2688656);
INSERT INTO Lieu (coord_Lambert_X, coord_Lambert_Y) VALUES(262778.70061993, 6727299.45043009);
INSERT INTO Lieu (coord_Lambert_X, coord_Lambert_Y) VALUES(260439.261305484, 6731258.1786871);
INSERT INTO Lieu (coord_Lambert_X, coord_Lambert_Y) VALUES(264017.798410954, 6727861.19806439);
INSERT INTO Lieu (coord_Lambert_X, coord_Lambert_Y) VALUES(262036.79355646, 6727781.0448887);
INSERT INTO Lieu (coord_Lambert_X, coord_Lambert_Y) VALUES(261974.33098565, 6729132.74490309);
INSERT INTO Lieu (coord_Lambert_X, coord_Lambert_Y) VALUES(262814.209077023, 6727085.7806419);
INSERT INTO Lieu (coord_Lambert_X, coord_Lambert_Y) VALUES(271519.63476671, 6734799.16646359);
INSERT INTO Lieu (coord_Lambert_X, coord_Lambert_Y) VALUES(259711.867696269, 6730165.3504256);
INSERT INTO Lieu (coord_Lambert_X, coord_Lambert_Y) VALUES(272739.170765149, 6728538.40785709);
INSERT INTO Lieu (coord_Lambert_X, coord_Lambert_Y) VALUES(273084.968192193, 6727685.67307019);
INSERT INTO Lieu (coord_Lambert_X, coord_Lambert_Y) VALUES(267423.305201664, 6727381.38437219);
INSERT INTO Lieu (coord_Lambert_X, coord_Lambert_Y) VALUES(260844.548036225, 6731296.945244);
INSERT INTO Lieu (coord_Lambert_X, coord_Lambert_Y) VALUES(262278.454140545, 6729721.46036809);
INSERT INTO Lieu (coord_Lambert_X, coord_Lambert_Y) VALUES(268787.960584285, 6728170.1902951);
INSERT INTO Lieu (coord_Lambert_X, coord_Lambert_Y) VALUES(269162.490989854, 6731343.8831516);
INSERT INTO Lieu (coord_Lambert_X, coord_Lambert_Y) VALUES(261486.833714821, 6727756.7372714);
INSERT INTO Lieu (coord_Lambert_X, coord_Lambert_Y) VALUES(264425.8030671, 6727911.4182911);
INSERT INTO Lieu (coord_Lambert_X, coord_Lambert_Y) VALUES(260012.476918884, 6729909.6598225);
INSERT INTO Lieu (coord_Lambert_X, coord_Lambert_Y) VALUES(271129.011360233, 6735267.1971183);
INSERT INTO Lieu (coord_Lambert_X, coord_Lambert_Y) VALUES(263036.07502929, 6727033.7808093);
INSERT INTO Lieu (coord_Lambert_X, coord_Lambert_Y) VALUES(270461.118265624, 6730455.9514885);
INSERT INTO Lieu (coord_Lambert_X, coord_Lambert_Y) VALUES(262473.762588642, 6729400.59648909);
INSERT INTO Lieu (coord_Lambert_X, coord_Lambert_Y) VALUES(259801.903868488, 6730661.7023464);
INSERT INTO Lieu (coord_Lambert_X, coord_Lambert_Y) VALUES(262898.790973312, 6729128.5597221);
INSERT INTO Lieu (coord_Lambert_X, coord_Lambert_Y) VALUES(261714.717627102, 6728300.6202087);
INSERT INTO Lieu (coord_Lambert_X, coord_Lambert_Y) VALUES(266343.311329746, 6730822.05595029);
INSERT INTO Lieu (coord_Lambert_X, coord_Lambert_Y) VALUES(268075.762879661, 6728842.3268788);
INSERT INTO Lieu (coord_Lambert_X, coord_Lambert_Y) VALUES(260471.508032322, 6730540.1163272);
INSERT INTO Lieu (coord_Lambert_X, coord_Lambert_Y) VALUES(262656.055300557, 6727022.71227349);
INSERT INTO Lieu (coord_Lambert_X, coord_Lambert_Y) VALUES(261535.448949441, 6728880.964572);
INSERT INTO Lieu (coord_Lambert_X, coord_Lambert_Y) VALUES(271688.094977815, 6734182.069201);
INSERT INTO Lieu (coord_Lambert_X, coord_Lambert_Y) VALUES(272280.103655336, 6728840.9036991);
INSERT INTO Lieu (coord_Lambert_X, coord_Lambert_Y) VALUES(261066.336837248, 6730269.0087783);
INSERT INTO Lieu (coord_Lambert_X, coord_Lambert_Y) VALUES(270972.294156858, 6730584.19073649);
INSERT INTO Lieu (coord_Lambert_X, coord_Lambert_Y) VALUES(263401.018176065, 6727942.87071869);
INSERT INTO Lieu (coord_Lambert_X, coord_Lambert_Y) VALUES(267507.541458485, 6727909.77543769);
INSERT INTO Lieu (coord_Lambert_X, coord_Lambert_Y) VALUES(268583.203744206, 6728949.1565345);
INSERT INTO Lieu (coord_Lambert_X, coord_Lambert_Y) VALUES(262307.215799034, 6728224.6589046);
INSERT INTO Lieu (coord_Lambert_X, coord_Lambert_Y) VALUES(263868.193361036, 6727345.32321679);
INSERT INTO Lieu (coord_Lambert_X, coord_Lambert_Y) VALUES(270549.688372142, 6734123.6235314);
INSERT INTO Lieu (coord_Lambert_X, coord_Lambert_Y) VALUES(261148.160661037, 6730672.27504379);
INSERT INTO Lieu (coord_Lambert_X, coord_Lambert_Y) VALUES(267696.716305818, 6731019.51430569);
INSERT INTO Lieu (coord_Lambert_X, coord_Lambert_Y) VALUES(273543.592547861, 6728030.50153699);
INSERT INTO Lieu (coord_Lambert_X, coord_Lambert_Y) VALUES(263278.083178604, 6726624.7634359);
INSERT INTO Lieu (coord_Lambert_X, coord_Lambert_Y) VALUES(268233.781745374, 6728332.66039649);
INSERT INTO Lieu (coord_Lambert_X, coord_Lambert_Y) VALUES(259425.847426987, 6730841.8171565);
INSERT INTO Lieu (coord_Lambert_X, coord_Lambert_Y) VALUES(272823.886391399, 6729594.56749119);
INSERT INTO Lieu (coord_Lambert_X, coord_Lambert_Y) VALUES(270453.615761916, 6734645.1868944);
INSERT INTO Lieu (coord_Lambert_X, coord_Lambert_Y) VALUES(264081.650706419, 6726958.50954829);
INSERT INTO Lieu (coord_Lambert_X, coord_Lambert_Y) VALUES(273067.426967012, 6728139.27178359);
INSERT INTO Lieu (coord_Lambert_X, coord_Lambert_Y) VALUES(259139.827157704, 6730665.2140372);
INSERT INTO Lieu (coord_Lambert_X, coord_Lambert_Y) VALUES(270929.547740866, 6729734.6057187);
INSERT INTO Lieu (coord_Lambert_X, coord_Lambert_Y) VALUES(263081.845715243, 6725961.41735749);
INSERT INTO Lieu (coord_Lambert_X, coord_Lambert_Y) VALUES(267043.012655128, 6727640.2625909);
INSERT INTO Lieu (coord_Lambert_X, coord_Lambert_Y) VALUES(272563.125079369, 6729813.9885953);
INSERT INTO Lieu (coord_Lambert_X, coord_Lambert_Y) VALUES(268130.88857109, 6731114.0977651);
INSERT INTO Lieu (coord_Lambert_X, coord_Lambert_Y) VALUES(266439.272565161, 6727071.2417903);
INSERT INTO Lieu (coord_Lambert_X, coord_Lambert_Y) VALUES(262004.435493985, 6727237.8120571);
INSERT INTO Lieu (coord_Lambert_X, coord_Lambert_Y) VALUES(270521.675688279, 6730003.5519193);
INSERT INTO Lieu (coord_Lambert_X, coord_Lambert_Y) VALUES(273279.150969611, 6728971.04465099);
INSERT INTO Lieu (coord_Lambert_X, coord_Lambert_Y) VALUES(266535.956581346, 6727932.51059649);
INSERT INTO Lieu (coord_Lambert_X, coord_Lambert_Y) VALUES(272125.487996429, 6729044.6146408);
INSERT INTO Lieu (coord_Lambert_X, coord_Lambert_Y) VALUES(271964.69291655, 6729598.9288138);
INSERT INTO Lieu (coord_Lambert_X, coord_Lambert_Y) VALUES(269335.551699542, 6728920.4646041);
INSERT INTO Lieu (coord_Lambert_X, coord_Lambert_Y) VALUES(272230.778704775, 6730076.7790603);
INSERT INTO Lieu (coord_Lambert_X, coord_Lambert_Y) VALUES(268925.948889556, 6728699.88733789);

INSERT INTO Observation (idObs, dateObs, heureObs, lieu_Lambert_X, lieu_Lambert_Y) VALUES(1, '2016-03-10', '21:27:00', 266980.006154031, 6730969.742894);
INSERT INTO Observation (idObs, dateObs, heureObs, lieu_Lambert_X, lieu_Lambert_Y) VALUES(2, '2016-03-10', '21:24:00', 273307.524211636, 6727025.18423829);
INSERT INTO Observation (idObs, dateObs, heureObs, lieu_Lambert_X, lieu_Lambert_Y) VALUES(3, '2016-03-10', '20:16:00', 259931.172714433, 6731408.6422669);
INSERT INTO Observation (idObs, dateObs, heureObs, lieu_Lambert_X, lieu_Lambert_Y) VALUES(4, '2016-03-10', '22:46:00', 267844.298625658, 6728023.2995185);
INSERT INTO Observation (idObs, dateObs, heureObs, lieu_Lambert_X, lieu_Lambert_Y) VALUES(5, '2016-03-10', '00:01:00', 268269.325645092, 6727249.7694787);
INSERT INTO Observation (idObs, dateObs, heureObs, lieu_Lambert_X, lieu_Lambert_Y) VALUES(6, '2016-03-10', '21:30:00', 262906.231295144, 6728420.7061037);
INSERT INTO Observation (idObs, dateObs, heureObs, lieu_Lambert_X, lieu_Lambert_Y) VALUES(7, '2016-03-10', '20:20:00', 264559.233904952, 6727462.083247);
INSERT INTO Observation (idObs, dateObs, heureObs, lieu_Lambert_X, lieu_Lambert_Y) VALUES(8, '2016-03-10', '21:20:00', 262584.492789689, 6727879.7034304);
INSERT INTO Observation (idObs, dateObs, heureObs, lieu_Lambert_X, lieu_Lambert_Y) VALUES(9, null, null, 260713.89843832, 6729792.18035619);
INSERT INTO Observation (idObs, dateObs, heureObs, lieu_Lambert_X, lieu_Lambert_Y) VALUES(10, '2016-03-10', '20:10:00', 268925.948889556, 6728699.88733789);
INSERT INTO Observation (idObs, dateObs, heureObs, lieu_Lambert_X, lieu_Lambert_Y) VALUES(11, '2016-03-10', '21:10:00', 272760.540472672, 6728352.1861201);
INSERT INTO Observation (idObs, dateObs, heureObs, lieu_Lambert_X, lieu_Lambert_Y) VALUES(12, '2016-03-10', '23:15:00', 271243.913924362, 6734061.1921904);
INSERT INTO Observation (idObs, dateObs, heureObs, lieu_Lambert_X, lieu_Lambert_Y) VALUES(13, '2016-03-10', '22:10:00', 268470.003320142, 6731530.95328039);
INSERT INTO Observation (idObs, dateObs, heureObs, lieu_Lambert_X, lieu_Lambert_Y) VALUES(14, null, null, 261114.71073514, 6729571.0425372);
INSERT INTO Observation (idObs, dateObs, heureObs, lieu_Lambert_X, lieu_Lambert_Y) VALUES(15, '2016-03-10', '21:50:00', 273812.463137467, 6727324.31867299);
INSERT INTO Observation (idObs, dateObs, heureObs, lieu_Lambert_X, lieu_Lambert_Y) VALUES(16, null, null, 270407.685245634, 6729444.2863101);
INSERT INTO Observation (idObs, dateObs, heureObs, lieu_Lambert_X, lieu_Lambert_Y) VALUES(17, '2016-03-10', '22:22:00', 262406.241668014, 6728623.2688656);
INSERT INTO Observation (idObs, dateObs, heureObs, lieu_Lambert_X, lieu_Lambert_Y) VALUES(18, '2016-03-10', '21:25:00', 262778.70061993, 6727299.45043009);
INSERT INTO Observation (idObs, dateObs, heureObs, lieu_Lambert_X, lieu_Lambert_Y) VALUES(19, '2016-03-10', '21:48:00', 260439.261305484, 6731258.1786871);
INSERT INTO Observation (idObs, dateObs, heureObs, lieu_Lambert_X, lieu_Lambert_Y) VALUES(20, '2016-03-10', '20:54:00', 264017.798410954, 6727861.19806439);
INSERT INTO Observation (idObs, dateObs, heureObs, lieu_Lambert_X, lieu_Lambert_Y) VALUES(21, '2016-03-10', '22:40:00', 262036.79355646, 6727781.0448887);
INSERT INTO Observation (idObs, dateObs, heureObs, lieu_Lambert_X, lieu_Lambert_Y) VALUES(22, '2016-03-10', '23:05:00', 261974.33098565, 6729132.74490309);
INSERT INTO Observation (idObs, dateObs, heureObs, lieu_Lambert_X, lieu_Lambert_Y) VALUES(23, '2016-03-10', null, 262814.209077023, 6727085.7806419);
INSERT INTO Observation (idObs, dateObs, heureObs, lieu_Lambert_X, lieu_Lambert_Y) VALUES(24, '2016-03-10', '22:09:00', 271519.63476671, 6734799.16646359);
INSERT INTO Observation (idObs, dateObs, heureObs, lieu_Lambert_X, lieu_Lambert_Y) VALUES(25, '2016-03-10', '23:00:00', 259711.867696269, 6730165.3504256);
INSERT INTO Observation (idObs, dateObs, heureObs, lieu_Lambert_X, lieu_Lambert_Y) VALUES(26, '2016-03-10', '21:10:00', 272739.170765149, 6728538.40785709);
INSERT INTO Observation (idObs, dateObs, heureObs, lieu_Lambert_X, lieu_Lambert_Y) VALUES(27, '2016-03-10', '22:25:00', 273084.968192193, 6727685.67307019);
INSERT INTO Observation (idObs, dateObs, heureObs, lieu_Lambert_X, lieu_Lambert_Y) VALUES(28, '2016-03-24', '21:24:00', 267423.305201664, 6727381.38437219);
INSERT INTO Observation (idObs, dateObs, heureObs, lieu_Lambert_X, lieu_Lambert_Y) VALUES(29, '2016-03-10', '22:31:00', 260844.548036225, 6731296.945244);
INSERT INTO Observation (idObs, dateObs, heureObs, lieu_Lambert_X, lieu_Lambert_Y) VALUES(30, '2016-03-10', '23:37:00', 262278.454140545, 6729721.46036809);
INSERT INTO Observation (idObs, dateObs, heureObs, lieu_Lambert_X, lieu_Lambert_Y) VALUES(31, null, null, 268787.960584285, 6728170.1902951);
INSERT INTO Observation (idObs, dateObs, heureObs, lieu_Lambert_X, lieu_Lambert_Y) VALUES(32, '2016-03-10', '23:15:00', 269162.490989854, 6731343.8831516);
INSERT INTO Observation (idObs, dateObs, heureObs, lieu_Lambert_X, lieu_Lambert_Y) VALUES(33, '2016-03-10', '23:20:00', 261486.833714821, 6727756.7372714);
INSERT INTO Observation (idObs, dateObs, heureObs, lieu_Lambert_X, lieu_Lambert_Y) VALUES(34, '2016-03-10', '21:22:00', 264425.8030671, 6727911.4182911);
INSERT INTO Observation (idObs, dateObs, heureObs, lieu_Lambert_X, lieu_Lambert_Y) VALUES(35, '2016-03-10', '22:22:00', 260012.476918884, 6729909.6598225);
INSERT INTO Observation (idObs, dateObs, heureObs, lieu_Lambert_X, lieu_Lambert_Y) VALUES(36, '2016-03-10', '21:28:00', 271129.011360233, 6735267.1971183);
INSERT INTO Observation (idObs, dateObs, heureObs, lieu_Lambert_X, lieu_Lambert_Y) VALUES(37, '2016-03-10', '22:05:00', 263036.07502929, 6727033.7808093);
INSERT INTO Observation (idObs, dateObs, heureObs, lieu_Lambert_X, lieu_Lambert_Y) VALUES(38, '2016-03-10', '21:10:00', 270461.118265624, 6730455.9514885);
INSERT INTO Observation (idObs, dateObs, heureObs, lieu_Lambert_X, lieu_Lambert_Y) VALUES(39, '2016-03-24', '21:40:00', 262473.762588642, 6729400.59648909);
INSERT INTO Observation (idObs, dateObs, heureObs, lieu_Lambert_X, lieu_Lambert_Y) VALUES(40, null, null, 259801.903868488, 6730661.7023464);
INSERT INTO Observation (idObs, dateObs, heureObs, lieu_Lambert_X, lieu_Lambert_Y) VALUES(41, '2016-03-24', '21:07:00', 262898.790973312, 6729128.5597221);
INSERT INTO Observation (idObs, dateObs, heureObs, lieu_Lambert_X, lieu_Lambert_Y) VALUES(42, null, null, 261714.717627102, 6728300.6202087);
INSERT INTO Observation (idObs, dateObs, heureObs, lieu_Lambert_X, lieu_Lambert_Y) VALUES(43, '2016-03-24', '20:15:00', 266343.311329746, 6730822.05595029);
INSERT INTO Observation (idObs, dateObs, heureObs, lieu_Lambert_X, lieu_Lambert_Y) VALUES(44, null, null, 268075.762879661, 6728842.3268788);
INSERT INTO Observation (idObs, dateObs, heureObs, lieu_Lambert_X, lieu_Lambert_Y) VALUES(45, null, null, 260471.508032322, 6730540.1163272);
INSERT INTO Observation (idObs, dateObs, heureObs, lieu_Lambert_X, lieu_Lambert_Y) VALUES(46, '2016-03-10', '22:40:00', 262656.055300557, 6727022.71227349);
INSERT INTO Observation (idObs, dateObs, heureObs, lieu_Lambert_X, lieu_Lambert_Y) VALUES(47, '2016-03-10', null, 261535.448949441, 6728880.964572);
INSERT INTO Observation (idObs, dateObs, heureObs, lieu_Lambert_X, lieu_Lambert_Y) VALUES(48, '2016-03-10', '22:47:00', 271688.094977815, 6734182.069201);
INSERT INTO Observation (idObs, dateObs, heureObs, lieu_Lambert_X, lieu_Lambert_Y) VALUES(49, '2016-03-10', '21:40:00', 272280.103655336, 6728840.9036991);
INSERT INTO Observation (idObs, dateObs, heureObs, lieu_Lambert_X, lieu_Lambert_Y) VALUES(50, '2016-03-10', '22:26:00', 261066.336837248, 6730269.0087783);
INSERT INTO Observation (idObs, dateObs, heureObs, lieu_Lambert_X, lieu_Lambert_Y) VALUES(51, '2016-03-10', '21:35:00', 270972.294156858, 6730584.19073649);
INSERT INTO Observation (idObs, dateObs, heureObs, lieu_Lambert_X, lieu_Lambert_Y) VALUES(52, '2016-03-10', '21:41:00', 263401.018176065, 6727942.87071869);
INSERT INTO Observation (idObs, dateObs, heureObs, lieu_Lambert_X, lieu_Lambert_Y) VALUES(53, '2016-03-24', '21:55:00', 267507.541458485, 6727909.77543769);
INSERT INTO Observation (idObs, dateObs, heureObs, lieu_Lambert_X, lieu_Lambert_Y) VALUES(54, '2016-03-10', '21:47:00', 268583.203744206, 6728949.1565345);
INSERT INTO Observation (idObs, dateObs, heureObs, lieu_Lambert_X, lieu_Lambert_Y) VALUES(55, '2016-03-10', '22:00:00', 262307.215799034, 6728224.6589046);
INSERT INTO Observation (idObs, dateObs, heureObs, lieu_Lambert_X, lieu_Lambert_Y) VALUES(56, '2016-03-10', '21:58:00', 263868.193361036, 6727345.32321679);
INSERT INTO Observation (idObs, dateObs, heureObs, lieu_Lambert_X, lieu_Lambert_Y) VALUES(57, '2016-03-24', '20:20:00', 270549.688372142, 6734123.6235314);
INSERT INTO Observation (idObs, dateObs, heureObs, lieu_Lambert_X, lieu_Lambert_Y) VALUES(58, '2016-03-10', '23:00:00', 261148.160661037, 6730672.27504379);
INSERT INTO Observation (idObs, dateObs, heureObs, lieu_Lambert_X, lieu_Lambert_Y) VALUES(59, '2016-03-24', '20:56:00', 267696.716305818, 6731019.51430569);
INSERT INTO Observation (idObs, dateObs, heureObs, lieu_Lambert_X, lieu_Lambert_Y) VALUES(60, '2016-03-10', '22:50:00', 273543.592547861, 6728030.50153699);
INSERT INTO Observation (idObs, dateObs, heureObs, lieu_Lambert_X, lieu_Lambert_Y) VALUES(61, null, null, 263278.083178604, 6726624.7634359);
INSERT INTO Observation (idObs, dateObs, heureObs, lieu_Lambert_X, lieu_Lambert_Y) VALUES(62, '2016-03-10', '23:30:00', 268233.781745374, 6728332.66039649);
INSERT INTO Observation (idObs, dateObs, heureObs, lieu_Lambert_X, lieu_Lambert_Y) VALUES(63, '2016-03-10', '23:30:00', 259425.847426987, 6730841.8171565);
INSERT INTO Observation (idObs, dateObs, heureObs, lieu_Lambert_X, lieu_Lambert_Y) VALUES(64, null, null, 272823.886391399, 6729594.56749119);
INSERT INTO Observation (idObs, dateObs, heureObs, lieu_Lambert_X, lieu_Lambert_Y) VALUES(65, '2016-03-24', '21:00:00', 270453.615761916, 6734645.1868944);
INSERT INTO Observation (idObs, dateObs, heureObs, lieu_Lambert_X, lieu_Lambert_Y) VALUES(66, null, null, 264081.650706419, 6726958.50954829);
INSERT INTO Observation (idObs, dateObs, heureObs, lieu_Lambert_X, lieu_Lambert_Y) VALUES(67, null, null, 273067.426967012, 6728139.27178359);
INSERT INTO Observation (idObs, dateObs, heureObs, lieu_Lambert_X, lieu_Lambert_Y) VALUES(68, '2016-03-24', '22:22:00', 259139.827157704, 6730665.2140372);
INSERT INTO Observation (idObs, dateObs, heureObs, lieu_Lambert_X, lieu_Lambert_Y) VALUES(69, '2016-03-10', '22:00:00', 270929.547740866, 6729734.6057187);
INSERT INTO Observation (idObs, dateObs, heureObs, lieu_Lambert_X, lieu_Lambert_Y) VALUES(70, '2016-03-10', '23:05:00', 263081.845715243, 6725961.41735749);
INSERT INTO Observation (idObs, dateObs, heureObs, lieu_Lambert_X, lieu_Lambert_Y) VALUES(71, '2016-03-10', '23:20:00', 267043.012655128, 6727640.2625909);
INSERT INTO Observation (idObs, dateObs, heureObs, lieu_Lambert_X, lieu_Lambert_Y) VALUES(72, '2016-03-10', '22:50:00', 272563.125079369, 6729813.9885953);
INSERT INTO Observation (idObs, dateObs, heureObs, lieu_Lambert_X, lieu_Lambert_Y) VALUES(73, '2016-03-10', '22:02:00', 268130.88857109, 6731114.0977651);
INSERT INTO Observation (idObs, dateObs, heureObs, lieu_Lambert_X, lieu_Lambert_Y) VALUES(74, '2016-03-10', '22:20:00', 266439.272565161, 6727071.2417903);
INSERT INTO Observation (idObs, dateObs, heureObs, lieu_Lambert_X, lieu_Lambert_Y) VALUES(75, null, null, 262004.435493985, 6727237.8120571);
INSERT INTO Observation (idObs, dateObs, heureObs, lieu_Lambert_X, lieu_Lambert_Y) VALUES(76, null, null, 270521.675688279, 6730003.5519193);
INSERT INTO Observation (idObs, dateObs, heureObs, lieu_Lambert_X, lieu_Lambert_Y) VALUES(77, null, null, 273279.150969611, 6728971.04465099);
INSERT INTO Observation (idObs, dateObs, heureObs, lieu_Lambert_X, lieu_Lambert_Y) VALUES(78, '2016-03-10', '21:44:00', 266535.956581346, 6727932.51059649);
INSERT INTO Observation (idObs, dateObs, heureObs, lieu_Lambert_X, lieu_Lambert_Y) VALUES(79, '2016-03-10', '22:15:00', 272125.487996429, 6729044.6146408);
INSERT INTO Observation (idObs, dateObs, heureObs, lieu_Lambert_X, lieu_Lambert_Y) VALUES(80, null, null, 271964.69291655, 6729598.9288138);
INSERT INTO Observation (idObs, dateObs, heureObs, lieu_Lambert_X, lieu_Lambert_Y) VALUES(81, '2016-03-10', '23:00:00', 269335.551699542, 6728920.4646041);
INSERT INTO Observation (idObs, dateObs, heureObs, lieu_Lambert_X, lieu_Lambert_Y) VALUES(82, null, null, 272230.778704775, 6730076.7790603);

-- Basé sur le travail du groupe 2C1 + 3D2, modifs de LNAERT
DELETE FROM vegetation;
DELETE FROM zonehumide;
DELETE FROM Lieu_Vegetation;

INSERT INTO Lieu_Vegetation(idVegeLieu) VALUES(1);
INSERT INTO Lieu_Vegetation(idVegeLieu) VALUES(2);
INSERT INTO Lieu_Vegetation(idVegeLieu) VALUES(3);
INSERT INTO Lieu_Vegetation(idVegeLieu) VALUES(4);
INSERT INTO Lieu_Vegetation(idVegeLieu) VALUES(5);
INSERT INTO Lieu_Vegetation(idVegeLieu) VALUES(6);
INSERT INTO Lieu_Vegetation(idVegeLieu) VALUES(7);
INSERT INTO Lieu_Vegetation(idVegeLieu) VALUES(8);
INSERT INTO Lieu_Vegetation(idVegeLieu) VALUES(9);
INSERT INTO Lieu_Vegetation(idVegeLieu) VALUES(10);
INSERT INTO Lieu_Vegetation(idVegeLieu) VALUES(11);
INSERT INTO Lieu_Vegetation(idVegeLieu) VALUES(12);
INSERT INTO Lieu_Vegetation(idVegeLieu) VALUES(13);
INSERT INTO Lieu_Vegetation(idVegeLieu) VALUES(14);
INSERT INTO Lieu_Vegetation(idVegeLieu) VALUES(15);
INSERT INTO Lieu_Vegetation(idVegeLieu) VALUES(16);
INSERT INTO Lieu_Vegetation(idVegeLieu) VALUES(17);
INSERT INTO Lieu_Vegetation(idVegeLieu) VALUES(18);
INSERT INTO Lieu_Vegetation(idVegeLieu) VALUES(19);
INSERT INTO Lieu_Vegetation(idVegeLieu) VALUES(20);
INSERT INTO Lieu_Vegetation(idVegeLieu) VALUES(21);
INSERT INTO Lieu_Vegetation(idVegeLieu) VALUES(22);
INSERT INTO Lieu_Vegetation(idVegeLieu) VALUES(23);
INSERT INTO Lieu_Vegetation(idVegeLieu) VALUES(24);
INSERT INTO Lieu_Vegetation(idVegeLieu) VALUES(25);
INSERT INTO Lieu_Vegetation(idVegeLieu) VALUES(26);
INSERT INTO Lieu_Vegetation(idVegeLieu) VALUES(27);
INSERT INTO Lieu_Vegetation(idVegeLieu) VALUES(28);
INSERT INTO Lieu_Vegetation(idVegeLieu) VALUES(29);
INSERT INTO Lieu_Vegetation(idVegeLieu) VALUES(30);
INSERT INTO Lieu_Vegetation(idVegeLieu) VALUES(31);
INSERT INTO Lieu_Vegetation(idVegeLieu) VALUES(32);
INSERT INTO Lieu_Vegetation(idVegeLieu) VALUES(33);
INSERT INTO Lieu_Vegetation(idVegeLieu) VALUES(34);
INSERT INTO Lieu_Vegetation(idVegeLieu) VALUES(35);
INSERT INTO Lieu_Vegetation(idVegeLieu) VALUES(36);
INSERT INTO Lieu_Vegetation(idVegeLieu) VALUES(37);
INSERT INTO Lieu_Vegetation(idVegeLieu) VALUES(38);
INSERT INTO Lieu_Vegetation(idVegeLieu) VALUES(39);
INSERT INTO Lieu_Vegetation(idVegeLieu) VALUES(40);
INSERT INTO Lieu_Vegetation(idVegeLieu) VALUES(41);
INSERT INTO Lieu_Vegetation(idVegeLieu) VALUES(42);
INSERT INTO Lieu_Vegetation(idVegeLieu) VALUES(43);
INSERT INTO Lieu_Vegetation(idVegeLieu) VALUES(44);
INSERT INTO Lieu_Vegetation(idVegeLieu) VALUES(45);
INSERT INTO Lieu_Vegetation(idVegeLieu) VALUES(46);
INSERT INTO Lieu_Vegetation(idVegeLieu) VALUES(47);
INSERT INTO Lieu_Vegetation(idVegeLieu) VALUES(48);
INSERT INTO Lieu_Vegetation(idVegeLieu) VALUES(49);
INSERT INTO Lieu_Vegetation(idVegeLieu) VALUES(50);
INSERT INTO Lieu_Vegetation(idVegeLieu) VALUES(51);
INSERT INTO Lieu_Vegetation(idVegeLieu) VALUES(52);
INSERT INTO Lieu_Vegetation(idVegeLieu) VALUES(53);
INSERT INTO Lieu_Vegetation(idVegeLieu) VALUES(54);
INSERT INTO Lieu_Vegetation(idVegeLieu) VALUES(55);
INSERT INTO Lieu_Vegetation(idVegeLieu) VALUES(56);
INSERT INTO Lieu_Vegetation(idVegeLieu) VALUES(57);
INSERT INTO Lieu_Vegetation(idVegeLieu) VALUES(58);
INSERT INTO Lieu_Vegetation(idVegeLieu) VALUES(59);
INSERT INTO Lieu_Vegetation(idVegeLieu) VALUES(60);
INSERT INTO Lieu_Vegetation(idVegeLieu) VALUES(61);
INSERT INTO Lieu_Vegetation(idVegeLieu) VALUES(62);
INSERT INTO Lieu_Vegetation(idVegeLieu) VALUES(63);
INSERT INTO Lieu_Vegetation(idVegeLieu) VALUES(64);
INSERT INTO Lieu_Vegetation(idVegeLieu) VALUES(65);
INSERT INTO Lieu_Vegetation(idVegeLieu) VALUES(66);
INSERT INTO Lieu_Vegetation(idVegeLieu) VALUES(67);
INSERT INTO Lieu_Vegetation(idVegeLieu) VALUES(68);
INSERT INTO Lieu_Vegetation(idVegeLieu) VALUES(69);
INSERT INTO Lieu_Vegetation(idVegeLieu) VALUES(70);
INSERT INTO Lieu_Vegetation(idVegeLieu) VALUES(71);
INSERT INTO Lieu_Vegetation(idVegeLieu) VALUES(72);
INSERT INTO Lieu_Vegetation(idVegeLieu) VALUES(73);
INSERT INTO Lieu_Vegetation(idVegeLieu) VALUES(74);
INSERT INTO Lieu_Vegetation(idVegeLieu) VALUES(75);
INSERT INTO Lieu_Vegetation(idVegeLieu) VALUES(76);
INSERT INTO Lieu_Vegetation(idVegeLieu) VALUES(77);
INSERT INTO Lieu_Vegetation(idVegeLieu) VALUES(78);
INSERT INTO Lieu_Vegetation(idVegeLieu) VALUES(79);
INSERT INTO Lieu_Vegetation(idVegeLieu) VALUES(80);
INSERT INTO Lieu_Vegetation(idVegeLieu) VALUES(81);
INSERT INTO Lieu_Vegetation(idVegeLieu) VALUES(82);

INSERT INTO Vegetation values (1,'environnement','Prairie,Fourrés',1);
INSERT INTO Vegetation values (2,'environnement','Prairie',2);
INSERT INTO Vegetation values (3,'environnement','Prairie,Culture,Fourrés',3);
INSERT INTO Vegetation values (4,'environnement','Culture,Fourrés',4);
INSERT INTO Vegetation values (5,'environnement','Fourrés',5);
INSERT INTO Vegetation values (6,'environnement','Autres',6);
INSERT INTO Vegetation values (7,'environnement','Prairie',7);
INSERT INTO Vegetation values (8,'environnement','Autres ',8);
INSERT INTO Vegetation values (9,'environnement','Fourrés',9);
INSERT INTO Vegetation values (10,'environnement','Prairie,Culture',10);
INSERT INTO Vegetation values (11,'environnement','Culture,Fourrés',11);
INSERT INTO Vegetation values (12,'environnement','Culture,Fourrés,Autres ',12);
INSERT INTO Vegetation values (13,'environnement','Prairie',13);
INSERT INTO Vegetation values (14,'environnement','Fourrés',14);
INSERT INTO Vegetation values (15,'environnement','Prairie,Fourrés',15);
INSERT INTO Vegetation values (16,'environnement','Fourrés',16);
INSERT INTO Vegetation values (17,'environnement','Autres',17);
INSERT INTO Vegetation values (18,'environnement','Prairie,Culture',18);
INSERT INTO Vegetation values (19,'environnement','Prairie,Culture,Fourrés',19);
INSERT INTO Vegetation values (20,'environnement','Prairie',20);
INSERT INTO Vegetation values (21,'environnement','Autres',21);
INSERT INTO Vegetation values (22,'environnement','Culture',22);
INSERT INTO Vegetation values (23,'environnement','Culture,Fourrés',23);
INSERT INTO Vegetation values (24,'environnement','Prairie,Fourrés',24);
INSERT INTO Vegetation values (25,'environnement','Fourrés',25);
INSERT INTO Vegetation values (26,'environnement','Prairie,Fourrés,Autres',26);
INSERT INTO Vegetation values (27,'environnement','Prairie',27);
INSERT INTO Vegetation values (28,'environnement','Culture,Fourrés',28);
INSERT INTO Vegetation values (29,'environnement','Prairie,Fourrés',29);
INSERT INTO Vegetation values (30,'environnement','Prairie',30);
INSERT INTO Vegetation values (31,'environnement','Prairie,Culture,Fourrés',31);
INSERT INTO Vegetation values (32,'environnement','Prairie',32);
INSERT INTO Vegetation values (33,'environnement','Autres',33);
INSERT INTO Vegetation values (34,'environnement',null,34);
INSERT INTO Vegetation values (35,'environnement','Prairie,Fourrés',35);
INSERT INTO Vegetation values (36,'environnement','Fourrés',36);
INSERT INTO Vegetation values (37,'environnement','Prairie,Culture,Fourrés',37);
INSERT INTO Vegetation values (38,'environnement','Fourrés',38);
INSERT INTO Vegetation values (39,'environnement','Prairie',39);
INSERT INTO Vegetation values (40,'environnement','Prairie',40);
INSERT INTO Vegetation values (41,'environnement','Prairie,Autres',41);
INSERT INTO Vegetation values (42,'environnement','Autres',42);
INSERT INTO Vegetation values (43,'environnement','Prairie,Fourrés',43);
INSERT INTO Vegetation values (44,'environnement','Prairie,Fourrés',44);
INSERT INTO Vegetation values (45,'environnement','Prairie',45);
INSERT INTO Vegetation values (46,'environnement','Fourrés',46);
INSERT INTO Vegetation values (47,'environnement',null,47);
INSERT INTO Vegetation values (48,'environnement','Culture,Fourrés',48);
INSERT INTO Vegetation values (49,'environnement','Culture,Autres',49);
INSERT INTO Vegetation values (50,'environnement','Fourrés',50);
INSERT INTO Vegetation values (51,'environnement',null,51);
INSERT INTO Vegetation values (52,'environnement','Prairie',52);
INSERT INTO Vegetation values (53,'environnement','Fourrés,Autres ',53);
INSERT INTO Vegetation values (54,'environnement','Prairie,Fourrés',54);
INSERT INTO Vegetation values (55,'environnement',null,55);
INSERT INTO Vegetation values (56,'environnement','Prairie',56);
INSERT INTO Vegetation values (57,'environnement','Prairie,Culture,Fourrés',57);
INSERT INTO Vegetation values (58,'environnement',null,58);
INSERT INTO Vegetation values (59,'environnement','Prairie',59);
INSERT INTO Vegetation values (60,'environnement','Prairie,Fourrés',60);
INSERT INTO Vegetation values (61,'environnement','Prairie,Culture,Fourrés',61);
INSERT INTO Vegetation values (62,'environnement','Prairie',62);
INSERT INTO Vegetation values (63,'environnement','Autres',63);
INSERT INTO Vegetation values (64,'environnement','Prairie',64);
INSERT INTO Vegetation values (65,'environnement','Fourrés,Autres ',65);
INSERT INTO Vegetation values (66,'environnement','Prairie,Fourrés',66);
INSERT INTO Vegetation values (67,'environnement','Fourrés',67);
INSERT INTO Vegetation values (68,'environnement','Autres ',68);
INSERT INTO Vegetation values (69,'environnement','Fourrés,Autres ',69);
INSERT INTO Vegetation values (70,'environnement','Prairie,Fourrés,Autres',70);
INSERT INTO Vegetation values (71,'environnement','Culture,Autres ',71);
INSERT INTO Vegetation values (72,'environnement','Prairie,Autres ',72);
INSERT INTO Vegetation values (73,'environnement','Prairie,Fourrés',73);
INSERT INTO Vegetation values (74,'environnement','Prairie,Culture,Fourrés',74);
INSERT INTO Vegetation values (75,'environnement','Prairie,Fourrés',75);
INSERT INTO Vegetation values (76,'environnement','Prairie',76);
INSERT INTO Vegetation values (77,'environnement','Culture',77);
INSERT INTO Vegetation values (78,'environnement','Prairie,Culture,Fourrés',78);
INSERT INTO Vegetation values (79,'environnement','Autres',79);
INSERT INTO Vegetation values (80,'environnement','Culture,Autres ',80);
INSERT INTO Vegetation values (81,'environnement','Prairie,Fourrés',81);
INSERT INTO Vegetation values (82,'environnement','Autres',82);

INSERT INTO Vegetation values (83,'bordure','Fourré,Prairie',1);
INSERT INTO Vegetation values (84,'bordure','Fourré',2);
INSERT INTO Vegetation values (85,'bordure','Fourré,Prairie,Cultures',3);
INSERT INTO Vegetation values (86,'bordure','Prairie',4);
INSERT INTO Vegetation values (87,'bordure','Fourré',5);
INSERT INTO Vegetation values (88,'bordure','Autres ',6);
INSERT INTO Vegetation values (89,'bordure','Autres ',7);
INSERT INTO Vegetation values (90,'bordure','Autres ',8);
INSERT INTO Vegetation values (91,'bordure','Fourré',9);
INSERT INTO Vegetation values (92,'bordure','Fourré,Prairie,Cultures',10);
INSERT INTO Vegetation values (93,'bordure','Fourré',11);
INSERT INTO Vegetation values (94,'bordure','Fourré,Autres ',12);
INSERT INTO Vegetation values (95,'bordure','Roselière,Prairie',13);
INSERT INTO Vegetation values (96,'bordure','Fourré',14);
INSERT INTO Vegetation values (97,'bordure','Roselière,Fourré',15);
INSERT INTO Vegetation values (98,'bordure','Fourré',16);
INSERT INTO Vegetation values (99,'bordure','Fourré',17);
INSERT INTO Vegetation values (100,'bordure','Fourré',18);
INSERT INTO Vegetation values (101,'bordure','Fourré,Prairie',19);
INSERT INTO Vegetation values (102,'bordure','Fourré',20);
INSERT INTO Vegetation values (103,'bordure','Autres ',21);
INSERT INTO Vegetation values (104,'bordure','Fourré,Autres ',22);
INSERT INTO Vegetation values (105,'bordure','Fourré',23);
INSERT INTO Vegetation values (106,'bordure','Roselière,Autres',24);
INSERT INTO Vegetation values (107,'bordure','Fourré',25);
INSERT INTO Vegetation values (108,'bordure','Prairie',26);
INSERT INTO Vegetation values (109,'bordure','Fourré',27);
INSERT INTO Vegetation values (110,'bordure','Fourré,Cultures',28);
INSERT INTO Vegetation values (111,'bordure','Fourré,Prairie',29);
INSERT INTO Vegetation values (112,'bordure','Autres ',30);
INSERT INTO Vegetation values (113,'bordure','Fourré,Prairie,Cultures',31);
INSERT INTO Vegetation values (114,'bordure','Fourré',32);
INSERT INTO Vegetation values (115,'bordure','Fourré',33);
INSERT INTO Vegetation values (116,'bordure',null,34);
INSERT INTO Vegetation values (117,'bordure','Prairie',35);
INSERT INTO Vegetation values (118,'bordure','Roselière,Fourré,Autres',36);
INSERT INTO Vegetation values (119,'bordure','Fourré,Prairie,Cultures',37);
INSERT INTO Vegetation values (120,'bordure','Fourré',38);
INSERT INTO Vegetation values (121,'bordure','Prairie',39);
INSERT INTO Vegetation values (122,'bordure','Prairie',40);
INSERT INTO Vegetation values (123,'bordure','Autres ',41);
INSERT INTO Vegetation values (124,'bordure','Autres ',42);
INSERT INTO Vegetation values (125,'bordure','Roselière',43);
INSERT INTO Vegetation values (126,'bordure','Fourré',44);
INSERT INTO Vegetation values (127,'bordure','Prairie',45);
INSERT INTO Vegetation values (128,'bordure','Prairie',46);
INSERT INTO Vegetation values (129,'bordure',null,47);
INSERT INTO Vegetation values (130,'bordure','Cultures',48);
INSERT INTO Vegetation values (131,'bordure','Autres ',49);
INSERT INTO Vegetation values (132,'bordure','Fourré',50);
INSERT INTO Vegetation values (133,'bordure','Fourré,Autres ',51);
INSERT INTO Vegetation values (134,'bordure','Prairie',52);
INSERT INTO Vegetation values (135,'bordure','Fourré,Autres ',53);
INSERT INTO Vegetation values (136,'bordure','Fourré',54);
INSERT INTO Vegetation values (137,'bordure','Fourré',55);
INSERT INTO Vegetation values (138,'bordure','Prairie',56);
INSERT INTO Vegetation values (139,'bordure','Prairie,Cultures,Autres',57);
INSERT INTO Vegetation values (140,'bordure',null,58);
INSERT INTO Vegetation values (141,'bordure','Fourré,Prairie',59);
INSERT INTO Vegetation values (142,'bordure','Roselière,Fourré',60);
INSERT INTO Vegetation values (143,'bordure','Fourré,Prairie,Cultures',61);
INSERT INTO Vegetation values (144,'bordure','Fourré,Prairie',62);
INSERT INTO Vegetation values (145,'bordure','Roselière,Fourré',63);
INSERT INTO Vegetation values (146,'bordure','Prairie,Autres ',64);
INSERT INTO Vegetation values (147,'bordure','Fourré',65);
INSERT INTO Vegetation values (148,'bordure','Prairie',66);
INSERT INTO Vegetation values (149,'bordure','Roselière,Fourré',67);
INSERT INTO Vegetation values (150,'bordure','Autres',68);
INSERT INTO Vegetation values (151,'bordure','Fourré',69);
INSERT INTO Vegetation values (152,'bordure','Fourré,Prairie',70);
INSERT INTO Vegetation values (153,'bordure','Cultures',71);
INSERT INTO Vegetation values (154,'bordure','Prairie',72);
INSERT INTO Vegetation values (155,'bordure','Fourré,Prairie',73);
INSERT INTO Vegetation values (156,'bordure','Fourré',74);
INSERT INTO Vegetation values (157,'bordure','Fourré,Prairie',75);
INSERT INTO Vegetation values (158,'bordure','Fourré,Prairie',76);
INSERT INTO Vegetation values (159,'bordure','Fourré',77);
INSERT INTO Vegetation values (160,'bordure','Fourré',78);
INSERT INTO Vegetation values (161,'bordure','Autres',79);
INSERT INTO Vegetation values (162,'bordure','Fourré,Prairie',80);
INSERT INTO Vegetation values (163,'bordure','Fourré,Prairie',81);
INSERT INTO Vegetation values (164,'bordure','Roselière,Autres ',82);

INSERT INTO Vegetation values (165,'ripisyle','Herbacée,Arbustive',1);
INSERT INTO Vegetation values (166,'ripisyle','Arbustive',2);
INSERT INTO Vegetation values (167,'ripisyle','Herbacée',3);
INSERT INTO Vegetation values (168,'ripisyle','Herbacée,Arbustive',4);
INSERT INTO Vegetation values (169,'ripisyle','Arbustive',5);
INSERT INTO Vegetation values (170,'ripisyle',null,6);
INSERT INTO Vegetation values (171,'ripisyle','Herbacée',7);
INSERT INTO Vegetation values (172,'ripisyle','Herbacée',8);
INSERT INTO Vegetation values (173,'ripisyle','Arbustive,Arborhée',9);
INSERT INTO Vegetation values (174,'ripisyle','Herbacée,Arbustive',10);
INSERT INTO Vegetation values (175,'ripisyle','Herbacée',11);
INSERT INTO Vegetation values (176,'ripisyle','Herbacée',12);
INSERT INTO Vegetation values (177,'ripisyle','Herbacée',13);
INSERT INTO Vegetation values (178,'ripisyle','Arbustive,Arborhée',14);
INSERT INTO Vegetation values (179,'ripisyle','Herbacée,Arbustive',15);
INSERT INTO Vegetation values (180,'ripisyle','Arbustive',16);
INSERT INTO Vegetation values (181,'ripisyle','Herbacée,Arborhée',17);
INSERT INTO Vegetation values (182,'ripisyle',null,18);
INSERT INTO Vegetation values (183,'ripisyle','Herbacée,Arbustive,Arborhée',19);
INSERT INTO Vegetation values (184,'ripisyle','Herbacée',20);
INSERT INTO Vegetation values (185,'ripisyle','Herbacée',21);
INSERT INTO Vegetation values (186,'ripisyle','Arbustive,Arborhée',22);
INSERT INTO Vegetation values (187,'ripisyle',null,23);
INSERT INTO Vegetation values (188,'ripisyle','Herbacée',24);
INSERT INTO Vegetation values (189,'ripisyle','Arborhée',25);
INSERT INTO Vegetation values (190,'ripisyle','Herbacée',26);
INSERT INTO Vegetation values (191,'ripisyle',null,27);
INSERT INTO Vegetation values (192,'ripisyle',null,28);
INSERT INTO Vegetation values (193,'ripisyle','Arbustive,Arborhée',29);
INSERT INTO Vegetation values (194,'ripisyle','Arborhée',30);
INSERT INTO Vegetation values (195,'ripisyle','Herbacée,Arbustive',31);
INSERT INTO Vegetation values (196,'ripisyle','Herbacée',32);
INSERT INTO Vegetation values (197,'ripisyle','Herbacée',33);
INSERT INTO Vegetation values (198,'ripisyle',null,34);
INSERT INTO Vegetation values (199,'ripisyle','Herbacée',35);
INSERT INTO Vegetation values (200,'ripisyle','Herbacée,Arbustive',36);
INSERT INTO Vegetation values (201,'ripisyle','Herbacée,Arborhée',37);
INSERT INTO Vegetation values (202,'ripisyle','Arborhée',38);
INSERT INTO Vegetation values (203,'ripisyle','Arbustive,Arborhée',39);
INSERT INTO Vegetation values (204,'ripisyle','Herbacée,Arbustive',40);
INSERT INTO Vegetation values (205,'ripisyle','Arbustive,Arborhée',41);
INSERT INTO Vegetation values (206,'ripisyle','Arborhée',42);
INSERT INTO Vegetation values (207,'ripisyle','Herbacée,Arbustive',43);
INSERT INTO Vegetation values (208,'ripisyle','Herbacée,Arbustive,Arborhée',44);
INSERT INTO Vegetation values (209,'ripisyle','Herbacée,Arbustive',45);
INSERT INTO Vegetation values (210,'ripisyle','Herbacée,Arbustive',46);
INSERT INTO Vegetation values (211,'ripisyle',null,47);
INSERT INTO Vegetation values (212,'ripisyle','Herbacée',48);
INSERT INTO Vegetation values (213,'ripisyle','Arborhée',49);
INSERT INTO Vegetation values (214,'ripisyle','Arbustive,Arborhée',50);
INSERT INTO Vegetation values (215,'ripisyle','Herbacée',51);
INSERT INTO Vegetation values (216,'ripisyle','Herbacée',52);
INSERT INTO Vegetation values (217,'ripisyle','Arbustive,Arborhée',53);
INSERT INTO Vegetation values (218,'ripisyle','Herbacée,Arbustive,Arborhée',54);
INSERT INTO Vegetation values (219,'ripisyle','Arbustive',55);
INSERT INTO Vegetation values (220,'ripisyle','Herbacée',56);
INSERT INTO Vegetation values (221,'ripisyle','Herbacée,Arbustive',57);
INSERT INTO Vegetation values (222,'ripisyle',null,58);
INSERT INTO Vegetation values (223,'ripisyle','Herbacée,Arbustive',59);
INSERT INTO Vegetation values (224,'ripisyle','Herbacée',60);
INSERT INTO Vegetation values (225,'ripisyle','Herbacée',61);
INSERT INTO Vegetation values (226,'ripisyle','Herbacée,Arbustive',62);
INSERT INTO Vegetation values (227,'ripisyle','Herbacée',63);
INSERT INTO Vegetation values (228,'ripisyle','Arbustive',64);
INSERT INTO Vegetation values (229,'ripisyle','Arbustive',65);
INSERT INTO Vegetation values (230,'ripisyle','Herbacée',66);
INSERT INTO Vegetation values (231,'ripisyle','Arbustive,Arborhée',67);
INSERT INTO Vegetation values (232,'ripisyle','Herbacée',68);
INSERT INTO Vegetation values (233,'ripisyle','Arbustive',69);
INSERT INTO Vegetation values (234,'ripisyle',null,70);
INSERT INTO Vegetation values (235,'ripisyle',null,71);
INSERT INTO Vegetation values (236,'ripisyle','Herbacée',72);
INSERT INTO Vegetation values (237,'ripisyle','Arbustive,Arborhée',73);
INSERT INTO Vegetation values (238,'ripisyle',null,74);
INSERT INTO Vegetation values (239,'ripisyle','Arbustive,Arborhée',75);
INSERT INTO Vegetation values (240,'ripisyle','Herbacée',76);
INSERT INTO Vegetation values (241,'ripisyle','Arbustive',77);
INSERT INTO Vegetation values (242,'ripisyle',null,78);
INSERT INTO Vegetation values (243,'ripisyle','Arborhée',79);
INSERT INTO Vegetation values (244,'ripisyle','Arbustive',80);
INSERT INTO Vegetation values (245,'ripisyle','Herbacée,Arbustive',81);
INSERT INTO Vegetation values (246,'ripisyle','Arborhée',82);

INSERT INTO ZoneHumide (zh_id, zh_temporaire, zh_profondeur, zh_surface, zh_typeMare, zh_pente, zh_ouverture) VALUES(1, 1, 60, 100, 'Prairie', 'Douce', 'Abritee');
INSERT INTO ZoneHumide (zh_id, zh_temporaire, zh_profondeur, zh_surface, zh_typeMare, zh_pente, zh_ouverture) VALUES(2, 1, 15, 20, NULL, 'Abrupte', 'Abritee');
INSERT INTO ZoneHumide (zh_id, zh_temporaire, zh_profondeur, zh_surface, zh_typeMare, zh_pente, zh_ouverture) VALUES(3, 1, 40, 25, NULL, 'Douce', NULL);
INSERT INTO ZoneHumide (zh_id, zh_temporaire, zh_profondeur, zh_surface, zh_typeMare, zh_pente, zh_ouverture) VALUES(4, 1, NULL , NULL ,  NULL, NULL, 'Ouverte');
INSERT INTO ZoneHumide (zh_id, zh_temporaire, zh_profondeur, zh_surface, zh_typeMare, zh_pente, zh_ouverture) VALUES(5, 0, 100, 100, 'Etang', 'Douce', NULL);
INSERT INTO ZoneHumide (zh_id, zh_temporaire, zh_profondeur, zh_surface, zh_typeMare, zh_pente, zh_ouverture) VALUES(6, 1, NULL , NULL ,  NULL, NULL, 'Abritee');
INSERT INTO ZoneHumide (zh_id, zh_temporaire, zh_profondeur, zh_surface, zh_typeMare, zh_pente, zh_ouverture) VALUES(7, 1, 10, 50, NULL, 'Douce', 'Abritee');
INSERT INTO ZoneHumide (zh_id, zh_temporaire, zh_profondeur, zh_surface, zh_typeMare, zh_pente, zh_ouverture) VALUES(8, 1, 50, 4, NULL, NULL, 'Abritee');
INSERT INTO ZoneHumide (zh_id, zh_temporaire, zh_profondeur, zh_surface, zh_typeMare, zh_pente, zh_ouverture) VALUES(9, 0, 50, 4, NULL, 'Raide', 'Abritee');
INSERT INTO ZoneHumide (zh_id, zh_temporaire, zh_profondeur, zh_surface, zh_typeMare, zh_pente, zh_ouverture) VALUES(10, 1, NULL , NULL ,  'Prairie', NULL, 'Abritee');
INSERT INTO ZoneHumide (zh_id, zh_temporaire, zh_profondeur, zh_surface, zh_typeMare, zh_pente, zh_ouverture) VALUES(11, 1, 40, NULL ,  NULL, 'Douce', 'Ouverte');
INSERT INTO ZoneHumide (zh_id, zh_temporaire, zh_profondeur, zh_surface, zh_typeMare, zh_pente, zh_ouverture) VALUES(12, 0, 100, 150, NULL, 'Abrupte', 'Ouverte');
INSERT INTO ZoneHumide (zh_id, zh_temporaire, zh_profondeur, zh_surface, zh_typeMare, zh_pente, zh_ouverture) VALUES(13, 0, 70, 20, 'Mare', 'Douce', 'Ouverte');
INSERT INTO ZoneHumide (zh_id, zh_temporaire, zh_profondeur, zh_surface, zh_typeMare, zh_pente, zh_ouverture) VALUES(14, 0, 60, 8, NULL, 'Douce', 'Abritee');
INSERT INTO ZoneHumide (zh_id, zh_temporaire, zh_profondeur, zh_surface, zh_typeMare, zh_pente, zh_ouverture) VALUES(15, 0, 130, 300, 'Etang', 'Douce', 'Ouverte');
INSERT INTO ZoneHumide (zh_id, zh_temporaire, zh_profondeur, zh_surface, zh_typeMare, zh_pente, zh_ouverture) VALUES(16, 0, 60, 75, 'Marais', 'Douce', 'Abritee');
INSERT INTO ZoneHumide (zh_id, zh_temporaire, zh_profondeur, zh_surface, zh_typeMare, zh_pente, zh_ouverture) VALUES(17, 1, 40, 70, 'Mare', NULL, 'Abritee');
INSERT INTO ZoneHumide (zh_id, zh_temporaire, zh_profondeur, zh_surface, zh_typeMare, zh_pente, zh_ouverture) VALUES(18, 1, 10, 100, 'Prairie', 'Douce', 'Ouverte');
INSERT INTO ZoneHumide (zh_id, zh_temporaire, zh_profondeur, zh_surface, zh_typeMare, zh_pente, zh_ouverture) VALUES(19, 0, 40, 30, 'Mare', 'Douce', NULL);
INSERT INTO ZoneHumide (zh_id, zh_temporaire, zh_profondeur, zh_surface, zh_typeMare, zh_pente, zh_ouverture) VALUES(20, 1, 5, 20, NULL, 'Douce', NULL);
INSERT INTO ZoneHumide (zh_id, zh_temporaire, zh_profondeur, zh_surface, zh_typeMare, zh_pente, zh_ouverture) VALUES(21, 1, 50, 2, NULL, 'Raide', NULL);
INSERT INTO ZoneHumide (zh_id, zh_temporaire, zh_profondeur, zh_surface, zh_typeMare, zh_pente, zh_ouverture) VALUES(22, 0, NULL , NULL ,  NULL, NULL, 'Abritee');
INSERT INTO ZoneHumide (zh_id, zh_temporaire, zh_profondeur, zh_surface, zh_typeMare, zh_pente, zh_ouverture) VALUES(23, 0, 30, 100, NULL, 'Douce', 'Abritee');
INSERT INTO ZoneHumide (zh_id, zh_temporaire, zh_profondeur, zh_surface, zh_typeMare, zh_pente, zh_ouverture) VALUES(24, 0, 150, 40, 'Mare', 'Douce', 'Abritee');
INSERT INTO ZoneHumide (zh_id, zh_temporaire, zh_profondeur, zh_surface, zh_typeMare, zh_pente, zh_ouverture) VALUES(25, 1, 30, 20, NULL, 'Abrupte', 'Abritee');
INSERT INTO ZoneHumide (zh_id, zh_temporaire, zh_profondeur, zh_surface, zh_typeMare, zh_pente, zh_ouverture) VALUES(26, 1, 50, NULL ,  NULL, 'Douce', 'Ouverte');
INSERT INTO ZoneHumide (zh_id, zh_temporaire, zh_profondeur, zh_surface, zh_typeMare, zh_pente, zh_ouverture) VALUES(27, 1, 0, 0, NULL, 'Abrupte', 'Abritee');
INSERT INTO ZoneHumide (zh_id, zh_temporaire, zh_profondeur, zh_surface, zh_typeMare, zh_pente, zh_ouverture) VALUES(28, 1, 0, 0, NULL, 'Douce', 'Abritee');
INSERT INTO ZoneHumide (zh_id, zh_temporaire, zh_profondeur, zh_surface, zh_typeMare, zh_pente, zh_ouverture) VALUES(29, 1, 40, 30, 'Mare', 'Douce', NULL);
INSERT INTO ZoneHumide (zh_id, zh_temporaire, zh_profondeur, zh_surface, zh_typeMare, zh_pente, zh_ouverture) VALUES(30, 1, 20, 5, 'Mare', NULL, 'Ouverte');
INSERT INTO ZoneHumide (zh_id, zh_temporaire, zh_profondeur, zh_surface, zh_typeMare, zh_pente, zh_ouverture) VALUES(31, 1, NULL , NULL ,  NULL, NULL, 'Ouverte');
INSERT INTO ZoneHumide (zh_id, zh_temporaire, zh_profondeur, zh_surface, zh_typeMare, zh_pente, zh_ouverture) VALUES(32, 0, 100, 1000, 'Marais', 'Douce', 'Ouverte');
INSERT INTO ZoneHumide (zh_id, zh_temporaire, zh_profondeur, zh_surface, zh_typeMare, zh_pente, zh_ouverture) VALUES(33, 1, 30, 20, NULL, 'Douce', NULL);
INSERT INTO ZoneHumide (zh_id, zh_temporaire, zh_profondeur, zh_surface, zh_typeMare, zh_pente, zh_ouverture) VALUES(34, 0, NULL , NULL ,  NULL, NULL, NULL);
INSERT INTO ZoneHumide (zh_id, zh_temporaire, zh_profondeur, zh_surface, zh_typeMare, zh_pente, zh_ouverture) VALUES(35, 1, 50, 25, 'Prairie', 'Douce', 'Ouverte');
INSERT INTO ZoneHumide (zh_id, zh_temporaire, zh_profondeur, zh_surface, zh_typeMare, zh_pente, zh_ouverture) VALUES(36, 0, 50, 1000, 'Marais', 'Douce', 'Ouverte');
INSERT INTO ZoneHumide (zh_id, zh_temporaire, zh_profondeur, zh_surface, zh_typeMare, zh_pente, zh_ouverture) VALUES(37, 0, 40, 200, 'Marais', 'Douce', 'Abritee');
INSERT INTO ZoneHumide (zh_id, zh_temporaire, zh_profondeur, zh_surface, zh_typeMare, zh_pente, zh_ouverture) VALUES(38, 1, 20, 5, 'Marais', 'Douce', NULL);
INSERT INTO ZoneHumide (zh_id, zh_temporaire, zh_profondeur, zh_surface, zh_typeMare, zh_pente, zh_ouverture) VALUES(39, 0, NULL , NULL ,  NULL, NULL, 'Abritee');
INSERT INTO ZoneHumide (zh_id, zh_temporaire, zh_profondeur, zh_surface, zh_typeMare, zh_pente, zh_ouverture) VALUES(40, 0, 40, 100, 'Marais', 'Douce', 'Ouverte');
INSERT INTO ZoneHumide (zh_id, zh_temporaire, zh_profondeur, zh_surface, zh_typeMare, zh_pente, zh_ouverture) VALUES(41, 1, NULL , NULL ,  NULL, NULL, 'Abritee');
INSERT INTO ZoneHumide (zh_id, zh_temporaire, zh_profondeur, zh_surface, zh_typeMare, zh_pente, zh_ouverture) VALUES(42, 1, 50, 16, NULL, 'Douce', NULL);
INSERT INTO ZoneHumide (zh_id, zh_temporaire, zh_profondeur, zh_surface, zh_typeMare, zh_pente, zh_ouverture) VALUES(43, 0, 200, 5000, 'Marais', 'Douce', 'Abritee');
INSERT INTO ZoneHumide (zh_id, zh_temporaire, zh_profondeur, zh_surface, zh_typeMare, zh_pente, zh_ouverture) VALUES(44, 0, NULL , NULL ,  'Marais', NULL, 'Abritee');
INSERT INTO ZoneHumide (zh_id, zh_temporaire, zh_profondeur, zh_surface, zh_typeMare, zh_pente, zh_ouverture) VALUES(45, 0, 40, 100, 'Marais', 'Douce', 'Ouverte');
INSERT INTO ZoneHumide (zh_id, zh_temporaire, zh_profondeur, zh_surface, zh_typeMare, zh_pente, zh_ouverture) VALUES(46, 0, 20, 300, 'Marais', 'Douce', 'Abritee');
INSERT INTO ZoneHumide (zh_id, zh_temporaire, zh_profondeur, zh_surface, zh_typeMare, zh_pente, zh_ouverture) VALUES(47, 0, NULL , NULL ,  NULL, NULL, NULL);
INSERT INTO ZoneHumide (zh_id, zh_temporaire, zh_profondeur, zh_surface, zh_typeMare, zh_pente, zh_ouverture) VALUES(48, 1, 50, 10, NULL, 'Douce', 'Ouverte');
INSERT INTO ZoneHumide (zh_id, zh_temporaire, zh_profondeur, zh_surface, zh_typeMare, zh_pente, zh_ouverture) VALUES(49, 0, 100, 100, 'Marais', 'Douce', 'Abritee');
INSERT INTO ZoneHumide (zh_id, zh_temporaire, zh_profondeur, zh_surface, zh_typeMare, zh_pente, zh_ouverture) VALUES(50, 1, 50, 30, 'Mare', 'Douce', 'Abritee');
INSERT INTO ZoneHumide (zh_id, zh_temporaire, zh_profondeur, zh_surface, zh_typeMare, zh_pente, zh_ouverture) VALUES(51, 0, 15, 9, NULL, 'Douce', 'Ouverte');
INSERT INTO ZoneHumide (zh_id, zh_temporaire, zh_profondeur, zh_surface, zh_typeMare, zh_pente, zh_ouverture) VALUES(52, 0, 200, 2000, 'Etang', 'Abrupte', 'Ouverte');
INSERT INTO ZoneHumide (zh_id, zh_temporaire, zh_profondeur, zh_surface, zh_typeMare, zh_pente, zh_ouverture) VALUES(53, 0, 50, 60, 'Mare', 'Douce', 'Abritee');
INSERT INTO ZoneHumide (zh_id, zh_temporaire, zh_profondeur, zh_surface, zh_typeMare, zh_pente, zh_ouverture) VALUES(54, 1, NULL , NULL ,  'Prairie', NULL, 'Abritee');
INSERT INTO ZoneHumide (zh_id, zh_temporaire, zh_profondeur, zh_surface, zh_typeMare, zh_pente, zh_ouverture) VALUES(55, 1, 50, 50, 'Mare', 'Douce', 'Abritee');
INSERT INTO ZoneHumide (zh_id, zh_temporaire, zh_profondeur, zh_surface, zh_typeMare, zh_pente, zh_ouverture) VALUES(56, 1, 30, 240, NULL, 'Douce', NULL);
INSERT INTO ZoneHumide (zh_id, zh_temporaire, zh_profondeur, zh_surface, zh_typeMare, zh_pente, zh_ouverture) VALUES(57, 1, 50, 25, NULL, 'Douce', 'Abritee');
INSERT INTO ZoneHumide (zh_id, zh_temporaire, zh_profondeur, zh_surface, zh_typeMare, zh_pente, zh_ouverture) VALUES(58, 0, NULL , NULL ,  NULL, NULL, NULL);
INSERT INTO ZoneHumide (zh_id, zh_temporaire, zh_profondeur, zh_surface, zh_typeMare, zh_pente, zh_ouverture) VALUES(59, 1, 10, 80, 'Prairie', 'Douce', 'Ouverte');
INSERT INTO ZoneHumide (zh_id, zh_temporaire, zh_profondeur, zh_surface, zh_typeMare, zh_pente, zh_ouverture) VALUES(60, 0, 30, 60, 'Etang', 'Douce', 'Ouverte');
INSERT INTO ZoneHumide (zh_id, zh_temporaire, zh_profondeur, zh_surface, zh_typeMare, zh_pente, zh_ouverture) VALUES(61, 1, 2-3, 100, 'Marais', 'Abrupte', 'Ouverte');
INSERT INTO ZoneHumide (zh_id, zh_temporaire, zh_profondeur, zh_surface, zh_typeMare, zh_pente, zh_ouverture) VALUES(62, 0, NULL , NULL ,  'Mare', NULL, 'Ouverte');
INSERT INTO ZoneHumide (zh_id, zh_temporaire, zh_profondeur, zh_surface, zh_typeMare, zh_pente, zh_ouverture) VALUES(63, 0, 100, 30, 'Mare', 'Douce', 'Ouverte');
INSERT INTO ZoneHumide (zh_id, zh_temporaire, zh_profondeur, zh_surface, zh_typeMare, zh_pente, zh_ouverture) VALUES(64, 0, NULL , NULL ,  'Marais', NULL, 'Abritee');
INSERT INTO ZoneHumide (zh_id, zh_temporaire, zh_profondeur, zh_surface, zh_typeMare, zh_pente, zh_ouverture) VALUES(65, 0, 100, 1000, 'Marais', 'Abrupte', 'Ouverte');
INSERT INTO ZoneHumide (zh_id, zh_temporaire, zh_profondeur, zh_surface, zh_typeMare, zh_pente, zh_ouverture) VALUES(66, 1, 5, 500, 'Prairie', NULL, NULL);
INSERT INTO ZoneHumide (zh_id, zh_temporaire, zh_profondeur, zh_surface, zh_typeMare, zh_pente, zh_ouverture) VALUES(67, 0, 60, 100, 'Etang', 'Douce', 'Abritee');
INSERT INTO ZoneHumide (zh_id, zh_temporaire, zh_profondeur, zh_surface, zh_typeMare, zh_pente, zh_ouverture) VALUES(68, 0, 50, 15, 'Mare', 'Douce', 'Ouverte');
INSERT INTO ZoneHumide (zh_id, zh_temporaire, zh_profondeur, zh_surface, zh_typeMare, zh_pente, zh_ouverture) VALUES(69, 0, 20, 15, 'Marais', 'Douce', 'Abritee');
INSERT INTO ZoneHumide (zh_id, zh_temporaire, zh_profondeur, zh_surface, zh_typeMare, zh_pente, zh_ouverture) VALUES(70, 1, 50, 100, 'Marais', 'Abrupte', 'Abritee');
INSERT INTO ZoneHumide (zh_id, zh_temporaire, zh_profondeur, zh_surface, zh_typeMare, zh_pente, zh_ouverture) VALUES(71, 1, 0, 0, 'Prairie', 'Douce', 'Abritee');
INSERT INTO ZoneHumide (zh_id, zh_temporaire, zh_profondeur, zh_surface, zh_typeMare, zh_pente, zh_ouverture) VALUES(72, 0, NULL ,  130, 'Mare', NULL, 'Abritee');
INSERT INTO ZoneHumide (zh_id, zh_temporaire, zh_profondeur, zh_surface, zh_typeMare, zh_pente, zh_ouverture) VALUES(73, 1, 15, 100, 'Prairie', 'Douce', 'Abritee');
INSERT INTO ZoneHumide (zh_id, zh_temporaire, zh_profondeur, zh_surface, zh_typeMare, zh_pente, zh_ouverture) VALUES(74, 1, 30, 30, 'Prairie', 'Douce', 'Abritee');
INSERT INTO ZoneHumide (zh_id, zh_temporaire, zh_profondeur, zh_surface, zh_typeMare, zh_pente, zh_ouverture) VALUES(75, 0, 30, 200, 'Marais', NULL, 'Abritee');
INSERT INTO ZoneHumide (zh_id, zh_temporaire, zh_profondeur, zh_surface, zh_typeMare, zh_pente, zh_ouverture) VALUES(76, 1, 30, 15, 'Prairie', 'Douce', 'Abritee');
INSERT INTO ZoneHumide (zh_id, zh_temporaire, zh_profondeur, zh_surface, zh_typeMare, zh_pente, zh_ouverture) VALUES(77, 1, 20, 20, 'Marais', 'Douce', 'Ouverte');
INSERT INTO ZoneHumide (zh_id, zh_temporaire, zh_profondeur, zh_surface, zh_typeMare, zh_pente, zh_ouverture) VALUES(78, 1, 0, 0, 'Prairie', 'Douce', 'Abritee');
INSERT INTO ZoneHumide (zh_id, zh_temporaire, zh_profondeur, zh_surface, zh_typeMare, zh_pente, zh_ouverture) VALUES(79, 0, NULL ,  1000, 'Etang', NULL, 'Abritee');
INSERT INTO ZoneHumide (zh_id, zh_temporaire, zh_profondeur, zh_surface, zh_typeMare, zh_pente, zh_ouverture) VALUES(80, 1, 20, 40, 'Marais', NULL, 'Abritee');
INSERT INTO ZoneHumide (zh_id, zh_temporaire, zh_profondeur, zh_surface, zh_typeMare, zh_pente, zh_ouverture) VALUES(81, 0, 50, 25, 'Marais', 'Douce', 'Abritee');
INSERT INTO ZoneHumide (zh_id, zh_temporaire, zh_profondeur, zh_surface, zh_typeMare, zh_pente, zh_ouverture) VALUES(82, 0, 1, 100, 'Marais', NULL, 'Abritee');



INSERT INTO Obs_Batracien (obsB, espece, nombreAdultes, nombreAmplexus, nombrePonte, nombreTetard, temperature, meteo_ciel, meteo_temp, meteo_vent, meteo_pluie,concerne_ZH,concernes_vege) VALUES (1,'calamite', 0, 0, 0, 0, 7, 'dégagé', null, 'léger'  , 'non',1,1 );
INSERT INTO Obs_Batracien (obsB, espece, nombreAdultes, nombreAmplexus, nombrePonte, nombreTetard, temperature, meteo_ciel, meteo_temp, meteo_vent, meteo_pluie,concerne_ZH,concernes_vege) VALUES(2,'calamite', 0, 0, 0, 0, 8, 'nuageux', null, null  , 'non' ,2,2);
INSERT INTO Obs_Batracien (obsB, espece, nombreAdultes, nombreAmplexus, nombrePonte, nombreTetard, temperature, meteo_ciel, meteo_temp, meteo_vent, meteo_pluie,concerne_ZH,concernes_vege) VALUES(3,'calamite', 3, 0, 0, 0, 8, 'dégagé', null, null  , 'non' ,3,3);
INSERT INTO Obs_Batracien (obsB, espece, nombreAdultes, nombreAmplexus, nombrePonte, nombreTetard, temperature, meteo_ciel, meteo_temp, meteo_vent, meteo_pluie,concerne_ZH,concernes_vege) VALUES(4,'calamite', 0, 0, 0, 0, 2, null, 'froid', 'moyen'  , 'non' ,4,4);
INSERT INTO Obs_Batracien (obsB, espece, nombreAdultes, nombreAmplexus, nombrePonte, nombreTetard, temperature, meteo_ciel, meteo_temp, meteo_vent, meteo_pluie,concerne_ZH,concernes_vege) VALUES(5,'calamite', 0, 0, 0, 0, 6, 'nuageux', null, 'moyen'  , 'non' ,5,5);
INSERT INTO Obs_Batracien (obsB, espece, nombreAdultes, nombreAmplexus, nombrePonte, nombreTetard, temperature, meteo_ciel, meteo_temp, meteo_vent, meteo_pluie,concerne_ZH,concernes_vege) VALUES(6,'calamite', 0, 0, 0, 0, 6, 'nuageux', null, null  , 'non' ,6,6);
INSERT INTO Obs_Batracien (obsB, espece, nombreAdultes, nombreAmplexus, nombrePonte, nombreTetard, temperature, meteo_ciel, meteo_temp, meteo_vent, meteo_pluie,concerne_ZH,concernes_vege) VALUES(7,'calamite', 0, 0, 0, 0, 4, 'nuageux', null, null  , 'non' ,7,7);
INSERT INTO Obs_Batracien (obsB, espece, nombreAdultes, nombreAmplexus, nombrePonte, nombreTetard, temperature, meteo_ciel, meteo_temp, meteo_vent, meteo_pluie,concerne_ZH,concernes_vege) VALUES(8,'calamite', 0, 0, 0, 0, 8, 'nuageux', null, null  , 'non' ,8,8);
INSERT INTO Obs_Batracien (obsB, espece, nombreAdultes, nombreAmplexus, nombrePonte, nombreTetard, temperature, meteo_ciel, meteo_temp, meteo_vent, meteo_pluie,concerne_ZH,concernes_vege) VALUES(9,'calamite', null, null, null, null, null, null, null, null  , 'non' ,9,9);
INSERT INTO Obs_Batracien (obsB, espece, nombreAdultes, nombreAmplexus, nombrePonte, nombreTetard, temperature, meteo_ciel, meteo_temp, meteo_vent, meteo_pluie,concerne_ZH,concernes_vege) VALUES(10,'calamite', 1, 0, 0, 0, 7, 'nuageux', null, null  , 'non' ,10,10);
INSERT INTO Obs_Batracien (obsB, espece, nombreAdultes, nombreAmplexus, nombrePonte, nombreTetard, temperature, meteo_ciel, meteo_temp, meteo_vent, meteo_pluie,concerne_ZH,concernes_vege) VALUES(11,'calamite', 0, 0, 0, 0, null, 'dégagé', null, null  , 'non' ,11,11);
INSERT INTO Obs_Batracien (obsB, espece, nombreAdultes, nombreAmplexus, nombrePonte, nombreTetard, temperature, meteo_ciel, meteo_temp, meteo_vent, meteo_pluie,concerne_ZH,concernes_vege) VALUES(12,'calamite', 0, 0, 0, 0, 5, 'semi-dégagé', null, null  , 'non' ,12,12);
INSERT INTO Obs_Batracien (obsB, espece, nombreAdultes, nombreAmplexus, nombrePonte, nombreTetard, temperature, meteo_ciel, meteo_temp, meteo_vent, meteo_pluie,concerne_ZH,concernes_vege) VALUES(13,'calamite', 0, 0, 0, 0, 6, 'nuageux', null, 'moyen'  , 'non' ,13,13);
INSERT INTO Obs_Batracien (obsB, espece, nombreAdultes, nombreAmplexus, nombrePonte, nombreTetard, temperature, meteo_ciel, meteo_temp, meteo_vent, meteo_pluie,concerne_ZH,concernes_vege) VALUES(14,'calamite', null,null ,null ,null , null, null, null, null  , 'non' ,14,14);
INSERT INTO Obs_Batracien (obsB, espece, nombreAdultes, nombreAmplexus, nombrePonte, nombreTetard, temperature, meteo_ciel, meteo_temp, meteo_vent, meteo_pluie,concerne_ZH,concernes_vege) VALUES(15,'calamite', 0, 0, 0, 0, 8, 'nuageux', null, null  , 'non' ,15,15);
INSERT INTO Obs_Batracien (obsB, espece, nombreAdultes, nombreAmplexus, nombrePonte, nombreTetard, temperature, meteo_ciel, meteo_temp, meteo_vent, meteo_pluie,concerne_ZH,concernes_vege) VALUES(16,'calamite', null, null, null, null, null, null, null, null  , 'non' ,16,16);
INSERT INTO Obs_Batracien (obsB, espece, nombreAdultes, nombreAmplexus, nombrePonte, nombreTetard, temperature, meteo_ciel, meteo_temp, meteo_vent, meteo_pluie,concerne_ZH,concernes_vege) VALUES(17,'calamite', 0, 0, 0, 0, 7, 'dégagé', null, null  , 'non' ,17,17);
INSERT INTO Obs_Batracien (obsB, espece, nombreAdultes, nombreAmplexus, nombrePonte, nombreTetard, temperature, meteo_ciel, meteo_temp, meteo_vent, meteo_pluie,concerne_ZH,concernes_vege) VALUES(18,'calamite', 0, 0, 0, 0, 6, 'dégagé', null, 'moyen'  , 'non' ,18,18);
INSERT INTO Obs_Batracien (obsB, espece, nombreAdultes, nombreAmplexus, nombrePonte, nombreTetard, temperature, meteo_ciel, meteo_temp, meteo_vent, meteo_pluie,concerne_ZH,concernes_vege) VALUES(19,'calamite', 1, 0, 0, 0, 8, 'dégagé', null, null  , 'non' ,19,19);
INSERT INTO Obs_Batracien (obsB, espece, nombreAdultes, nombreAmplexus, nombrePonte, nombreTetard, temperature, meteo_ciel, meteo_temp, meteo_vent, meteo_pluie,concerne_ZH,concernes_vege) VALUES(20,'calamite', 0, 0, 0, 0, 4, 'nuageux', null, null  , 'non' ,20,20);
INSERT INTO Obs_Batracien (obsB, espece, nombreAdultes, nombreAmplexus, nombrePonte, nombreTetard, temperature, meteo_ciel, meteo_temp, meteo_vent, meteo_pluie,concerne_ZH,concernes_vege) VALUES(21,'calamite', 0, 0, 0, 0, 8, 'nuageux', null, 'moyen'  , 'non' ,21,21);
INSERT INTO Obs_Batracien (obsB, espece, nombreAdultes, nombreAmplexus, nombrePonte, nombreTetard, temperature, meteo_ciel, meteo_temp, meteo_vent, meteo_pluie,concerne_ZH,concernes_vege) VALUES(22,'calamite', 0, 0, 0, 0, 6, 'dégagé', null, null  , 'non' ,22,22);
INSERT INTO Obs_Batracien (obsB, espece, nombreAdultes, nombreAmplexus, nombrePonte, nombreTetard, temperature, meteo_ciel, meteo_temp, meteo_vent, meteo_pluie,concerne_ZH,concernes_vege) VALUES(23,'calamite', null, null, null, null, null, null, null, null  , 'non' ,23,23);
INSERT INTO Obs_Batracien (obsB, espece, nombreAdultes, nombreAmplexus, nombrePonte, nombreTetard, temperature, meteo_ciel, meteo_temp, meteo_vent, meteo_pluie,concerne_ZH,concernes_vege) VALUES(24,'calamite', 1, 0, 0, 0, 8, 'semi-dégagé', null, null  , 'non' ,24,24);
INSERT INTO Obs_Batracien (obsB, espece, nombreAdultes, nombreAmplexus, nombrePonte, nombreTetard, temperature, meteo_ciel, meteo_temp, meteo_vent, meteo_pluie,concerne_ZH,concernes_vege) VALUES(25,'calamite', 0, 0, 0, 0, 7, 'dégagé', null, null  , 'non' ,25,25);
INSERT INTO Obs_Batracien (obsB, espece, nombreAdultes, nombreAmplexus, nombrePonte, nombreTetard, temperature, meteo_ciel, meteo_temp, meteo_vent, meteo_pluie,concerne_ZH,concernes_vege) VALUES(26,'calamite', 0, 0, 0, 0, null, 'dégagé', null, null  , 'non' ,26,26);
INSERT INTO Obs_Batracien (obsB, espece, nombreAdultes, nombreAmplexus, nombrePonte, nombreTetard, temperature, meteo_ciel, meteo_temp, meteo_vent, meteo_pluie,concerne_ZH,concernes_vege) VALUES(27,'calamite', 0, 0, 0, 0, 8, 'nuageux', null, null  , 'non' ,27,27);
INSERT INTO Obs_Batracien (obsB, espece, nombreAdultes, nombreAmplexus, nombrePonte, nombreTetard, temperature, meteo_ciel, meteo_temp, meteo_vent, meteo_pluie,concerne_ZH,concernes_vege) VALUES(28,'calamite', 0, 0, 0, 0, 8, 'nuageux', null, null  , 'moyenne' ,28,28);
INSERT INTO Obs_Batracien (obsB, espece, nombreAdultes, nombreAmplexus, nombrePonte, nombreTetard, temperature, meteo_ciel, meteo_temp, meteo_vent, meteo_pluie,concerne_ZH,concernes_vege) VALUES(29,'calamite', 0, 0, 0, 0, 8, 'dégagé', null, null  , 'non' ,29,29);
INSERT INTO Obs_Batracien (obsB, espece, nombreAdultes, nombreAmplexus, nombrePonte, nombreTetard, temperature, meteo_ciel, meteo_temp, meteo_vent, meteo_pluie,concerne_ZH,concernes_vege) VALUES(30,'calamite', 0, 0, 0, 0, 6, 'dégagé', null, null  , 'non' ,30,30);
INSERT INTO Obs_Batracien (obsB, espece, nombreAdultes, nombreAmplexus, nombrePonte, nombreTetard, temperature, meteo_ciel, meteo_temp, meteo_vent, meteo_pluie,concerne_ZH,concernes_vege) VALUES(31,'calamite', null, null, null, null, null, null, null, null  , 'non' ,31,31);
INSERT INTO Obs_Batracien (obsB, espece, nombreAdultes, nombreAmplexus, nombrePonte, nombreTetard, temperature, meteo_ciel, meteo_temp, meteo_vent, meteo_pluie,concerne_ZH,concernes_vege) VALUES(32,'calamite', 0, 0, 0, 0, 6, 'nuageux', null, null  , 'non' ,32,32);
INSERT INTO Obs_Batracien (obsB, espece, nombreAdultes, nombreAmplexus, nombrePonte, nombreTetard, temperature, meteo_ciel, meteo_temp, meteo_vent, meteo_pluie,concerne_ZH,concernes_vege) VALUES(33,'calamite', 0, 0, 0, 0, 8, 'nuageux', null, 'moyen'  , 'non' ,33,33);
INSERT INTO Obs_Batracien (obsB, espece, nombreAdultes, nombreAmplexus, nombrePonte, nombreTetard, temperature, meteo_ciel, meteo_temp, meteo_vent, meteo_pluie,concerne_ZH,concernes_vege) VALUES(34,'calamite', null, null, null, null, 4, 'nuageux', null, null  , 'non' ,34,34);
INSERT INTO Obs_Batracien (obsB, espece, nombreAdultes, nombreAmplexus, nombrePonte, nombreTetard, temperature, meteo_ciel, meteo_temp, meteo_vent, meteo_pluie,concerne_ZH,concernes_vege) VALUES(35,'calamite', 0, 0, 0, 0, 10, 'nuageux', null, null  , 'non' ,35,35);
INSERT INTO Obs_Batracien (obsB, espece, nombreAdultes, nombreAmplexus, nombrePonte, nombreTetard, temperature, meteo_ciel, meteo_temp, meteo_vent, meteo_pluie,concerne_ZH,concernes_vege) VALUES(36,'calamite', 0, 0, 0, 0, 10, 'dégagé', null, null  , 'non' ,36,36);
INSERT INTO Obs_Batracien (obsB, espece, nombreAdultes, nombreAmplexus, nombrePonte, nombreTetard, temperature, meteo_ciel, meteo_temp, meteo_vent, meteo_pluie,concerne_ZH,concernes_vege) VALUES(37,'calamite', 0, 0, 0, 0, 6, 'dégagé', null, 'moyen'  , 'non' ,37,37);
INSERT INTO Obs_Batracien (obsB, espece, nombreAdultes, nombreAmplexus, nombrePonte, nombreTetard, temperature, meteo_ciel, meteo_temp, meteo_vent, meteo_pluie,concerne_ZH,concernes_vege) VALUES(38,'calamite', 0, 0, 0, 0, 12, 'dégagé', null, null  , 'non' ,38,38);
INSERT INTO Obs_Batracien (obsB, espece, nombreAdultes, nombreAmplexus, nombrePonte, nombreTetard, temperature, meteo_ciel, meteo_temp, meteo_vent, meteo_pluie,concerne_ZH,concernes_vege) VALUES(39,'calamite', 0, 0, 0, 0, 9, 'nuageux', null, null  , 'légère' ,39,39);
INSERT INTO Obs_Batracien (obsB, espece, nombreAdultes, nombreAmplexus, nombrePonte, nombreTetard, temperature, meteo_ciel, meteo_temp, meteo_vent, meteo_pluie,concerne_ZH,concernes_vege) VALUES(40,'calamite', null, null, null, null, null, null, null, null  , 'non' ,40,40);
INSERT INTO Obs_Batracien (obsB, espece, nombreAdultes, nombreAmplexus, nombrePonte, nombreTetard, temperature, meteo_ciel, meteo_temp, meteo_vent, meteo_pluie,concerne_ZH,concernes_vege) VALUES(41,'calamite', 0, 0, 0, 0, 8, 'nuageux', null, null  , 'non' ,41,41);
INSERT INTO Obs_Batracien (obsB, espece, nombreAdultes, nombreAmplexus, nombrePonte, nombreTetard, temperature, meteo_ciel, meteo_temp, meteo_vent, meteo_pluie,concerne_ZH,concernes_vege) VALUES(42,'calamite', null, null, null, null, null, null, null, null  , 'non' ,42,42);
INSERT INTO Obs_Batracien (obsB, espece, nombreAdultes, nombreAmplexus, nombrePonte, nombreTetard, temperature, meteo_ciel, meteo_temp, meteo_vent, meteo_pluie,concerne_ZH,concernes_vege) VALUES(43,'calamite', 0, 0, 0, 0, 10, 'nuageux', null, 'non'  , 'non' ,43,43);
INSERT INTO Obs_Batracien (obsB, espece, nombreAdultes, nombreAmplexus, nombrePonte, nombreTetard, temperature, meteo_ciel, meteo_temp, meteo_vent, meteo_pluie,concerne_ZH,concernes_vege) VALUES(44,'calamite', null, null, null, null, null, null, null, null  , 'non' ,44,44);
INSERT INTO Obs_Batracien (obsB, espece, nombreAdultes, nombreAmplexus, nombrePonte, nombreTetard, temperature, meteo_ciel, meteo_temp, meteo_vent, meteo_pluie,concerne_ZH,concernes_vege) VALUES(45,'calamite', null, null, null, null, null, null, null, null  , 'non' ,45,45);
INSERT INTO Obs_Batracien (obsB, espece, nombreAdultes, nombreAmplexus, nombrePonte, nombreTetard, temperature, meteo_ciel, meteo_temp, meteo_vent, meteo_pluie,concerne_ZH,concernes_vege) VALUES(46,'calamite', 0, 0, 0, 0, 5, 'dégagé', null, 'moyen'  , 'non' ,46,46);
INSERT INTO Obs_Batracien (obsB, espece, nombreAdultes, nombreAmplexus, nombrePonte, nombreTetard, temperature, meteo_ciel, meteo_temp, meteo_vent, meteo_pluie,concerne_ZH,concernes_vege) VALUES(47,'calamite', null, null, null, null, null, null, null, null  , 'non' ,47,47);
INSERT INTO Obs_Batracien (obsB, espece, nombreAdultes, nombreAmplexus, nombrePonte, nombreTetard, temperature, meteo_ciel, meteo_temp, meteo_vent, meteo_pluie,concerne_ZH,concernes_vege) VALUES(48,'calamite', 0, 0, 0, 0, 7, 'semi-dégagé', null, null  , 'non' ,48,48);
INSERT INTO Obs_Batracien (obsB, espece, nombreAdultes, nombreAmplexus, nombrePonte, nombreTetard, temperature, meteo_ciel, meteo_temp, meteo_vent, meteo_pluie,concerne_ZH,concernes_vege) VALUES(49,'calamite', 0, 0, 0, 0, null, 'dégagé', null, null  , 'non' ,49,49);
INSERT INTO Obs_Batracien (obsB, espece, nombreAdultes, nombreAmplexus, nombrePonte, nombreTetard, temperature, meteo_ciel, meteo_temp, meteo_vent, meteo_pluie,concerne_ZH,concernes_vege) VALUES(50,'calamite', 0, 0, 0, 0, 10, 'dégagé', null, null  , 'non' ,50,50);
INSERT INTO Obs_Batracien (obsB, espece, nombreAdultes, nombreAmplexus, nombrePonte, nombreTetard, temperature, meteo_ciel, meteo_temp, meteo_vent, meteo_pluie,concerne_ZH,concernes_vege) VALUES(51,'calamite', 0, 0, 0, 0, 12, 'dégagé', null, 'moyen'  , 'non' ,51,51);
INSERT INTO Obs_Batracien (obsB, espece, nombreAdultes, nombreAmplexus, nombrePonte, nombreTetard, temperature, meteo_ciel, meteo_temp, meteo_vent, meteo_pluie,concerne_ZH,concernes_vege) VALUES(52,'calamite', 0, 0, 0, 0, 4, 'nuageux', null, null  , 'non' ,52,52);
INSERT INTO Obs_Batracien (obsB, espece, nombreAdultes, nombreAmplexus, nombrePonte, nombreTetard, temperature, meteo_ciel, meteo_temp, meteo_vent, meteo_pluie,concerne_ZH,concernes_vege) VALUES(53,'calamite', 0, 0, 0, 0, 7, 'nuageux', null, null  , 'non' ,53,53);
INSERT INTO Obs_Batracien (obsB, espece, nombreAdultes, nombreAmplexus, nombrePonte, nombreTetard, temperature, meteo_ciel, meteo_temp, meteo_vent, meteo_pluie,concerne_ZH,concernes_vege) VALUES(54,'calamite', 0, 0, 0, 0, 6, 'nuageux', null, 'moyen'  , 'non' ,54,54);
INSERT INTO Obs_Batracien (obsB, espece, nombreAdultes, nombreAmplexus, nombrePonte, nombreTetard, temperature, meteo_ciel, meteo_temp, meteo_vent, meteo_pluie,concerne_ZH,concernes_vege) VALUES(55,'calamite', 0, 0, 0, 0, 8, 'nuageux', null, 'moyen'  , 'non' ,55,55);
INSERT INTO Obs_Batracien (obsB, espece, nombreAdultes, nombreAmplexus, nombrePonte, nombreTetard, temperature, meteo_ciel, meteo_temp, meteo_vent, meteo_pluie,concerne_ZH,concernes_vege) VALUES(56,'calamite', 0, 0, 0, 0, 4, 'nuageux', null, null  , 'non' ,56,56);
INSERT INTO Obs_Batracien (obsB, espece, nombreAdultes, nombreAmplexus, nombrePonte, nombreTetard, temperature, meteo_ciel, meteo_temp, meteo_vent, meteo_pluie,concerne_ZH,concernes_vege) VALUES(57,'calamite', 0, 0, 0, 0, 11, 'dégagé', null, null  , 'non' ,57,57);
INSERT INTO Obs_Batracien (obsB, espece, nombreAdultes, nombreAmplexus, nombrePonte, nombreTetard, temperature, meteo_ciel, meteo_temp, meteo_vent, meteo_pluie,concerne_ZH,concernes_vege) VALUES(58,'calamite', null, null, null, null, 8, 'dégagé', null, null  , 'non' ,58,58);
INSERT INTO Obs_Batracien (obsB, espece, nombreAdultes, nombreAmplexus, nombrePonte, nombreTetard, temperature, meteo_ciel, meteo_temp, meteo_vent, meteo_pluie,concerne_ZH,concernes_vege) VALUES(59,'calamite', 0, 0, 0, 0, 10, 'nuageux', null, 'non'  , 'non' ,59,59);
INSERT INTO Obs_Batracien (obsB, espece, nombreAdultes, nombreAmplexus, nombrePonte, nombreTetard, temperature, meteo_ciel, meteo_temp, meteo_vent, meteo_pluie,concerne_ZH,concernes_vege) VALUES(60,'calamite', 0, 0, 0, 0, 8, 'nuageux', null, null  , 'non' ,60,60);
INSERT INTO Obs_Batracien (obsB, espece, nombreAdultes, nombreAmplexus, nombrePonte, nombreTetard, temperature, meteo_ciel, meteo_temp, meteo_vent, meteo_pluie,concerne_ZH,concernes_vege) VALUES(61,'calamite', null, null, null, null, null, null, null, null  , 'non' ,61,61);
INSERT INTO Obs_Batracien (obsB, espece, nombreAdultes, nombreAmplexus, nombrePonte, nombreTetard, temperature, meteo_ciel, meteo_temp, meteo_vent, meteo_pluie,concerne_ZH,concernes_vege) VALUES(62,'calamite', 0, 0, 0, 0, 2, null, 'froid', 'moyen'  , 'non' ,62,62);
INSERT INTO Obs_Batracien (obsB, espece, nombreAdultes, nombreAmplexus, nombrePonte, nombreTetard, temperature, meteo_ciel, meteo_temp, meteo_vent, meteo_pluie,concerne_ZH,concernes_vege) VALUES(63,'calamite', 0, 0, 0, 0, 5, 'nuageux', null, null  , 'non' ,63,63);
INSERT INTO Obs_Batracien (obsB, espece, nombreAdultes, nombreAmplexus, nombrePonte, nombreTetard, temperature, meteo_ciel, meteo_temp, meteo_vent, meteo_pluie,concerne_ZH,concernes_vege) VALUES(64,'calamite', null, null, null, null, null, null, null, null  , 'non' ,64,64);
INSERT INTO Obs_Batracien (obsB, espece, nombreAdultes, nombreAmplexus, nombrePonte, nombreTetard, temperature, meteo_ciel, meteo_temp, meteo_vent, meteo_pluie,concerne_ZH,concernes_vege) VALUES(65,'calamite', 0, 0, 0, 0, 11, 'nuageux', null, null  , 'légère' ,65,65);
INSERT INTO Obs_Batracien (obsB, espece, nombreAdultes, nombreAmplexus, nombrePonte, nombreTetard, temperature, meteo_ciel, meteo_temp, meteo_vent, meteo_pluie,concerne_ZH,concernes_vege) VALUES(66,'calamite', null, null, null, null, null, null, null, null  , 'non' ,66,66);
INSERT INTO Obs_Batracien (obsB, espece, nombreAdultes, nombreAmplexus, nombrePonte, nombreTetard, temperature, meteo_ciel, meteo_temp, meteo_vent, meteo_pluie,concerne_ZH,concernes_vege) VALUES(67,'calamite', null, null, null, null, null, null, null, null  , 'non' ,67,67);
INSERT INTO Obs_Batracien (obsB, espece, nombreAdultes, nombreAmplexus, nombrePonte, nombreTetard, temperature, meteo_ciel, meteo_temp, meteo_vent, meteo_pluie,concerne_ZH,concernes_vege) VALUES(68,'calamite', 99, 20, 0, 0, 6, 'nuageux', null, null  , 'légère' ,68,68);
INSERT INTO Obs_Batracien (obsB, espece, nombreAdultes, nombreAmplexus, nombrePonte, nombreTetard, temperature, meteo_ciel, meteo_temp, meteo_vent, meteo_pluie,concerne_ZH,concernes_vege) VALUES(69,'calamite', 0, 0, 0, 0, 12, 'dégagé', null, 'moyen'  , 'non' ,69,69);
INSERT INTO Obs_Batracien (obsB, espece, nombreAdultes, nombreAmplexus, nombrePonte, nombreTetard, temperature, meteo_ciel, meteo_temp, meteo_vent, meteo_pluie,concerne_ZH,concernes_vege) VALUES(70,'calamite', 0, 0, 0, 0, 6, 'dégagé', null, 'moyen'  , 'non' ,70,70);
INSERT INTO Obs_Batracien (obsB, espece, nombreAdultes, nombreAmplexus, nombrePonte, nombreTetard, temperature, meteo_ciel, meteo_temp, meteo_vent, meteo_pluie,concerne_ZH,concernes_vege) VALUES(71,'calamite', null, null, null, null, 7, 'dégagé', null, 'moyen'  , 'non' ,71,71);
INSERT INTO Obs_Batracien (obsB, espece, nombreAdultes, nombreAmplexus, nombrePonte, nombreTetard, temperature, meteo_ciel, meteo_temp, meteo_vent, meteo_pluie,concerne_ZH,concernes_vege) VALUES(72,'calamite', 0, 0, 0, 0, null, 'dégagé', null, null  , 'non' ,72,72);
INSERT INTO Obs_Batracien (obsB, espece, nombreAdultes, nombreAmplexus, nombrePonte, nombreTetard, temperature, meteo_ciel, meteo_temp, meteo_vent, meteo_pluie,concerne_ZH,concernes_vege) VALUES(73,'calamite', 0, 0, 0, 0, 6, 'dégagé', null, 'léger'  , 'non' ,73,73);
INSERT INTO Obs_Batracien (obsB, espece, nombreAdultes, nombreAmplexus, nombrePonte, nombreTetard, temperature, meteo_ciel, meteo_temp, meteo_vent, meteo_pluie,concerne_ZH,concernes_vege) VALUES(74,'calamite', null, null, null, null, 7, 'dégagé', null, 'moyen'  , 'non' ,74,74);
INSERT INTO Obs_Batracien (obsB, espece, nombreAdultes, nombreAmplexus, nombrePonte, nombreTetard, temperature, meteo_ciel, meteo_temp, meteo_vent, meteo_pluie,concerne_ZH,concernes_vege) VALUES(75,'calamite', null, null, null, null, null, null, null, null  , 'non' ,75,75);
INSERT INTO Obs_Batracien (obsB, espece, nombreAdultes, nombreAmplexus, nombrePonte, nombreTetard, temperature, meteo_ciel, meteo_temp, meteo_vent, meteo_pluie,concerne_ZH,concernes_vege) VALUES(76,'calamite', null, null, null, null, null, null, null, null  , 'non' ,76,76);
INSERT INTO Obs_Batracien (obsB, espece, nombreAdultes, nombreAmplexus, nombrePonte, nombreTetard, temperature, meteo_ciel, meteo_temp, meteo_vent, meteo_pluie,concerne_ZH,concernes_vege) VALUES(77,'calamite', null, null, null, null, null, null, null, null  , 'non' ,77,77);
INSERT INTO Obs_Batracien (obsB, espece, nombreAdultes, nombreAmplexus, nombrePonte, nombreTetard, temperature, meteo_ciel, meteo_temp, meteo_vent, meteo_pluie,concerne_ZH,concernes_vege) VALUES(78,'calamite', 0, 0, 0, 0, 7, 'dégagé', null, 'moyen'  , 'non' ,78,78);
INSERT INTO Obs_Batracien (obsB, espece, nombreAdultes, nombreAmplexus, nombrePonte, nombreTetard, temperature, meteo_ciel, meteo_temp, meteo_vent, meteo_pluie,concerne_ZH,concernes_vege) VALUES(79,'calamite', 0, 0, 0, 0, null, 'dégagé', null, null  , 'non' ,79,79);
INSERT INTO Obs_Batracien (obsB, espece, nombreAdultes, nombreAmplexus, nombrePonte, nombreTetard, temperature, meteo_ciel, meteo_temp, meteo_vent, meteo_pluie,concerne_ZH,concernes_vege) VALUES(80,'calamite', null, null, null, null, null, null, null, null  , 'non' ,80,80);
INSERT INTO Obs_Batracien (obsB, espece, nombreAdultes, nombreAmplexus, nombrePonte, nombreTetard, temperature, meteo_ciel, meteo_temp, meteo_vent, meteo_pluie,concerne_ZH,concernes_vege) VALUES(81,'calamite', 0, 0, 0, 0, 12, 'nuageux', null, null  , 'légère' ,81,81);
INSERT INTO Obs_Batracien (obsB, espece, nombreAdultes, nombreAmplexus, nombrePonte, nombreTetard, temperature, meteo_ciel, meteo_temp, meteo_vent, meteo_pluie,concerne_ZH,concernes_vege) VALUES(82,'calamite', null, null, null, null, null, null, null, null  , 'non' ,82,82);
INSERT INTO Obs_Batracien (obsB, espece, nombreAdultes, nombreAmplexus, nombrePonte, nombreTetard, temperature, meteo_ciel, meteo_temp, meteo_vent, meteo_pluie,concerne_ZH,concernes_vege) VALUES(1,'pelodyte', 0, 0, 0, 0, 7, 'dégagé', null, 'léger'  , 'non' ,1,1);
INSERT INTO Obs_Batracien (obsB, espece, nombreAdultes, nombreAmplexus, nombrePonte, nombreTetard, temperature, meteo_ciel, meteo_temp, meteo_vent, meteo_pluie,concerne_ZH,concernes_vege) VALUES(2,'pelodyte', 0, 0, 0, 0, 8, 'nuageux', null, null  , 'non' ,2,2);
INSERT INTO Obs_Batracien (obsB, espece, nombreAdultes, nombreAmplexus, nombrePonte, nombreTetard, temperature, meteo_ciel, meteo_temp, meteo_vent, meteo_pluie,concerne_ZH,concernes_vege) VALUES(3,'pelodyte', 1, 0, 0, 0, 8, 'dégagé', null, null  , 'non' ,3,3);
INSERT INTO Obs_Batracien (obsB, espece, nombreAdultes, nombreAmplexus, nombrePonte, nombreTetard, temperature, meteo_ciel, meteo_temp, meteo_vent, meteo_pluie,concerne_ZH,concernes_vege) VALUES(4,'pelodyte', 0, 0, 0, 0, 2, null, 'froid', 'moyen'  , 'non' ,4,4);
INSERT INTO Obs_Batracien (obsB, espece, nombreAdultes, nombreAmplexus, nombrePonte, nombreTetard, temperature, meteo_ciel, meteo_temp, meteo_vent, meteo_pluie,concerne_ZH,concernes_vege) VALUES(5,'pelodyte', 10, 0, 0, 0, 6, 'nuageux', null, 'moyen'  , 'non' ,5,5);
INSERT INTO Obs_Batracien (obsB, espece, nombreAdultes, nombreAmplexus, nombrePonte, nombreTetard, temperature, meteo_ciel, meteo_temp, meteo_vent, meteo_pluie,concerne_ZH,concernes_vege) VALUES(6,'pelodyte', 0, 0, 0, 0, 6, 'nuageux', null, null  , 'non' ,6,6);
INSERT INTO Obs_Batracien (obsB, espece, nombreAdultes, nombreAmplexus, nombrePonte, nombreTetard, temperature, meteo_ciel, meteo_temp, meteo_vent, meteo_pluie,concerne_ZH,concernes_vege) VALUES(7,'pelodyte', 0, 0, 0, 0, 4, 'nuageux', null, null  , 'non' ,7,7);
INSERT INTO Obs_Batracien (obsB, espece, nombreAdultes, nombreAmplexus, nombrePonte, nombreTetard, temperature, meteo_ciel, meteo_temp, meteo_vent, meteo_pluie,concerne_ZH,concernes_vege) VALUES(8,'pelodyte', 1, 0, 0, 0, 8, 'nuageux', null, null  , 'non' ,8,8);
INSERT INTO Obs_Batracien (obsB, espece, nombreAdultes, nombreAmplexus, nombrePonte, nombreTetard, temperature, meteo_ciel, meteo_temp, meteo_vent, meteo_pluie,concerne_ZH,concernes_vege) VALUES(9,'pelodyte', null, null, null, null, null, null, null, null  , 'non' ,9,9);
INSERT INTO Obs_Batracien (obsB, espece, nombreAdultes, nombreAmplexus, nombrePonte, nombreTetard, temperature, meteo_ciel, meteo_temp, meteo_vent, meteo_pluie,concerne_ZH,concernes_vege) VALUES(10,'pelodyte', 0, 0, 0, 0, 7, 'nuageux', null, null  , 'non' ,10,10);
INSERT INTO Obs_Batracien (obsB, espece, nombreAdultes, nombreAmplexus, nombrePonte, nombreTetard, temperature, meteo_ciel, meteo_temp, meteo_vent, meteo_pluie,concerne_ZH,concernes_vege) VALUES(11,'pelodyte', 2, 0, 0, 0, null, 'dégagé', null, null  , 'non' ,11,11);
INSERT INTO Obs_Batracien (obsB, espece, nombreAdultes, nombreAmplexus, nombrePonte, nombreTetard, temperature, meteo_ciel, meteo_temp, meteo_vent, meteo_pluie,concerne_ZH,concernes_vege) VALUES(12,'pelodyte', 0, 0, 0, 0, 5, 'semi-dégagé', null, null  , 'non' ,12,12);
INSERT INTO Obs_Batracien (obsB, espece, nombreAdultes, nombreAmplexus, nombrePonte, nombreTetard, temperature, meteo_ciel, meteo_temp, meteo_vent, meteo_pluie,concerne_ZH,concernes_vege) VALUES(13,'pelodyte', 0, 0, 0, 0, 6, 'nuageux', null, 'moyen'  , 'non' ,13,13);
INSERT INTO Obs_Batracien (obsB, espece, nombreAdultes, nombreAmplexus, nombrePonte, nombreTetard, temperature, meteo_ciel, meteo_temp, meteo_vent, meteo_pluie,concerne_ZH,concernes_vege) VALUES(14,'pelodyte', null, null, null, null, null, null, null, null  , 'non' ,14,14);
INSERT INTO Obs_Batracien (obsB, espece, nombreAdultes, nombreAmplexus, nombrePonte, nombreTetard, temperature, meteo_ciel, meteo_temp, meteo_vent, meteo_pluie,concerne_ZH,concernes_vege) VALUES(15,'pelodyte', 5, 0, 0, 0, 8, 'nuageux', null, null  , 'non' ,15,15);
INSERT INTO Obs_Batracien (obsB, espece, nombreAdultes, nombreAmplexus, nombrePonte, nombreTetard, temperature, meteo_ciel, meteo_temp, meteo_vent, meteo_pluie,concerne_ZH,concernes_vege) VALUES(16,'pelodyte', null, null, null, null, null, null, null, null  , 'non' ,16,16);
INSERT INTO Obs_Batracien (obsB, espece, nombreAdultes, nombreAmplexus, nombrePonte, nombreTetard, temperature, meteo_ciel, meteo_temp, meteo_vent, meteo_pluie,concerne_ZH,concernes_vege) VALUES(17,'pelodyte', 0, 0, 0, 0, 7, 'dégagé', null, null  , 'non' ,17,17);
INSERT INTO Obs_Batracien (obsB, espece, nombreAdultes, nombreAmplexus, nombrePonte, nombreTetard, temperature, meteo_ciel, meteo_temp, meteo_vent, meteo_pluie,concerne_ZH,concernes_vege) VALUES(18,'pelodyte', 0, 0, 0, 0, 6, 'dégagé', null, 'moyen'  , 'non' ,18,18);
INSERT INTO Obs_Batracien (obsB, espece, nombreAdultes, nombreAmplexus, nombrePonte, nombreTetard, temperature, meteo_ciel, meteo_temp, meteo_vent, meteo_pluie,concerne_ZH,concernes_vege) VALUES(19,'pelodyte', 1, 0, 0, 0, 8, 'dégagé', null, null  , 'non' ,19,19);
INSERT INTO Obs_Batracien (obsB, espece, nombreAdultes, nombreAmplexus, nombrePonte, nombreTetard, temperature, meteo_ciel, meteo_temp, meteo_vent, meteo_pluie,concerne_ZH,concernes_vege) VALUES(20,'pelodyte', 0, 0, 0, 0, 4, 'nuageux', null, null  , 'non' ,20,20);
INSERT INTO Obs_Batracien (obsB, espece, nombreAdultes, nombreAmplexus, nombrePonte, nombreTetard, temperature, meteo_ciel, meteo_temp, meteo_vent, meteo_pluie,concerne_ZH,concernes_vege) VALUES(21,'pelodyte', 0, 0, 0, 0, 8, 'nuageux', null, 'moyen'  , 'non' ,21,21);
INSERT INTO Obs_Batracien (obsB, espece, nombreAdultes, nombreAmplexus, nombrePonte, nombreTetard, temperature, meteo_ciel, meteo_temp, meteo_vent, meteo_pluie,concerne_ZH,concernes_vege) VALUES(22,'pelodyte', 0, 0, 0, 0, 6, 'dégagé', null, null  , 'non' ,22,22);
INSERT INTO Obs_Batracien (obsB, espece, nombreAdultes, nombreAmplexus, nombrePonte, nombreTetard, temperature, meteo_ciel, meteo_temp, meteo_vent, meteo_pluie,concerne_ZH,concernes_vege) VALUES(23,'pelodyte', null, null, null, null, null, null, null, null  , 'non' ,23,23);
INSERT INTO Obs_Batracien (obsB, espece, nombreAdultes, nombreAmplexus, nombrePonte, nombreTetard, temperature, meteo_ciel, meteo_temp, meteo_vent, meteo_pluie,concerne_ZH,concernes_vege) VALUES(24,'pelodyte', 0, 0, 0, 0, 8, 'semi-dégagé', null, null  , 'non' ,24,24);
INSERT INTO Obs_Batracien (obsB, espece, nombreAdultes, nombreAmplexus, nombrePonte, nombreTetard, temperature, meteo_ciel, meteo_temp, meteo_vent, meteo_pluie,concerne_ZH,concernes_vege) VALUES(25,'pelodyte', 0, 0, 0, 0, 7, 'dégagé', null, null  , 'non' ,25,25);
INSERT INTO Obs_Batracien (obsB, espece, nombreAdultes, nombreAmplexus, nombrePonte, nombreTetard, temperature, meteo_ciel, meteo_temp, meteo_vent, meteo_pluie,concerne_ZH,concernes_vege) VALUES(26,'pelodyte', 0, 0, 0, 0, null, 'dégagé', null, null  , 'non' ,26,26);
INSERT INTO Obs_Batracien (obsB, espece, nombreAdultes, nombreAmplexus, nombrePonte, nombreTetard, temperature, meteo_ciel, meteo_temp, meteo_vent, meteo_pluie,concerne_ZH,concernes_vege) VALUES(27,'pelodyte', 0, 0, 0, 0, 8, 'nuageux', null, null  , 'non' ,27,27);
INSERT INTO Obs_Batracien (obsB, espece, nombreAdultes, nombreAmplexus, nombrePonte, nombreTetard, temperature, meteo_ciel, meteo_temp, meteo_vent, meteo_pluie,concerne_ZH,concernes_vege) VALUES(28,'pelodyte', 2, 0, 0, 0, 8, 'nuageux', null, null  , 'moyenne' ,28,28);
INSERT INTO Obs_Batracien (obsB, espece, nombreAdultes, nombreAmplexus, nombrePonte, nombreTetard, temperature, meteo_ciel, meteo_temp, meteo_vent, meteo_pluie,concerne_ZH,concernes_vege) VALUES(29,'pelodyte', 0, 0, 0, 0, 8, 'dégagé', null, null  , 'non' ,29,29);
INSERT INTO Obs_Batracien (obsB, espece, nombreAdultes, nombreAmplexus, nombrePonte, nombreTetard, temperature, meteo_ciel, meteo_temp, meteo_vent, meteo_pluie,concerne_ZH,concernes_vege) VALUES(30,'pelodyte', 0, 0, 0, 0, 6, 'dégagé', null, null  , 'non' ,30,30);
INSERT INTO Obs_Batracien (obsB, espece, nombreAdultes, nombreAmplexus, nombrePonte, nombreTetard, temperature, meteo_ciel, meteo_temp, meteo_vent, meteo_pluie,concerne_ZH,concernes_vege) VALUES(31,'pelodyte', null, null, null, null, null, null, null, null  , 'non' ,31,31);
INSERT INTO Obs_Batracien (obsB, espece, nombreAdultes, nombreAmplexus, nombrePonte, nombreTetard, temperature, meteo_ciel, meteo_temp, meteo_vent, meteo_pluie,concerne_ZH,concernes_vege) VALUES(32,'pelodyte', 0, 0, 0, 0, 6, 'nuageux', null, null  , 'non' ,32,32);
INSERT INTO Obs_Batracien (obsB, espece, nombreAdultes, nombreAmplexus, nombrePonte, nombreTetard, temperature, meteo_ciel, meteo_temp, meteo_vent, meteo_pluie,concerne_ZH,concernes_vege) VALUES(33,'pelodyte', 0, 0, 0, 0, 8, 'nuageux', null, 'moyen'  , 'non' ,33,33);
INSERT INTO Obs_Batracien (obsB, espece, nombreAdultes, nombreAmplexus, nombrePonte, nombreTetard, temperature, meteo_ciel, meteo_temp, meteo_vent, meteo_pluie,concerne_ZH,concernes_vege) VALUES(34,'pelodyte', null, null, null, null, 4, 'nuageux', null, null  , 'non' ,34,34);
INSERT INTO Obs_Batracien (obsB, espece, nombreAdultes, nombreAmplexus, nombrePonte, nombreTetard, temperature, meteo_ciel, meteo_temp, meteo_vent, meteo_pluie,concerne_ZH,concernes_vege) VALUES(35,'pelodyte', 4, 0, 0, 0, 10, 'nuageux', null, null  , 'non' ,35,35);
INSERT INTO Obs_Batracien (obsB, espece, nombreAdultes, nombreAmplexus, nombrePonte, nombreTetard, temperature, meteo_ciel, meteo_temp, meteo_vent, meteo_pluie,concerne_ZH,concernes_vege) VALUES(36,'pelodyte', 0, 0, 0, 0, 10, 'dégagé', null, null  , 'non' ,36,36);
INSERT INTO Obs_Batracien (obsB, espece, nombreAdultes, nombreAmplexus, nombrePonte, nombreTetard, temperature, meteo_ciel, meteo_temp, meteo_vent, meteo_pluie,concerne_ZH,concernes_vege) VALUES(37,'pelodyte', 1, 0, 0, 0, 6, 'dégagé', null, 'moyen'  , 'non' ,37,37);
INSERT INTO Obs_Batracien (obsB, espece, nombreAdultes, nombreAmplexus, nombrePonte, nombreTetard, temperature, meteo_ciel, meteo_temp, meteo_vent, meteo_pluie,concerne_ZH,concernes_vege) VALUES(38,'pelodyte', 0, 0, 0, 0, 12, 'dégagé', null, null  , 'non' ,38,38);
INSERT INTO Obs_Batracien (obsB, espece, nombreAdultes, nombreAmplexus, nombrePonte, nombreTetard, temperature, meteo_ciel, meteo_temp, meteo_vent, meteo_pluie,concerne_ZH,concernes_vege) VALUES(39,'pelodyte', 0, 0, 0, 0, 9, 'nuageux', null, null  , 'légère' ,39,39);
INSERT INTO Obs_Batracien (obsB, espece, nombreAdultes, nombreAmplexus, nombrePonte, nombreTetard, temperature, meteo_ciel, meteo_temp, meteo_vent, meteo_pluie,concerne_ZH,concernes_vege) VALUES(40,'pelodyte', null, null, null, null, null, null, null, null  , 'non' ,40,40);
INSERT INTO Obs_Batracien (obsB, espece, nombreAdultes, nombreAmplexus, nombrePonte, nombreTetard, temperature, meteo_ciel, meteo_temp, meteo_vent, meteo_pluie,concerne_ZH,concernes_vege) VALUES(41,'pelodyte', 0, 0, 0, 0, 8, 'nuageux', null, null  , 'non' ,41,41);
INSERT INTO Obs_Batracien (obsB, espece, nombreAdultes, nombreAmplexus, nombrePonte, nombreTetard, temperature, meteo_ciel, meteo_temp, meteo_vent, meteo_pluie,concerne_ZH,concernes_vege) VALUES(42,'pelodyte', null, null, null, null, null, null, null, null  , 'non' ,42,42);
INSERT INTO Obs_Batracien (obsB, espece, nombreAdultes, nombreAmplexus, nombrePonte, nombreTetard, temperature, meteo_ciel, meteo_temp, meteo_vent, meteo_pluie,concerne_ZH,concernes_vege) VALUES(43,'pelodyte', 0, 0, 0, 0, 10, 'nuageux', null, 'non'  , 'non' ,43,43);
INSERT INTO Obs_Batracien (obsB, espece, nombreAdultes, nombreAmplexus, nombrePonte, nombreTetard, temperature, meteo_ciel, meteo_temp, meteo_vent, meteo_pluie,concerne_ZH,concernes_vege) VALUES(44,'pelodyte', null, null, null, null, null, null, null, null  , 'non' ,44,44);
INSERT INTO Obs_Batracien (obsB, espece, nombreAdultes, nombreAmplexus, nombrePonte, nombreTetard, temperature, meteo_ciel, meteo_temp, meteo_vent, meteo_pluie,concerne_ZH,concernes_vege) VALUES(45,'pelodyte', null, null, null, null, null, null, null, null  , 'non' ,45,45);
INSERT INTO Obs_Batracien (obsB, espece, nombreAdultes, nombreAmplexus, nombrePonte, nombreTetard, temperature, meteo_ciel, meteo_temp, meteo_vent, meteo_pluie,concerne_ZH,concernes_vege) VALUES(46,'pelodyte', 0, 0, 0, 0, 5, 'dégagé', null, 'moyen'  , 'non' ,46,46);
INSERT INTO Obs_Batracien (obsB, espece, nombreAdultes, nombreAmplexus, nombrePonte, nombreTetard, temperature, meteo_ciel, meteo_temp, meteo_vent, meteo_pluie,concerne_ZH,concernes_vege) VALUES(47,'pelodyte', null, null, null, null, null, null, null, null  , 'non' ,47,47);
INSERT INTO Obs_Batracien (obsB, espece, nombreAdultes, nombreAmplexus, nombrePonte, nombreTetard, temperature, meteo_ciel, meteo_temp, meteo_vent, meteo_pluie,concerne_ZH,concernes_vege) VALUES(48,'pelodyte', 0, 0, 0, 0, 7, 'semi-dégagé', null, null  , 'non' ,48,48);
INSERT INTO Obs_Batracien (obsB, espece, nombreAdultes, nombreAmplexus, nombrePonte, nombreTetard, temperature, meteo_ciel, meteo_temp, meteo_vent, meteo_pluie,concerne_ZH,concernes_vege) VALUES(49,'pelodyte', 50, 0, 0, 0, null, 'dégagé', null, null  , 'non' ,49,49);
INSERT INTO Obs_Batracien (obsB, espece, nombreAdultes, nombreAmplexus, nombrePonte, nombreTetard, temperature, meteo_ciel, meteo_temp, meteo_vent, meteo_pluie,concerne_ZH,concernes_vege) VALUES(50,'pelodyte', 0, 0, 0, 0, 10, 'dégagé', null, null  , 'non' ,50,50);
INSERT INTO Obs_Batracien (obsB, espece, nombreAdultes, nombreAmplexus, nombrePonte, nombreTetard, temperature, meteo_ciel, meteo_temp, meteo_vent, meteo_pluie,concerne_ZH,concernes_vege) VALUES(51,'pelodyte', 0, 0, 0, 0, 12, 'dégagé', null, 'moyen'  , 'non' ,51,51);
INSERT INTO Obs_Batracien (obsB, espece, nombreAdultes, nombreAmplexus, nombrePonte, nombreTetard, temperature, meteo_ciel, meteo_temp, meteo_vent, meteo_pluie,concerne_ZH,concernes_vege) VALUES(52,'pelodyte', 0, 0, 0, 0, 4, 'nuageux', null, null  , 'non' ,52,52);
INSERT INTO Obs_Batracien (obsB, espece, nombreAdultes, nombreAmplexus, nombrePonte, nombreTetard, temperature, meteo_ciel, meteo_temp, meteo_vent, meteo_pluie,concerne_ZH,concernes_vege) VALUES(53,'pelodyte', 0, 0, 0, 0, 7, 'nuageux', null, null  , 'non' ,53,53);
INSERT INTO Obs_Batracien (obsB, espece, nombreAdultes, nombreAmplexus, nombrePonte, nombreTetard, temperature, meteo_ciel, meteo_temp, meteo_vent, meteo_pluie,concerne_ZH,concernes_vege) VALUES(54,'pelodyte', 0, 0, 0, 0, 6, 'nuageux', null, 'moyen'  , 'non' ,54,54);
INSERT INTO Obs_Batracien (obsB, espece, nombreAdultes, nombreAmplexus, nombrePonte, nombreTetard, temperature, meteo_ciel, meteo_temp, meteo_vent, meteo_pluie,concerne_ZH,concernes_vege) VALUES(55,'pelodyte', 0, 0, 0, 0, 8, 'nuageux', null, 'moyen'  , 'non' ,55,55);
INSERT INTO Obs_Batracien (obsB, espece, nombreAdultes, nombreAmplexus, nombrePonte, nombreTetard, temperature, meteo_ciel, meteo_temp, meteo_vent, meteo_pluie,concerne_ZH,concernes_vege) VALUES(56,'pelodyte', 0, 0, 0, 0, 4, 'nuageux', null, null  , 'non' ,56,56);
INSERT INTO Obs_Batracien (obsB, espece, nombreAdultes, nombreAmplexus, nombrePonte, nombreTetard, temperature, meteo_ciel, meteo_temp, meteo_vent, meteo_pluie,concerne_ZH,concernes_vege) VALUES(57,'pelodyte', 0, 0, 0, 0, 11, 'dégagé', null, null  , 'non' ,57,57);
INSERT INTO Obs_Batracien (obsB, espece, nombreAdultes, nombreAmplexus, nombrePonte, nombreTetard, temperature, meteo_ciel, meteo_temp, meteo_vent, meteo_pluie,concerne_ZH,concernes_vege) VALUES(58,'pelodyte', null, null, null, null, 8, 'dégagé', null, null  , 'non' ,58,58);
INSERT INTO Obs_Batracien (obsB, espece, nombreAdultes, nombreAmplexus, nombrePonte, nombreTetard, temperature, meteo_ciel, meteo_temp, meteo_vent, meteo_pluie,concerne_ZH,concernes_vege) VALUES(59,'pelodyte', 0, 0, 0, 0, 10, 'nuageux', null, 'non'  , 'non' ,59,59);
INSERT INTO Obs_Batracien (obsB, espece, nombreAdultes, nombreAmplexus, nombrePonte, nombreTetard, temperature, meteo_ciel, meteo_temp, meteo_vent, meteo_pluie,concerne_ZH,concernes_vege) VALUES(60,'pelodyte', 0, 0, 0, 0, 8, 'nuageux', null, null  , 'non' ,60,60);
INSERT INTO Obs_Batracien (obsB, espece, nombreAdultes, nombreAmplexus, nombrePonte, nombreTetard, temperature, meteo_ciel, meteo_temp, meteo_vent, meteo_pluie,concerne_ZH,concernes_vege) VALUES(61,'pelodyte', null, null, null, null, null, null, null, null  , 'non' ,61,61);
INSERT INTO Obs_Batracien (obsB, espece, nombreAdultes, nombreAmplexus, nombrePonte, nombreTetard, temperature, meteo_ciel, meteo_temp, meteo_vent, meteo_pluie,concerne_ZH,concernes_vege) VALUES(62,'pelodyte', 1, 0, 0, 0, 2, null, 'froid', 'moyen'  , 'non' ,62,62);
INSERT INTO Obs_Batracien (obsB, espece, nombreAdultes, nombreAmplexus, nombrePonte, nombreTetard, temperature, meteo_ciel, meteo_temp, meteo_vent, meteo_pluie,concerne_ZH,concernes_vege) VALUES(63,'pelodyte', 0, 0, 0, 0, 5, 'nuageux', null, null  , 'non' ,63,63);
INSERT INTO Obs_Batracien (obsB, espece, nombreAdultes, nombreAmplexus, nombrePonte, nombreTetard, temperature, meteo_ciel, meteo_temp, meteo_vent, meteo_pluie,concerne_ZH,concernes_vege) VALUES(64,'pelodyte', null, null, null, null, null, null, null, null  , 'non' ,64,64);
INSERT INTO Obs_Batracien (obsB, espece, nombreAdultes, nombreAmplexus, nombrePonte, nombreTetard, temperature, meteo_ciel, meteo_temp, meteo_vent, meteo_pluie,concerne_ZH,concernes_vege) VALUES(65,'pelodyte', 0, 0, 0, 0, 11, 'nuageux', null, null  , 'légère' ,65,65);
INSERT INTO Obs_Batracien (obsB, espece, nombreAdultes, nombreAmplexus, nombrePonte, nombreTetard, temperature, meteo_ciel, meteo_temp, meteo_vent, meteo_pluie,concerne_ZH,concernes_vege) VALUES(66,'pelodyte', null, null, null, null, null, null, null, null  , 'non' ,66,66);
INSERT INTO Obs_Batracien (obsB, espece, nombreAdultes, nombreAmplexus, nombrePonte, nombreTetard, temperature, meteo_ciel, meteo_temp, meteo_vent, meteo_pluie,concerne_ZH,concernes_vege) VALUES(67,'pelodyte', null, null, null, null, null, null, null, null  , 'non' ,67,67);
INSERT INTO Obs_Batracien (obsB, espece, nombreAdultes, nombreAmplexus, nombrePonte, nombreTetard, temperature, meteo_ciel, meteo_temp, meteo_vent, meteo_pluie,concerne_ZH,concernes_vege) VALUES(68,'pelodyte', 2, 0, 0, 0, 6, 'nuageux', null, null  , 'légère' ,68,68);
INSERT INTO Obs_Batracien (obsB, espece, nombreAdultes, nombreAmplexus, nombrePonte, nombreTetard, temperature, meteo_ciel, meteo_temp, meteo_vent, meteo_pluie,concerne_ZH,concernes_vege) VALUES(69,'pelodyte', 0, 0, 0, 0, 12, 'dégagé', null, 'moyen'  , 'non' ,69,69);
INSERT INTO Obs_Batracien (obsB, espece, nombreAdultes, nombreAmplexus, nombrePonte, nombreTetard, temperature, meteo_ciel, meteo_temp, meteo_vent, meteo_pluie,concerne_ZH,concernes_vege) VALUES(70,'pelodyte', 0, 0, 0, 0, 6, 'dégagé', null, 'moyen'  , 'non' ,70,70);
INSERT INTO Obs_Batracien (obsB, espece, nombreAdultes, nombreAmplexus, nombrePonte, nombreTetard, temperature, meteo_ciel, meteo_temp, meteo_vent, meteo_pluie,concerne_ZH,concernes_vege) VALUES(71,'pelodyte', 2, 0, 0, 0, 7, 'dégagé', null, 'moyen'  , 'non' ,71,71);
INSERT INTO Obs_Batracien (obsB, espece, nombreAdultes, nombreAmplexus, nombrePonte, nombreTetard, temperature, meteo_ciel, meteo_temp, meteo_vent, meteo_pluie,concerne_ZH,concernes_vege) VALUES(72,'pelodyte', 0, 0, 0, 0, null, 'dégagé', null, null  , 'non' ,72,72);
INSERT INTO Obs_Batracien (obsB, espece, nombreAdultes, nombreAmplexus, nombrePonte, nombreTetard, temperature, meteo_ciel, meteo_temp, meteo_vent, meteo_pluie,concerne_ZH,concernes_vege) VALUES(73,'pelodyte', 0, 0, 0, 0, 6, 'dégagé', null, 'léger'  , 'non' ,73,73);
INSERT INTO Obs_Batracien (obsB, espece, nombreAdultes, nombreAmplexus, nombrePonte, nombreTetard, temperature, meteo_ciel, meteo_temp, meteo_vent, meteo_pluie,concerne_ZH,concernes_vege) VALUES(74,'pelodyte', 2, 0, 0, 0, 7, 'dégagé', null, 'moyen'  , 'non' ,74,74);
INSERT INTO Obs_Batracien (obsB, espece, nombreAdultes, nombreAmplexus, nombrePonte, nombreTetard, temperature, meteo_ciel, meteo_temp, meteo_vent, meteo_pluie,concerne_ZH,concernes_vege) VALUES(75,'pelodyte', null, null, null, null, null, null, null, null  , 'non' ,75,75);
INSERT INTO Obs_Batracien (obsB, espece, nombreAdultes, nombreAmplexus, nombrePonte, nombreTetard, temperature, meteo_ciel, meteo_temp, meteo_vent, meteo_pluie,concerne_ZH,concernes_vege) VALUES(76,'pelodyte', null, null, null, null, null, null, null, null  , 'non' ,76,76);
INSERT INTO Obs_Batracien (obsB, espece, nombreAdultes, nombreAmplexus, nombrePonte, nombreTetard, temperature, meteo_ciel, meteo_temp, meteo_vent, meteo_pluie,concerne_ZH,concernes_vege) VALUES(77,'pelodyte', null, null, null, null, null, null, null, null  , 'non' ,77,77);
INSERT INTO Obs_Batracien (obsB, espece, nombreAdultes, nombreAmplexus, nombrePonte, nombreTetard, temperature, meteo_ciel, meteo_temp, meteo_vent, meteo_pluie,concerne_ZH,concernes_vege) VALUES(78,'pelodyte', 0, 0, 0, 0, 7, 'dégagé', null, 'moyen'  , 'non' ,78,78);
INSERT INTO Obs_Batracien (obsB, espece, nombreAdultes, nombreAmplexus, nombrePonte, nombreTetard, temperature, meteo_ciel, meteo_temp, meteo_vent, meteo_pluie,concerne_ZH,concernes_vege) VALUES(79,'pelodyte', 1,null, null, null , null, 'dégagé', null, null  , 'non' ,79,79);
INSERT INTO Obs_Batracien (obsB, espece, nombreAdultes, nombreAmplexus, nombrePonte, nombreTetard, temperature, meteo_ciel, meteo_temp, meteo_vent, meteo_pluie,concerne_ZH,concernes_vege) VALUES(80,'pelodyte', null, null, null, null, null, null, null, null  , 'non' ,80,80);
INSERT INTO Obs_Batracien (obsB, espece, nombreAdultes, nombreAmplexus, nombrePonte, nombreTetard, temperature, meteo_ciel, meteo_temp, meteo_vent, meteo_pluie,concerne_ZH,concernes_vege) VALUES(81,'pelodyte', 0, 0, 0, 0, 12, 'nuageux', null, null  , 'légère' ,81,81);
INSERT INTO Obs_Batracien (obsB, espece, nombreAdultes, nombreAmplexus, nombrePonte, nombreTetard, temperature, meteo_ciel, meteo_temp, meteo_vent, meteo_pluie,concerne_ZH,concernes_vege) VALUES(82,'pelodyte', null, null, null, null, null, null, null, null  , 'non' ,82,82);


INSERT INTO AObserve (lobservation, lobservateur) VALUES (1, 18);
INSERT INTO AObserve (lobservation, lobservateur) VALUES(2, 12);
INSERT INTO AObserve (lobservation, lobservateur) VALUES(3, 4);
INSERT INTO AObserve (lobservation, lobservateur) VALUES(4, 7);
INSERT INTO AObserve (lobservation, lobservateur) VALUES(5, 32);
INSERT INTO AObserve (lobservation, lobservateur) VALUES(6, 11);
INSERT INTO AObserve (lobservation, lobservateur) VALUES(7, 28);
INSERT INTO AObserve (lobservation, lobservateur) VALUES(8, 40);
INSERT INTO AObserve (lobservation, lobservateur) VALUES(10, 7);
INSERT INTO AObserve (lobservation, lobservateur) VALUES(11, 27);
INSERT INTO AObserve (lobservation, lobservateur) VALUES(12, 20);
INSERT INTO AObserve (lobservation, lobservateur) VALUES(13, 18);
INSERT INTO AObserve (lobservation, lobservateur) VALUES(15, 12);
INSERT INTO AObserve (lobservation, lobservateur) VALUES(17, 11);
INSERT INTO AObserve (lobservation, lobservateur) VALUES(18, 31);
INSERT INTO AObserve (lobservation, lobservateur) VALUES(19, 4);
INSERT INTO AObserve (lobservation, lobservateur) VALUES(20, 28);
INSERT INTO AObserve (lobservation, lobservateur) VALUES(21, 40);
INSERT INTO AObserve (lobservation, lobservateur) VALUES(22, 11);
INSERT INTO AObserve (lobservation, lobservateur) VALUES(23, 31);
INSERT INTO AObserve (lobservation, lobservateur) VALUES(24, 20);
INSERT INTO AObserve (lobservation, lobservateur) VALUES(25, 14);
INSERT INTO AObserve (lobservation, lobservateur) VALUES(26, 27);
INSERT INTO AObserve (lobservation, lobservateur) VALUES(27, 12);
INSERT INTO AObserve (lobservation, lobservateur) VALUES(28,32 );
INSERT INTO AObserve (lobservation, lobservateur) VALUES(29, 4);
INSERT INTO AObserve (lobservation, lobservateur) VALUES(30, 11);
INSERT INTO AObserve (lobservation, lobservateur) VALUES(32, 18);
INSERT INTO AObserve (lobservation, lobservateur) VALUES(33, 40);
INSERT INTO AObserve (lobservation, lobservateur) VALUES(34, 28);
INSERT INTO AObserve (lobservation, lobservateur) VALUES(35, 14);
INSERT INTO AObserve (lobservation, lobservateur) VALUES(36, 20);
INSERT INTO AObserve (lobservation, lobservateur) VALUES(37, 31);
INSERT INTO AObserve (lobservation, lobservateur) VALUES(38, 24);
INSERT INTO AObserve (lobservation, lobservateur) VALUES(39, 11);
INSERT INTO AObserve (lobservation, lobservateur) VALUES(41, 11);
INSERT INTO AObserve (lobservation, lobservateur) VALUES(43, 18);
INSERT INTO AObserve (lobservation, lobservateur) VALUES(46, 31);
INSERT INTO AObserve (lobservation, lobservateur) VALUES(47, 4);
INSERT INTO AObserve (lobservation, lobservateur) VALUES(48, 20);
INSERT INTO AObserve (lobservation, lobservateur) VALUES(49, 27);
INSERT INTO AObserve (lobservation, lobservateur) VALUES(50, 14);
INSERT INTO AObserve (lobservation, lobservateur) VALUES(51, 24);
INSERT INTO AObserve (lobservation, lobservateur) VALUES(52, 28);
INSERT INTO AObserve (lobservation, lobservateur) VALUES(53, 32);
INSERT INTO AObserve (lobservation, lobservateur) VALUES(54, 7);
INSERT INTO AObserve (lobservation, lobservateur) VALUES(55, 40);
INSERT INTO AObserve (lobservation, lobservateur) VALUES(56, 28);
INSERT INTO AObserve (lobservation, lobservateur) VALUES(57, 20);
INSERT INTO AObserve (lobservation, lobservateur) VALUES(58, 4);
INSERT INTO AObserve (lobservation, lobservateur) VALUES(59, 18);
INSERT INTO AObserve (lobservation, lobservateur) VALUES(60, 12);
INSERT INTO AObserve (lobservation, lobservateur) VALUES(62, 7);
INSERT INTO AObserve (lobservation, lobservateur) VALUES(63, 14);
INSERT INTO AObserve (lobservation, lobservateur) VALUES(65, 20);
INSERT INTO AObserve (lobservation, lobservateur) VALUES(68, 14);
INSERT INTO AObserve (lobservation, lobservateur) VALUES(69, 24);
INSERT INTO AObserve (lobservation, lobservateur) VALUES(70, 31);
INSERT INTO AObserve (lobservation, lobservateur) VALUES(71, 32);
INSERT INTO AObserve (lobservation, lobservateur) VALUES(72, 27);
INSERT INTO AObserve (lobservation, lobservateur) VALUES(73, 18);
INSERT INTO AObserve (lobservation, lobservateur) VALUES(74, 32);
INSERT INTO AObserve (lobservation, lobservateur) VALUES(78, 32);
INSERT INTO AObserve (lobservation, lobservateur) VALUES(79, 27);
INSERT INTO AObserve (lobservation, lobservateur) VALUES(81, 24);
INSERT INTO AObserve (lobservation, lobservateur) VALUES(1, 15);
INSERT INTO AObserve (lobservation, lobservateur) VALUES(2, 19);
INSERT INTO AObserve (lobservation, lobservateur) VALUES(3, 8);
INSERT INTO AObserve (lobservation, lobservateur) VALUES(4, 30);
INSERT INTO AObserve (lobservation, lobservateur) VALUES(5, 17);
INSERT INTO AObserve (lobservation, lobservateur) VALUES(6, 36);
INSERT INTO AObserve (lobservation, lobservateur) VALUES(7, 33);
INSERT INTO AObserve (lobservation, lobservateur) VALUES(8, 16);
INSERT INTO AObserve (lobservation, lobservateur) VALUES(10, 30);
INSERT INTO AObserve (lobservation, lobservateur) VALUES(11, 22);
INSERT INTO AObserve (lobservation, lobservateur) VALUES(12, 5);
INSERT INTO AObserve (lobservation, lobservateur) VALUES(13, 15);
INSERT INTO AObserve (lobservation, lobservateur) VALUES(15, 19);
INSERT INTO AObserve (lobservation, lobservateur) VALUES(17, 36);
INSERT INTO AObserve (lobservation, lobservateur) VALUES(18, 41);
INSERT INTO AObserve (lobservation, lobservateur) VALUES(19, 8);
INSERT INTO AObserve (lobservation, lobservateur) VALUES(20, 33);
INSERT INTO AObserve (lobservation, lobservateur) VALUES(21, 16);
INSERT INTO AObserve (lobservation, lobservateur) VALUES(22, 36);
INSERT INTO AObserve (lobservation, lobservateur) VALUES(23, 25);
INSERT INTO AObserve (lobservation, lobservateur) VALUES(24, 5);
INSERT INTO AObserve (lobservation, lobservateur) VALUES(25, 1);
INSERT INTO AObserve (lobservation, lobservateur) VALUES(26, 22);
INSERT INTO AObserve (lobservation, lobservateur) VALUES(27, 19);
INSERT INTO AObserve (lobservation, lobservateur) VALUES(28, 17);
INSERT INTO AObserve (lobservation, lobservateur) VALUES(29, 8);
INSERT INTO AObserve (lobservation, lobservateur) VALUES(30, 36);
INSERT INTO AObserve (lobservation, lobservateur) VALUES(32, 15);
INSERT INTO AObserve (lobservation, lobservateur) VALUES(33, 16);
INSERT INTO AObserve (lobservation, lobservateur) VALUES(34, 33);
INSERT INTO AObserve (lobservation, lobservateur) VALUES(35, 1);
INSERT INTO AObserve (lobservation, lobservateur) VALUES(36, 5);
INSERT INTO AObserve (lobservation, lobservateur) VALUES(37, 6);
INSERT INTO AObserve (lobservation, lobservateur) VALUES(38, 23);
INSERT INTO AObserve (lobservation, lobservateur) VALUES(39, 36);
INSERT INTO AObserve (lobservation, lobservateur) VALUES(41, 36);
INSERT INTO AObserve (lobservation, lobservateur) VALUES(43, 15);
INSERT INTO AObserve (lobservation, lobservateur) VALUES(46, 6);
INSERT INTO AObserve (lobservation, lobservateur) VALUES(47, 16);
INSERT INTO AObserve (lobservation, lobservateur) VALUES(48, 5);
INSERT INTO AObserve (lobservation, lobservateur) VALUES(49, 22);
INSERT INTO AObserve (lobservation, lobservateur) VALUES(50, 1);
INSERT INTO AObserve (lobservation, lobservateur) VALUES(51, 23);
INSERT INTO AObserve (lobservation, lobservateur) VALUES(52, 33);
INSERT INTO AObserve (lobservation, lobservateur) VALUES(53, 17);
INSERT INTO AObserve (lobservation, lobservateur) VALUES(54, 30);
INSERT INTO AObserve (lobservation, lobservateur) VALUES(55, 16);
INSERT INTO AObserve (lobservation, lobservateur) VALUES(56, 33);
INSERT INTO AObserve (lobservation, lobservateur) VALUES(57, 5);
INSERT INTO AObserve (lobservation, lobservateur) VALUES(58, 8);
INSERT INTO AObserve (lobservation, lobservateur) VALUES(59, 15);
INSERT INTO AObserve (lobservation, lobservateur) VALUES(60, 19);
INSERT INTO AObserve (lobservation, lobservateur) VALUES(62, 30);
INSERT INTO AObserve (lobservation, lobservateur) VALUES(63, 1);
INSERT INTO AObserve (lobservation, lobservateur) VALUES(65, 5);
INSERT INTO AObserve (lobservation, lobservateur) VALUES(68, 1);
INSERT INTO AObserve (lobservation, lobservateur) VALUES(69, 23);
INSERT INTO AObserve (lobservation, lobservateur) VALUES(70, 6);
INSERT INTO AObserve (lobservation, lobservateur) VALUES(71, 17);
INSERT INTO AObserve (lobservation, lobservateur) VALUES(72, 22);
INSERT INTO AObserve (lobservation, lobservateur) VALUES(73, 15);
INSERT INTO AObserve (lobservation, lobservateur) VALUES(74, 17);
INSERT INTO AObserve (lobservation, lobservateur) VALUES(78, 17);
INSERT INTO AObserve (lobservation, lobservateur) VALUES(79, 22);
INSERT INTO AObserve (lobservation, lobservateur) VALUES(81, 23);
INSERT INTO AObserve (lobservation, lobservateur) VALUES(1, 35);
INSERT INTO AObserve (lobservation, lobservateur) VALUES(2, 13);
INSERT INTO AObserve (lobservation, lobservateur) VALUES(3, 39);
INSERT INTO AObserve (lobservation, lobservateur) VALUES(4, 2);
INSERT INTO AObserve (lobservation, lobservateur) VALUES(5, 29);
INSERT INTO AObserve (lobservation, lobservateur) VALUES(6, 37);
INSERT INTO AObserve (lobservation, lobservateur) VALUES(7, 38);
INSERT INTO AObserve (lobservation, lobservateur) VALUES(8, 9);
INSERT INTO AObserve (lobservation, lobservateur) VALUES(10, 2);
INSERT INTO AObserve (lobservation, lobservateur) VALUES(12, 26);
INSERT INTO AObserve (lobservation, lobservateur) VALUES(13, 35);
INSERT INTO AObserve (lobservation, lobservateur) VALUES(15, 13);
INSERT INTO AObserve (lobservation, lobservateur) VALUES(17, 37);
INSERT INTO AObserve (lobservation, lobservateur) VALUES(18, 6);
INSERT INTO AObserve (lobservation, lobservateur) VALUES(19, 39);
INSERT INTO AObserve (lobservation, lobservateur) VALUES(20, 38);
INSERT INTO AObserve (lobservation, lobservateur) VALUES(21, 9);
INSERT INTO AObserve (lobservation, lobservateur) VALUES(22, 37);
INSERT INTO AObserve (lobservation, lobservateur) VALUES(23, 6);
INSERT INTO AObserve (lobservation, lobservateur) VALUES(24, 26);
INSERT INTO AObserve (lobservation, lobservateur) VALUES(25, 34);
INSERT INTO AObserve (lobservation, lobservateur) VALUES(27, 13);
INSERT INTO AObserve (lobservation, lobservateur) VALUES(28, 29);
INSERT INTO AObserve (lobservation, lobservateur) VALUES(29, 39);
INSERT INTO AObserve (lobservation, lobservateur) VALUES(30, 37);
INSERT INTO AObserve (lobservation, lobservateur) VALUES(32, 35);
INSERT INTO AObserve (lobservation, lobservateur) VALUES(33, 9);
INSERT INTO AObserve (lobservation, lobservateur) VALUES(34, 38);
INSERT INTO AObserve (lobservation, lobservateur) VALUES(35, 34);
INSERT INTO AObserve (lobservation, lobservateur) VALUES(36, 26);
INSERT INTO AObserve (lobservation, lobservateur) VALUES(38, 10);
INSERT INTO AObserve (lobservation, lobservateur) VALUES(39, 37);
INSERT INTO AObserve (lobservation, lobservateur) VALUES(41, 37);
INSERT INTO AObserve (lobservation, lobservateur) VALUES(43, 35);
INSERT INTO AObserve (lobservation, lobservateur) VALUES(47, 9);
INSERT INTO AObserve (lobservation, lobservateur) VALUES(48, 26);
INSERT INTO AObserve (lobservation, lobservateur) VALUES(49, 21);
INSERT INTO AObserve (lobservation, lobservateur) VALUES(50, 34);
INSERT INTO AObserve (lobservation, lobservateur) VALUES(51, 10);
INSERT INTO AObserve (lobservation, lobservateur) VALUES(52, 38);
INSERT INTO AObserve (lobservation, lobservateur) VALUES(53, 29);
INSERT INTO AObserve (lobservation, lobservateur) VALUES(54, 2);
INSERT INTO AObserve (lobservation, lobservateur) VALUES(55, 9);
INSERT INTO AObserve (lobservation, lobservateur) VALUES(56, 38);
INSERT INTO AObserve (lobservation, lobservateur) VALUES(58, 39);
INSERT INTO AObserve (lobservation, lobservateur) VALUES(59, 35);
INSERT INTO AObserve (lobservation, lobservateur) VALUES(60, 13);
INSERT INTO AObserve (lobservation, lobservateur) VALUES(62, 2);
INSERT INTO AObserve (lobservation, lobservateur) VALUES(63, 34);
INSERT INTO AObserve (lobservation, lobservateur) VALUES(68, 34);
INSERT INTO AObserve (lobservation, lobservateur) VALUES(69, 10);
INSERT INTO AObserve (lobservation, lobservateur) VALUES(71, 29);
INSERT INTO AObserve (lobservation, lobservateur) VALUES(73, 35);
INSERT INTO AObserve (lobservation, lobservateur) VALUES(74, 29);
INSERT INTO AObserve (lobservation, lobservateur) VALUES(78, 29);
INSERT INTO AObserve (lobservation, lobservateur) VALUES(81, 10);
INSERT INTO AObserve (lobservation, lobservateur) VALUES(3, 3);
INSERT INTO AObserve (lobservation, lobservateur) VALUES(19, 3);
INSERT INTO AObserve (lobservation, lobservateur) VALUES(29, 3);
INSERT INTO AObserve (lobservation, lobservateur) VALUES(6, 10);
INSERT INTO AObserve (lobservation, lobservateur) VALUES(9, 14);
INSERT INTO AObserve (lobservation, lobservateur) VALUES(14, 14);
INSERT INTO AObserve (lobservation, lobservateur) VALUES(15, 11);
INSERT INTO AObserve (lobservation, lobservateur) VALUES(16, 23);
INSERT INTO AObserve (lobservation, lobservateur) VALUES(30, 10);
INSERT INTO AObserve (lobservation, lobservateur) VALUES(31, 7);
INSERT INTO AObserve (lobservation, lobservateur) VALUES(40, 4);
INSERT INTO AObserve (lobservation, lobservateur) VALUES(42, 40);
INSERT INTO AObserve (lobservation, lobservateur) VALUES(44, 7);
INSERT INTO AObserve (lobservation, lobservateur) VALUES(45, 4);
INSERT INTO AObserve (lobservation, lobservateur) VALUES(49, 42);
INSERT INTO AObserve (lobservation, lobservateur) VALUES(60, 11);
INSERT INTO AObserve (lobservation, lobservateur) VALUES(61, 31);
INSERT INTO AObserve (lobservation, lobservateur) VALUES(64, 42);
INSERT INTO AObserve (lobservation, lobservateur) VALUES(66, 28);
INSERT INTO AObserve (lobservation, lobservateur) VALUES(67, 11);
INSERT INTO AObserve (lobservation, lobservateur) VALUES(72, 42);
INSERT INTO AObserve (lobservation, lobservateur) VALUES(75, 31);
INSERT INTO AObserve (lobservation, lobservateur) VALUES(76, 24);
INSERT INTO AObserve (lobservation, lobservateur) VALUES(77, 11);
INSERT INTO AObserve (lobservation, lobservateur) VALUES(79, 42);
INSERT INTO AObserve (lobservation, lobservateur) VALUES(80, 42);
INSERT INTO AObserve (lobservation, lobservateur) VALUES(82, 42);
INSERT INTO AObserve (lobservation, lobservateur) VALUES(9, 1);
INSERT INTO AObserve (lobservation, lobservateur) VALUES(14, 1);
INSERT INTO AObserve (lobservation, lobservateur) VALUES(16, 24);
INSERT INTO AObserve (lobservation, lobservateur) VALUES(31, 30);
INSERT INTO AObserve (lobservation, lobservateur) VALUES(37, 25);
INSERT INTO AObserve (lobservation, lobservateur) VALUES(40, 8);
INSERT INTO AObserve (lobservation, lobservateur) VALUES(42, 16);
INSERT INTO AObserve (lobservation, lobservateur) VALUES(44, 30);
INSERT INTO AObserve (lobservation, lobservateur) VALUES(45, 8);
INSERT INTO AObserve (lobservation, lobservateur) VALUES(61, 25);
INSERT INTO AObserve (lobservation, lobservateur) VALUES(64, 27);
INSERT INTO AObserve (lobservation, lobservateur) VALUES(66, 33);
INSERT INTO AObserve (lobservation, lobservateur) VALUES(67, 19);
INSERT INTO AObserve (lobservation, lobservateur) VALUES(70, 25);
INSERT INTO AObserve (lobservation, lobservateur) VALUES(75, 25);
INSERT INTO AObserve (lobservation, lobservateur) VALUES(76, 23);
INSERT INTO AObserve (lobservation, lobservateur) VALUES(77, 19);
INSERT INTO AObserve (lobservation, lobservateur) VALUES(80, 27);
INSERT INTO AObserve (lobservation, lobservateur) VALUES(82, 27);