
-- Basé sur le travail du groupe 1C2, modifs de LNAERT


DELETE FROM Obs_Chouette;
DELETE FROM Chouette;


INSERT INTO Lieu VALUES(257804.192296032,6733775.98005666);
INSERT INTO Observation VALUES(1+82,NULL, NULL,257804.192296032,6733775.98005666);
INSERT INTO Chouette VALUES('209-1','Hulotte','male');
INSERT INTO Obs_Chouette VALUES(1,'Sonore','209-1',1+82);

INSERT INTO Lieu VALUES(258014.852396571,6733782.59765144);
INSERT INTO Observation VALUES(2+82,NULL, NULL,258014.852396571,6733782.59765144);
INSERT INTO Chouette VALUES('209-2','Hulotte','male');
INSERT INTO Obs_Chouette VALUES(1,'Sonore','209-2',2+82);

INSERT INTO Lieu VALUES(256599.705937221,6733723.99036483);
INSERT INTO Observation VALUES(3+82,NULL, NULL,256599.705937221,6733723.99036483);
INSERT INTO Chouette VALUES('208-1','Hulotte','male');
INSERT INTO Obs_Chouette VALUES(1,'Sonore','208-1',3+82);

INSERT INTO Lieu VALUES(256379.4403119970,6733675.1747397800);
INSERT INTO Observation VALUES(4+82,NULL, NULL,256379.4403119970,6733675.1747397800);
INSERT INTO Chouette VALUES('208-2-2','Hulotte','femelle');
INSERT INTO Obs_Chouette VALUES(1,'Sonore','208-2-2',4+82);

INSERT INTO Lieu VALUES(256544.9371871650,6733750.1841148600);
INSERT INTO Observation VALUES(5+82,NULL, NULL,256544.9371871650,6733750.1841148600);
INSERT INTO Chouette VALUES('208-2-1','Hulotte','femelle');
INSERT INTO Obs_Chouette VALUES(1,'Visuel','208-2-1',5+82);

INSERT INTO Lieu VALUES(256458.0215620770,6733625.1684897300);
INSERT INTO Observation VALUES(6+82,NULL, NULL,256458.0215620770,6733625.1684897300);
INSERT INTO Chouette VALUES('208-3','Hulotte','male');
INSERT INTO Obs_Chouette VALUES(1,'Sonore','208-3',6+82);

INSERT INTO Lieu VALUES(259352.8848944060,6731790.5330136600);
INSERT INTO Observation VALUES(7+82,NULL, NULL,259352.8848944060,6731790.5330136600);
INSERT INTO Chouette VALUES('185-2','Hulotte','male');
INSERT INTO Obs_Chouette VALUES(1,'Sonore','185-2',7+82);

INSERT INTO Lieu VALUES(259320.4349667740,6731895.9952784700);
INSERT INTO Observation VALUES(8+82,NULL, NULL,259320.4349667740,6731895.9952784700);
INSERT INTO Chouette VALUES('185-1-1','Hulotte','male');
INSERT INTO Obs_Chouette VALUES(1,'Sonore','185-1-1',8+82);

INSERT INTO Lieu VALUES(259303.6691708300,6731964.6809586300);
INSERT INTO Observation VALUES(9+82,NULL, NULL,259303.6691708300,6731964.6809586300);
INSERT INTO Chouette VALUES('185-1-2','Hulotte','male');
INSERT INTO Obs_Chouette VALUES(1,'Sonore et Visuel','185-1-2',9+82);

INSERT INTO Lieu VALUES(259330.1699450630,6731919.2510599400);
INSERT INTO Observation VALUES(10+82,NULL, NULL,259330.1699450630,6731919.2510599400);
INSERT INTO Chouette VALUES('185-1-3','Hulotte','male');
INSERT INTO Obs_Chouette VALUES(1,'Sonore','185-1-3',10+82);

INSERT INTO Lieu VALUES(259256.6167757630,6731933.8535273800);
INSERT INTO Observation VALUES(11+82,NULL, NULL,259256.6167757630,6731933.8535273800);
INSERT INTO Chouette VALUES('185-1-4','Hulotte','male');
INSERT INTO Obs_Chouette VALUES(1,'Sonore et Visuel','185-1-4',11+82);

INSERT INTO Lieu VALUES(259212.2685413320,6731977.1200975500);
INSERT INTO Observation VALUES(12+82,NULL, NULL,259212.2685413320,6731977.1200975500);
INSERT INTO Chouette VALUES('185-3','Hulotte','femelle');
INSERT INTO Obs_Chouette VALUES(1,'Sonore','185-3',12+82);

INSERT INTO Lieu VALUES(270783.5994808250,6749235.0295461200);
INSERT INTO Observation VALUES(13+82,NULL, NULL,270783.5994808250,6749235.0295461200);
INSERT INTO Chouette VALUES('415-1','Hulotte','male');
INSERT INTO Obs_Chouette VALUES(1,'Sonore','415-1',13+82);

INSERT INTO Lieu VALUES(272201.6372218840,6749147.4299133700);
INSERT INTO Observation VALUES(14+82,NULL, NULL,272201.6372218840,6749147.4299133700);
INSERT INTO Chouette VALUES('415-2','Hulotte','male');
INSERT INTO Obs_Chouette VALUES(1,'Sonore','415-2',14+82);

INSERT INTO Lieu VALUES(271685.0086710620,6749643.7281740000);
INSERT INTO Observation VALUES(15+82,NULL, NULL,271685.0086710620,6749643.7281740000);
INSERT INTO Chouette VALUES('415-3','Effraie','inconnu');
INSERT INTO Obs_Chouette VALUES(1,'Sonore','415-3',15+82);

INSERT INTO Lieu VALUES(266716.3455425240,6751156.8399192000);
INSERT INTO Observation VALUES(16+82,NULL, NULL,266716.3455425240,6751156.8399192000);
INSERT INTO Chouette VALUES('438-1','Effraie','inconnu');
INSERT INTO Obs_Chouette VALUES(1,'Sonore','438-1',16+82);

INSERT INTO Lieu VALUES(267424.0190262020,6750406.7120060000);
INSERT INTO Observation VALUES(17+82,NULL, NULL,267424.0190262020,6750406.7120060000);
INSERT INTO Chouette VALUES('438-2-1','Hulotte','male');
INSERT INTO Obs_Chouette VALUES(1,'Sonore','438-2-1',17+82);

INSERT INTO Lieu VALUES(266760.2948463270,6750422.2586985000);
INSERT INTO Observation VALUES(18+82,NULL, NULL,266760.2948463270,6750422.2586985000);
INSERT INTO Chouette VALUES('438-3-2','Hulotte','femelle');
INSERT INTO Obs_Chouette VALUES(0,'Sonore','438-3-2',18+82);

INSERT INTO Lieu VALUES(266705.2834728590,6750425.8463967700);
INSERT INTO Observation VALUES(19+82,NULL, NULL,266705.2834728590,6750425.8463967700);
INSERT INTO Chouette VALUES('438-2-2','Hulotte','male');
INSERT INTO Obs_Chouette VALUES(1,'Sonore','438-2-2',19+82);

INSERT INTO Lieu VALUES(267468.2673048610,6750405.5161065700);
INSERT INTO Observation VALUES(20+82,NULL, NULL,267468.2673048610,6750405.5161065700);
INSERT INTO Chouette VALUES('438-3-1','Hulotte','femelle');
INSERT INTO Obs_Chouette VALUES(0,'Sonore','438-3-1',20+82);

INSERT INTO Lieu VALUES(267125.0441704020,6750235.6983884800);
INSERT INTO Observation VALUES(21+82,NULL, NULL,267125.0441704020,6750235.6983884800);
INSERT INTO Chouette VALUES('438-3-3','Hulotte','femelle');
INSERT INTO Obs_Chouette VALUES(0,'Sonore','438-3-3',21+82);

INSERT INTO Lieu VALUES(267070.0327969350,6750239.2860867500);
INSERT INTO Observation VALUES(22+82,NULL, NULL,267070.0327969350,6750239.2860867500);
INSERT INTO Chouette VALUES('438-2-3','Hulotte','male');
INSERT INTO Obs_Chouette VALUES(1,'Sonore','438-2-3',22+82);

INSERT INTO Lieu VALUES(267025.1865685650,6752767.4174673900);
INSERT INTO Observation VALUES(23+82,NULL, NULL,267025.1865685650,6752767.4174673900);
INSERT INTO Chouette VALUES('4630-1-1','Hulotte','male');
INSERT INTO Obs_Chouette VALUES(1,'Sonore','4630-1-1',23+82);

INSERT INTO Lieu VALUES(267079.0020426090,6752761.4379702800);
INSERT INTO Observation VALUES(24+82,NULL, NULL,267079.0020426090,6752761.4379702800);
INSERT INTO Chouette VALUES('4630-2-1','Hulotte','femelle');
INSERT INTO Obs_Chouette VALUES(1,'Sonore','4630-2-1',24+82);

INSERT INTO Lieu VALUES(266398.5352708090,6752567.7022637200);
INSERT INTO Observation VALUES(25+82,NULL, NULL,266398.5352708090,6752567.7022637200);
INSERT INTO Chouette VALUES('4630-1-3','Hulotte','male');
INSERT INTO Obs_Chouette VALUES(1,'Sonore','4630-1-3',25+82);

INSERT INTO Lieu VALUES(266793.1820804640,6752516.2785885200);
INSERT INTO Observation VALUES(26+82,NULL, NULL,266793.1820804640,6752516.2785885200);
INSERT INTO Chouette VALUES('4630-1-2','Hulotte','male');
INSERT INTO Obs_Chouette VALUES(1,'Sonore','4630-1-2',26+82);

INSERT INTO Lieu VALUES(266846.9975545080,6752510.2990914000);
INSERT INTO Observation VALUES(27+82,NULL, NULL,266846.9975545080,6752510.2990914000);
INSERT INTO Chouette VALUES('4630-2-2','Hulotte','femelle');
INSERT INTO Obs_Chouette VALUES(1,'Sonore','4630-2-2',27+82);

INSERT INTO Lieu VALUES(267137.6011143460,6752315.3674854200);
INSERT INTO Observation VALUES(28+82,NULL, NULL,267137.6011143460,6752315.3674854200);
INSERT INTO Chouette VALUES('4630-2-3','Hulotte','femelle');
INSERT INTO Obs_Chouette VALUES(1,'Sonore','4630-2-3',28+82);

INSERT INTO Lieu VALUES(267902.6777703380,6753264.9116274400);
INSERT INTO Observation VALUES(29+82,NULL, NULL,267902.6777703380,6753264.9116274400);
INSERT INTO Chouette VALUES('4631-1','Hulotte','male');
INSERT INTO Obs_Chouette VALUES(1,'Sonore','4631-1',29+82);

INSERT INTO Lieu VALUES(268182.8172102220,6753370.1507766800);
INSERT INTO Observation VALUES(30+82,NULL, NULL,268182.8172102220,6753370.1507766800);
INSERT INTO Chouette VALUES('4631-2','Hulotte','femelle');
INSERT INTO Obs_Chouette VALUES(1,'Sonore','4631-2',30+82);

INSERT INTO Lieu VALUES(272840.2475138730,6748914.8274755500);
INSERT INTO Observation VALUES(31+82,NULL, NULL,272840.2475138730,6748914.8274755500);
INSERT INTO Chouette VALUES('416-1','Effraie','inconnu');
INSERT INTO Obs_Chouette VALUES(1,'Sonore','416-1',31+82);

INSERT INTO Lieu VALUES(273489.6209006700,6748894.1982105000);
INSERT INTO Observation VALUES(32+82,NULL, NULL,273489.6209006700,6748894.1982105000);
INSERT INTO Chouette VALUES('416-2','Hulotte','male');
INSERT INTO Obs_Chouette VALUES(1,'Sonore','416-2',32+82);

INSERT INTO Lieu VALUES(273545.2302238490,6748888.8166631000);
INSERT INTO Observation VALUES(33+82,NULL, NULL,273545.2302238490,6748888.8166631000);
INSERT INTO Chouette VALUES('416-3','Hulotte','femelle');
INSERT INTO Obs_Chouette VALUES(1,'Sonore','416-3',33+82);

INSERT INTO Lieu VALUES(271293.8286975000,6752744.2882636600);
INSERT INTO Observation VALUES(34+82,NULL, NULL,271293.8286975000,6752744.2882636600);
INSERT INTO Chouette VALUES('465-1','Effraie','inconnu');
INSERT INTO Obs_Chouette VALUES(1,'Sonore','465-1',34+82);

INSERT INTO Lieu VALUES(271165.0786744910,6752717.3678043000);
INSERT INTO Observation VALUES(35+82,NULL, NULL,271165.0786744910,6752717.3678043000);
INSERT INTO Chouette VALUES('465-2-1','Hulotte','male');
INSERT INTO Obs_Chouette VALUES(1,'Visuel','465-2-1',35+82);

INSERT INTO Lieu VALUES(271342.9877971940,6752613.1973311400);
INSERT INTO Observation VALUES(36+82,NULL, NULL,271342.9877971940,6752613.1973311400);
INSERT INTO Chouette VALUES('465-2-2','Hulotte','male');
INSERT INTO Obs_Chouette VALUES(1,'Visuel','465-2-2',36+82);

INSERT INTO Lieu VALUES(271431.9423585450,6752607.3450573700);
INSERT INTO Observation VALUES(37+82,NULL, NULL,271431.9423585450,6752607.3450573700);
INSERT INTO Chouette VALUES('465-3-1','Hulotte','femelle');
INSERT INTO Obs_Chouette VALUES(1,'Visuel','465-3-1',37+82);

INSERT INTO Lieu VALUES(271175.6127672830,6752597.9814193300);
INSERT INTO Observation VALUES(38+82,NULL, NULL,271175.6127672830,6752597.9814193300);
INSERT INTO Chouette VALUES('465-3-2','Hulotte','femelle');
INSERT INTO Obs_Chouette VALUES(1,'Visuel','465-3-2',38+82);

INSERT INTO Lieu VALUES(270195.3569102880,6752553.5041386500);
INSERT INTO Observation VALUES(39+82,NULL, NULL,270195.3569102880,6752553.5041386500);
INSERT INTO Chouette VALUES('464-1','Hulotte','femelle');
INSERT INTO Obs_Chouette VALUES(1,'Sonore','464-1',39+82);

INSERT INTO Lieu VALUES(269423.4419996160,6748858.3784783100);
INSERT INTO Observation VALUES(40+82,NULL, NULL,269423.4419996160,6748858.3784783100);
INSERT INTO Chouette VALUES('414-1','Effraie','inconnu');
INSERT INTO Obs_Chouette VALUES(1,'Sonore','414-1',40+82);

INSERT INTO Lieu VALUES(269045.3851138730,6749251.6512758600);
INSERT INTO Observation VALUES(41+82,NULL, NULL,269045.3851138730,6749251.6512758600);
INSERT INTO Chouette VALUES('414-2-1','Hulotte','male');
INSERT INTO Obs_Chouette VALUES(1,'Sonore','414-2-1',41+82);

INSERT INTO Lieu VALUES(269265.4306077420,6749035.1171462600);
INSERT INTO Observation VALUES(42+82,NULL, NULL,269265.4306077420,6749035.1171462600);
INSERT INTO Chouette VALUES('414-2-2','Hulotte','male');
INSERT INTO Obs_Chouette VALUES(1,'Sonore','414-2-2',42+82);

INSERT INTO Lieu VALUES(267183.1915992710,6749511.4922313900);
INSERT INTO Observation VALUES(43+82,NULL, NULL,267183.1915992710,6749511.4922313900);
INSERT INTO Chouette VALUES('413-1-1','Hulotte','femelle');
INSERT INTO Obs_Chouette VALUES(1,'Sonore','413-1-1',43+82);

INSERT INTO Lieu VALUES(267111.7938592390,6749129.9239813900);
INSERT INTO Observation VALUES(44+82,NULL, NULL,267111.7938592390,6749129.9239813900);
INSERT INTO Chouette VALUES('413-1-2','Hulotte','femelle');
INSERT INTO Obs_Chouette VALUES(1,'Sonore','413-1-2',44+82);

INSERT INTO Lieu VALUES(267457.0780118530,6749557.1399668200);
INSERT INTO Observation VALUES(45+82,NULL, NULL,267457.0780118530,6749557.1399668200);
INSERT INTO Chouette VALUES('413-2','Hulotte','male');
INSERT INTO Obs_Chouette VALUES(1,'Sonore','413-2',45+82);

INSERT INTO Lieu VALUES(267458.2484666070,6749499.7876838400);
INSERT INTO Observation VALUES(46+82,NULL, NULL,267458.2484666070,6749499.7876838400);
INSERT INTO Chouette VALUES('413-3','Hulotte','inconnu');
INSERT INTO Obs_Chouette VALUES(1,'Sonore','413-3',46+82);

INSERT INTO Lieu VALUES(269295.8624313620,6751313.9925535000);
INSERT INTO Observation VALUES(47+82,NULL, NULL,269295.8624313620,6751313.9925535000);
INSERT INTO Chouette VALUES('439-1-1','Hulotte','male');
INSERT INTO Obs_Chouette VALUES(1,'Sonore','439-1-1',47+82);

INSERT INTO Lieu VALUES(269476.1124635740,6751131.4016117800);
INSERT INTO Observation VALUES(48+82,NULL, NULL,269476.1124635740,6751131.4016117800);
INSERT INTO Chouette VALUES('439-1-2','Hulotte','male');
INSERT INTO Obs_Chouette VALUES(1,'Sonore','439-1-2',48+82);

INSERT INTO Lieu VALUES(269588.4761200170,6751152.4697973700);
INSERT INTO Observation VALUES(49+82,NULL, NULL,269588.4761200170,6751152.4697973700);
INSERT INTO Chouette VALUES('439-2','Hulotte','male');
INSERT INTO Obs_Chouette VALUES(1,'Sonore','439-2',49+82);

INSERT INTO Lieu VALUES(269651.6806767670,6750958.1743081000);
INSERT INTO Observation VALUES(50+82,NULL, NULL,269651.6806767670,6750958.1743081000);
INSERT INTO Chouette VALUES('439-3','Hulotte','femelle');
INSERT INTO Obs_Chouette VALUES(1,'Sonore','439-3',50+82);

INSERT INTO Lieu VALUES(271647.3060333950,6750924.2311202200);
INSERT INTO Observation VALUES(51+82,NULL, NULL,271647.3060333950,6750924.2311202200);
INSERT INTO Chouette VALUES('440-1','Hulotte','male');
INSERT INTO Obs_Chouette VALUES(1,'Sonore','440-1',51+82);

INSERT INTO Lieu VALUES(271799.4651514960,6750003.0832283300);
INSERT INTO Observation VALUES(52+82,NULL, NULL,271799.4651514960,6750003.0832283300);
INSERT INTO Chouette VALUES('440-2','Hulotte','male');
INSERT INTO Obs_Chouette VALUES(1,'Sonore','440-2',52+82);

INSERT INTO Lieu VALUES(275382.0456752310,6752730.9912883700);
INSERT INTO Observation VALUES(53+82,NULL, NULL,275382.0456752310,6752730.9912883700);
INSERT INTO Chouette VALUES('467-1','Hulotte','male');
INSERT INTO Obs_Chouette VALUES(1,'Sonore','467-1',53+82);

INSERT INTO Lieu VALUES(277995.7147128560,6749879.0039694900);
INSERT INTO Observation VALUES(54+82,NULL, NULL,277995.7147128560,6749879.0039694900);
INSERT INTO Chouette VALUES('443-1','Hulotte','male');
INSERT INTO Obs_Chouette VALUES(1,'Sonore','443-1',54+82);

INSERT INTO Lieu VALUES(280333.0240534370,6756042.8321922200);
INSERT INTO Observation VALUES(55+82,NULL, NULL,280333.0240534370,6756042.8321922200);
INSERT INTO Chouette VALUES('519-1','Hulotte','male');
INSERT INTO Obs_Chouette VALUES(1,'Sonore','519-1',55+82);

INSERT INTO Lieu VALUES(280274.8430645860,6755838.0798660700);
INSERT INTO Observation VALUES(56+82,NULL, NULL,280274.8430645860,6755838.0798660700);
INSERT INTO Chouette VALUES('519-2','Hulotte','male');
INSERT INTO Obs_Chouette VALUES(1,'Sonore','519-2',56+82);

INSERT INTO Lieu VALUES(279686.3199850520,6756182.6903384900);
INSERT INTO Observation VALUES(57+82,NULL, NULL,279686.3199850520,6756182.6903384900);
INSERT INTO Chouette VALUES('519-3','Hulotte','male');
INSERT INTO Obs_Chouette VALUES(1,'Sonore','519-3',57+82);

INSERT INTO Lieu VALUES(274151.2939879930,6752543.0219397800);
INSERT INTO Observation VALUES(58+82,NULL, NULL,274151.2939879930,6752543.0219397800);
INSERT INTO Chouette VALUES('466-1','Hulotte','male');
INSERT INTO Obs_Chouette VALUES(1,'Sonore','466-1',58+82);

INSERT INTO Lieu VALUES(277729.4248023440,6752397.5694676600);
INSERT INTO Observation VALUES(59+82,NULL, NULL,277729.4248023440,6752397.5694676600);
INSERT INTO Chouette VALUES('468-1','Effraie','inconnu');
INSERT INTO Obs_Chouette VALUES(1,'Sonore et Visuel','468-1',59+82);

INSERT INTO Lieu VALUES(277562.7138919820,6754462.9945718700);
INSERT INTO Observation VALUES(60+82,NULL, NULL,277562.7138919820,6754462.9945718700);
INSERT INTO Chouette VALUES('493-1','Hulotte','male');
INSERT INTO Obs_Chouette VALUES(1,'Sonore','493-1',60+82);

INSERT INTO Lieu VALUES(273964.4435045670,6755031.3780783400);
INSERT INTO Observation VALUES(61+82,NULL, NULL,273964.4435045670,6755031.3780783400);
INSERT INTO Chouette VALUES('491-1','Hulotte','male');
INSERT INTO Obs_Chouette VALUES(1,'Sonore','491-1',61+82);

INSERT INTO Lieu VALUES(275718.8240914660,6748208.5382703700);
INSERT INTO Observation VALUES(62+82,NULL, NULL,275718.8240914660,6748208.5382703700);
INSERT INTO Chouette VALUES('417-1','Effraie','inconnu');
INSERT INTO Obs_Chouette VALUES(1,'Sonore','417-1',62+82);

INSERT INTO Lieu VALUES(284852.1204759400,6750122.9165766000);
INSERT INTO Observation VALUES(63+82,NULL, NULL,284852.1204759400,6750122.9165766000);
INSERT INTO Chouette VALUES('447-1','Hulotte','male');
INSERT INTO Obs_Chouette VALUES(1,'Sonore','447-1',63+82);

INSERT INTO Lieu VALUES(284925.9655771740,6749250.2017438400);
INSERT INTO Observation VALUES(64+82,NULL, NULL,284925.9655771740,6749250.2017438400);
INSERT INTO Chouette VALUES('447-2','Hulotte','femelle');
INSERT INTO Obs_Chouette VALUES(1,'Sonore','447-2',64+82);

INSERT INTO Lieu VALUES(284726.8075768760,6750365.7103185400);
INSERT INTO Observation VALUES(65+82,NULL, NULL,284726.8075768760,6750365.7103185400);
INSERT INTO Chouette VALUES('446-1','Hulotte','femelle');
INSERT INTO Obs_Chouette VALUES(1,'Sonore','446-1',65+82);

INSERT INTO Lieu VALUES(285765.1144548360,6751424.1567695700);
INSERT INTO Observation VALUES(66+82,NULL, NULL,285765.1144548360,6751424.1567695700);
INSERT INTO Chouette VALUES('472-1-1','Hulotte','male');
INSERT INTO Obs_Chouette VALUES(1,'Sonore','472-1-1',66+82);

INSERT INTO Lieu VALUES(285512.2509263680,6751247.3760726700);
INSERT INTO Observation VALUES(67+82,NULL, NULL,285512.2509263680,6751247.3760726700);
INSERT INTO Chouette VALUES('472-1-2','Hulotte','male');
INSERT INTO Obs_Chouette VALUES(1,'Sonore','472-1-2',67+82);

INSERT INTO Lieu VALUES(284252.4087447040,6751900.7933320800);
INSERT INTO Observation VALUES(68+82,NULL, NULL,284252.4087447040,6751900.7933320800);
INSERT INTO Chouette VALUES('472-2','Hulotte','male');
INSERT INTO Obs_Chouette VALUES(1,'Sonore','472-2',68+82);

INSERT INTO Lieu VALUES(285590.5714882830,6751643.4543429300);
INSERT INTO Observation VALUES(69+82,NULL, NULL,285590.5714882830,6751643.4543429300);
INSERT INTO Chouette VALUES('472-3-1','Effraie','inconnu');
INSERT INTO Obs_Chouette VALUES(1,'Sonore et Visuel','472-3-1',69+82);

INSERT INTO Lieu VALUES(285326.5193081120,6751598.6997361200);
INSERT INTO Observation VALUES(70+82,NULL, NULL,285326.5193081120,6751598.6997361200);
INSERT INTO Chouette VALUES('472-3-2','Effraie','inconnu');
INSERT INTO Obs_Chouette VALUES(1,'Sonore et Visuel','472-3-2',70+82);

INSERT INTO Lieu VALUES(283198.4377543610,6752068.6231076100);
INSERT INTO Observation VALUES(71+82,NULL, NULL,283198.4377543610,6752068.6231076100);
INSERT INTO Chouette VALUES('416-1-1','Hulotte','femelle');
INSERT INTO Obs_Chouette VALUES(1,'Sonore','416-1-1',71+82);

INSERT INTO Lieu VALUES(283341.6524961480,6751750.8653992700);
INSERT INTO Observation VALUES(72+82,NULL, NULL,283341.6524961480,6751750.8653992700);
INSERT INTO Chouette VALUES('416-1-2','Hulotte','femelle');
INSERT INTO Obs_Chouette VALUES(1,'Sonore','416-1-2',72+82);

INSERT INTO Lieu VALUES(283751.1571484470,6751697.1598711000);
INSERT INTO Observation VALUES(73+82,NULL, NULL,283751.1571484470,6751697.1598711000);
INSERT INTO Chouette VALUES('416-1-3','Hulotte','femelle');
INSERT INTO Obs_Chouette VALUES(1,'Sonore','416-1-3',73+82);

INSERT INTO Lieu VALUES(283867.5191261500,6754118.3840994500);
INSERT INTO Observation VALUES(74+82,NULL, NULL,283867.5191261500,6754118.3840994500);
INSERT INTO Chouette VALUES('496-1-1','Hulotte','male');
INSERT INTO Obs_Chouette VALUES(1,'Sonore','496-1-1',74+82);

INSERT INTO Lieu VALUES(283918.9869239800,6754073.6294926400);
INSERT INTO Observation VALUES(75+82,NULL, NULL,283918.9869239800,6754073.6294926400);
INSERT INTO Chouette VALUES('491-2-1','Hulotte','femelle');
INSERT INTO Obs_Chouette VALUES(1,'Sonore','491-2-1',75+82);

INSERT INTO Lieu VALUES(283469.2031255530,6754395.8626616600);
INSERT INTO Observation VALUES(76+82,NULL, NULL,283469.2031255530,6754395.8626616600);
INSERT INTO Chouette VALUES('496-1-2','Hulotte','male');
INSERT INTO Obs_Chouette VALUES(1,'Sonore','496-1-2',76+82);

INSERT INTO Lieu VALUES(283520.6709233830,6754351.1080548500);
INSERT INTO Observation VALUES(77+82,NULL, NULL,283520.6709233830,6754351.1080548500);
INSERT INTO Chouette VALUES('491-2-2','Hulotte','femelle');
INSERT INTO Obs_Chouette VALUES(1,'Sonore','491-2-2',77+82);

INSERT INTO Lieu VALUES(284460.5176663640,6752974.9038954900);
INSERT INTO Observation VALUES(78+82,NULL, NULL,284460.5176663640,6752974.9038954900);
INSERT INTO Chouette VALUES('497-1-2','Hulotte','male');
INSERT INTO Obs_Chouette VALUES(1,'Sonore','497-1-2',78+82);

INSERT INTO Lieu VALUES(284153.9486097250,6753158.3977834000);
INSERT INTO Observation VALUES(79+82,NULL, NULL,284153.9486097250,6753158.3977834000);
INSERT INTO Chouette VALUES('497-1-1','Hulotte','male');
INSERT INTO Obs_Chouette VALUES(1,'Sonore','497-1-1',79+82);

INSERT INTO Lieu VALUES(284478.4195090880,6753315.0389072300);
INSERT INTO Observation VALUES(80+82,NULL, NULL,284478.4195090880,6753315.0389072300);
INSERT INTO Chouette VALUES('497-2','Effraie','inconnu');
INSERT INTO Obs_Chouette VALUES(1,'Sonore et Visuel','497-2',80+82);

INSERT INTO Lieu VALUES(280857.7718182690,6751368.2135110600);
INSERT INTO Observation VALUES(81+82,NULL, NULL,280857.7718182690,6751368.2135110600);
INSERT INTO Chouette VALUES('470-1-1','Hulotte','male');
INSERT INTO Obs_Chouette VALUES(1,'Sonore et Visuel','470-1-1',81+82);

INSERT INTO Lieu VALUES(280832.0379193540,6751547.2319382900);
INSERT INTO Observation VALUES(82+82,NULL, NULL,280832.0379193540,6751547.2319382900);
INSERT INTO Chouette VALUES('470-1-2','Hulotte','male');
INSERT INTO Obs_Chouette VALUES(1,'Sonore et Visuel','470-1-2',82+82);

INSERT INTO Lieu VALUES(280769.3814698210,6751547.2319382900);
INSERT INTO Observation VALUES(83+82,NULL, NULL,280769.3814698210,6751547.2319382900);
INSERT INTO Chouette VALUES('470-2-1','Hulotte','femelle');
INSERT INTO Obs_Chouette VALUES(1,'Sonore et Visuel','470-2-1',83+82);

INSERT INTO Lieu VALUES(280777.2135260130,6751369.3323762300);
INSERT INTO Observation VALUES(84+82,NULL, NULL,280777.2135260130,6751369.3323762300);
INSERT INTO Chouette VALUES('470-2-2','Hulotte','femelle');
INSERT INTO Obs_Chouette VALUES(1,'Sonore et Visuel','470-2-2',84+82);

INSERT INTO Lieu VALUES(280243.5148398200,6751702.7541969500);
INSERT INTO Observation VALUES(85+82,NULL, NULL,280243.5148398200,6751702.7541969500);
INSERT INTO Chouette VALUES('469-1-1','Hulotte','male');
INSERT INTO Obs_Chouette VALUES(1,'Sonore','469-1-1',85+82);

INSERT INTO Lieu VALUES(280648.5440314380,6751946.6668040600);
INSERT INTO Observation VALUES(86+82,NULL, NULL,280648.5440314380,6751946.6668040600);
INSERT INTO Chouette VALUES('469-1-2','Hulotte','male');
INSERT INTO Obs_Chouette VALUES(1,'Sonore','469-1-2',86+82);

INSERT INTO Lieu VALUES(280284.9128511200,6754310.8289087300);
INSERT INTO Observation VALUES(87+82,NULL, NULL,280284.9128511200,6754310.8289087300);
INSERT INTO Chouette VALUES('494-1','Hulotte','male');
INSERT INTO Obs_Chouette VALUES(1,'Sonore','494-1',87+82);

INSERT INTO Lieu VALUES(283255.4998780410,6754842.2898645800);
INSERT INTO Observation VALUES(88+82,NULL, NULL,283255.4998780410,6754842.2898645800);
INSERT INTO Chouette VALUES('521-1-1','Hulotte','male');
INSERT INTO Obs_Chouette VALUES(1,'Sonore','521-1-1',88+82);

INSERT INTO Lieu VALUES(282635.3288979780,6754699.5013571400);
INSERT INTO Observation VALUES(89+82,NULL, NULL,282635.3288979780,6754699.5013571400);
INSERT INTO Chouette VALUES('521-1-2','Hulotte','male');
INSERT INTO Obs_Chouette VALUES(1,'Sonore','521-1-2',89+82);

INSERT INTO Lieu VALUES(283020.6447508830,6754548.5611177500);
INSERT INTO Observation VALUES(90+82,NULL, NULL,283020.6447508830,6754548.5611177500);
INSERT INTO Chouette VALUES('521-2-1','Hulotte','femelle');
INSERT INTO Obs_Chouette VALUES(1,'Sonore','521-2-1',90+82);

INSERT INTO Lieu VALUES(282767.0353123010,6754578.3975222900);
INSERT INTO Observation VALUES(91+82,NULL, NULL,282767.0353123010,6754578.3975222900);
INSERT INTO Chouette VALUES('521-2-2','Hulotte','femelle');
INSERT INTO Obs_Chouette VALUES(1,'Sonore','521-2-2',91+82);

INSERT INTO Lieu VALUES(258077.8511044110,6732375.1122437300);
INSERT INTO Observation VALUES(92+82,NULL, NULL,258077.8511044110,6732375.1122437300);
INSERT INTO Chouette VALUES('184-3','Hulotte','male');
INSERT INTO Obs_Chouette VALUES(1,'Sonore','184-3',92+82);

INSERT INTO Lieu VALUES(258197.3621269420,6732402.5805029400);
INSERT INTO Observation VALUES(93+82,NULL, NULL,258197.3621269420,6732402.5805029400);
INSERT INTO Chouette VALUES('184-1','Hulotte','male');
INSERT INTO Obs_Chouette VALUES(1,'Sonore','184-1',93+82);

INSERT INTO Lieu VALUES(258500.9586761130,6732336.0784016900);
INSERT INTO Observation VALUES(94+82,NULL, NULL,258500.9586761130,6732336.0784016900);
INSERT INTO Chouette VALUES('184-2','Hulotte','male');
INSERT INTO Obs_Chouette VALUES(1,'Sonore','184-2',94+82);

INSERT INTO Lieu VALUES(261692.0957374030,6729511.1847965500);
INSERT INTO Observation VALUES(95+82,NULL, NULL,261692.0957374030,6729511.1847965500);
INSERT INTO Chouette VALUES('161-1','Hulotte','male');
INSERT INTO Obs_Chouette VALUES(1,'Sonore','161-1',95+82);

INSERT INTO Lieu VALUES(261671.3740681740,6729451.4292852800);
INSERT INTO Observation VALUES(96+82,NULL, NULL,261671.3740681740,6729451.4292852800);
INSERT INTO Chouette VALUES('161-2','Hulotte','male');
INSERT INTO Obs_Chouette VALUES(1,'Sonore','161-2',96+82);

INSERT INTO Lieu VALUES(261682.9396510000,6729399.3841625700);
INSERT INTO Observation VALUES(97+82,NULL, NULL,261682.9396510000,6729399.3841625700);
INSERT INTO Chouette VALUES('161-3','Hulotte','femelle');
INSERT INTO Obs_Chouette VALUES(1,'Sonore','161-3',97+82);

INSERT INTO Lieu VALUES(261632.3402261380,6729230.7194130200);
INSERT INTO Observation VALUES(98+82,NULL, NULL,261632.3402261380,6729230.7194130200);
INSERT INTO Chouette VALUES('161-4-1','Hulotte','male');
INSERT INTO Obs_Chouette VALUES(1,'Sonore','161-4-1',98+82);

INSERT INTO Lieu VALUES(261518.6119950200,6729373.3616012100);
INSERT INTO Observation VALUES(99+82,NULL, NULL,261518.6119950200,6729373.3616012100);
INSERT INTO Chouette VALUES('161-4-2','Hulotte','male');
INSERT INTO Obs_Chouette VALUES(1,'Sonore','161-4-2',99+82);

INSERT INTO Lieu VALUES(261518.6119950200,6729421.5515296500);
INSERT INTO Observation VALUES(100+82,NULL, NULL,261518.6119950200,6729421.5515296500);
INSERT INTO Chouette VALUES('161-5','Hulotte','femelle');
INSERT INTO Obs_Chouette VALUES(1,'Sonore','161-5',100+82);

INSERT INTO Lieu VALUES(260423.4958712230,6727821.8868550900);
INSERT INTO Observation VALUES(101+82,NULL, NULL,260423.4958712230,6727821.8868550900);
INSERT INTO Chouette VALUES('135-1','Hulotte','male');
INSERT INTO Obs_Chouette VALUES(1,'Sonore','135-1',101+82);

INSERT INTO Lieu VALUES(260453.3133894450,6727820.8025817000);
INSERT INTO Observation VALUES(102+82,NULL, NULL,260453.3133894450,6727820.8025817000);
INSERT INTO Chouette VALUES('135-2','Hulotte','femelle');
INSERT INTO Obs_Chouette VALUES(1,'Sonore','135-2',102+82);

INSERT INTO Lieu VALUES(266760.8500000010,6747096.8900000000);
INSERT INTO Observation VALUES(103+82,NULL, NULL,266760.8500000010,6747096.8900000000);
INSERT INTO Chouette VALUES('388-1','Hulotte','male');
INSERT INTO Obs_Chouette VALUES(1,'Sonore','388-1',103+82);

INSERT INTO Lieu VALUES(266591.6561179810,6746861.8631157900);
INSERT INTO Observation VALUES(104+82,NULL, NULL,266591.6561179810,6746861.8631157900);
INSERT INTO Chouette VALUES('388-2','Hulotte','male');
INSERT INTO Obs_Chouette VALUES(1,'Sonore','388-2',104+82);

INSERT INTO Lieu VALUES(267145.4487518690,6745888.4566800100);
INSERT INTO Observation VALUES(105+82,NULL, NULL,267145.4487518690,6745888.4566800100);
INSERT INTO Chouette VALUES('363-1','Hulotte','male');
INSERT INTO Obs_Chouette VALUES(1,'Sonore','363-1',105+82);

INSERT INTO Lieu VALUES(266847.8157063430,6745977.9092346800);
INSERT INTO Observation VALUES(106+82,NULL, NULL,266847.8157063430,6745977.9092346800);
INSERT INTO Chouette VALUES('363-2','Hulotte','femelle');
INSERT INTO Obs_Chouette VALUES(1,'Sonore','363-2',106+82);

INSERT INTO Lieu VALUES(273394.5229003480,6746358.4891945300);
INSERT INTO Observation VALUES(107+82,NULL, NULL,273394.5229003480,6746358.4891945300);
INSERT INTO Chouette VALUES('391-1','Hulotte','femelle');
INSERT INTO Obs_Chouette VALUES(1,'Sonore','391-1',107+82);

INSERT INTO Lieu VALUES(273389.0337663110,6746343.8515037700);
INSERT INTO Observation VALUES(108+82,NULL, NULL,273389.0337663110,6746343.8515037700);
INSERT INTO Chouette VALUES('391-2','Hulotte','male');
INSERT INTO Obs_Chouette VALUES(1,'Sonore','391-2',108+82);

INSERT INTO Lieu VALUES(274967.4647536520,6746735.4097317000);
INSERT INTO Observation VALUES(109+82,NULL, NULL,274967.4647536520,6746735.4097317000);
INSERT INTO Chouette VALUES('392-1-1','Hulotte','male');
INSERT INTO Obs_Chouette VALUES(1,'Sonore','392-1-1',109+82);

INSERT INTO Lieu VALUES(274946.1181212890,6746445.7054353300);
INSERT INTO Observation VALUES(110+82,NULL, NULL,274946.1181212890,6746445.7054353300);
INSERT INTO Chouette VALUES('392-2','Hulotte','male');
INSERT INTO Obs_Chouette VALUES(1,'Sonore et Visuel','392-2',110+82);

INSERT INTO Lieu VALUES(273049.3173598390,6744908.7479051600);
INSERT INTO Observation VALUES(111+82,NULL, NULL,273049.3173598390,6744908.7479051600);
INSERT INTO Chouette VALUES('366-1','Effraie','inconnu');
INSERT INTO Obs_Chouette VALUES(1,'Visuel','366-1',111+82);

INSERT INTO Lieu VALUES(272809.0152698040,6745185.6442221000);
INSERT INTO Observation VALUES(112+82,NULL, NULL,272809.0152698040,6745185.6442221000);
INSERT INTO Chouette VALUES('366-2','Hulotte','male');
INSERT INTO Obs_Chouette VALUES(1,'Sonore','366-2',112+82);

INSERT INTO Lieu VALUES(272955.3921774400,6745130.7528817400);
INSERT INTO Observation VALUES(113+82,NULL, NULL,272955.3921774400,6745130.7528817400);
INSERT INTO Chouette VALUES('366-3','Hulotte','male');
INSERT INTO Obs_Chouette VALUES(1,'Sonore','366-3',113+82);

INSERT INTO Lieu VALUES(271663.6159675520,6730846.8063115900);
INSERT INTO Observation VALUES(114+82,NULL, NULL,271663.6159675520,6730846.8063115900);
INSERT INTO Chouette VALUES('191-2-1','Hulotte','male');
INSERT INTO Obs_Chouette VALUES(1,'Sonore','191-2-1',114+82);

INSERT INTO Lieu VALUES(271824.6305659520,6730711.4076720300);
INSERT INTO Observation VALUES(115+82,NULL, NULL,271824.6305659520,6730711.4076720300);
INSERT INTO Chouette VALUES('191-2-2','Hulotte','male');
INSERT INTO Obs_Chouette VALUES(1,'Visuel','191-2-2',115+82);

INSERT INTO Lieu VALUES(271894.1595970790,6730948.0503393700);
INSERT INTO Observation VALUES(116+82,NULL, NULL,271894.1595970790,6730948.0503393700);
INSERT INTO Chouette VALUES('191-1','Hulotte','male');
INSERT INTO Obs_Chouette VALUES(1,'Sonore','191-1',116+82);

INSERT INTO Lieu VALUES(272084.4495770060,6730878.5213082500);
INSERT INTO Observation VALUES(117+82,NULL, NULL,272084.4495770060,6730878.5213082500);
INSERT INTO Chouette VALUES('191-4','Hulotte','femelle');
INSERT INTO Obs_Chouette VALUES(1,'Sonore','191-4',117+82);

INSERT INTO Lieu VALUES(271983.2055492240,6730740.6830535600);
INSERT INTO Observation VALUES(118+82,NULL, NULL,271983.2055492240,6730740.6830535600);
INSERT INTO Chouette VALUES('191-3','Hulotte','inconnu');
INSERT INTO Obs_Chouette VALUES(1,'Sonore','191-3',118+82);

INSERT INTO Lieu VALUES(274659.7682957260,6744028.9616998900);
INSERT INTO Observation VALUES(119+82,NULL, NULL,274659.7682957260,6744028.9616998900);
INSERT INTO Chouette VALUES('367-1','Effraie','inconnu');
INSERT INTO Obs_Chouette VALUES(1,'Visuel','367-1',119+82);

INSERT INTO Lieu VALUES(274555.9321768720,6743862.4579674500);
INSERT INTO Observation VALUES(120+82,NULL, NULL,274555.9321768720,6743862.4579674500);
INSERT INTO Chouette VALUES('367-2','Hulotte','male');
INSERT INTO Obs_Chouette VALUES(1,'Sonore et Visuel','367-2',120+82);

INSERT INTO Lieu VALUES(273408.5030385950,6730463.0529461300);
INSERT INTO Observation VALUES(121+82,NULL, NULL,273408.5030385950,6730463.0529461300);
INSERT INTO Chouette VALUES('192-1','Hulotte','male');
INSERT INTO Obs_Chouette VALUES(1,'Sonore','192-1',121+82);

INSERT INTO Lieu VALUES(273881.9408492320,6730352.9271945200);
INSERT INTO Observation VALUES(122+82,NULL, NULL,273881.9408492320,6730352.9271945200);
INSERT INTO Chouette VALUES('192-2','Hulotte','male');
INSERT INTO Obs_Chouette VALUES(1,'Sonore','192-2',122+82);

INSERT INTO Lieu VALUES(273534.0669796770,6730351.8979818900);
INSERT INTO Observation VALUES(123+82,NULL, NULL,273534.0669796770,6730351.8979818900);
INSERT INTO Chouette VALUES('192-3','Hulotte','femelle');
INSERT INTO Obs_Chouette VALUES(1,'Sonore','192-3',123+82);

INSERT INTO Lieu VALUES(266963.5735381450,6727238.5297706400);
INSERT INTO Observation VALUES(124+82,NULL, NULL,266963.5735381450,6727238.5297706400);
INSERT INTO Chouette VALUES('139-1-1','Hulotte','male');
INSERT INTO Obs_Chouette VALUES(1,'Sonore','139-1-1',124+82);

INSERT INTO Lieu VALUES(267461.7124519450,6727023.4243305900);
INSERT INTO Observation VALUES(125+82,NULL, NULL,267461.7124519450,6727023.4243305900);
INSERT INTO Chouette VALUES('139-1-2','Hulotte','male');
INSERT INTO Obs_Chouette VALUES(1,'Sonore','139-1-2',125+82);

INSERT INTO Lieu VALUES(270230.2944315380,6727695.5001791600);
INSERT INTO Observation VALUES(126+82,NULL, NULL,270230.2944315380,6727695.5001791600);
INSERT INTO Chouette VALUES('140-1','Hulotte','femelle');
INSERT INTO Obs_Chouette VALUES(1,'Sonore','140-1',126+82);

INSERT INTO Lieu VALUES(270088.7776946630,6727827.7540023500);
INSERT INTO Observation VALUES(127+82,NULL, NULL,270088.7776946630,6727827.7540023500);
INSERT INTO Chouette VALUES('140-2','Hulotte','male');
INSERT INTO Obs_Chouette VALUES(1,'Sonore','140-2',127+82);

INSERT INTO Lieu VALUES(271346.4755307460,6727563.2463559800);
INSERT INTO Observation VALUES(128+82,NULL, NULL,271346.4755307460,6727563.2463559800);
INSERT INTO Chouette VALUES('141-2','Hulotte','inconnu');
INSERT INTO Obs_Chouette VALUES(1,'Sonore','141-2',128+82);

INSERT INTO Lieu VALUES(271647.0056192370,6727414.0105243600);
INSERT INTO Observation VALUES(129+82,NULL, NULL,271647.0056192370,6727414.0105243600);
INSERT INTO Chouette VALUES('141-3-1','Hulotte','femelle');
INSERT INTO Obs_Chouette VALUES(1,'Sonore','141-3-1',129+82);

INSERT INTO Lieu VALUES(271467.9226213000,6727347.1117032900);
INSERT INTO Observation VALUES(130+82,NULL, NULL,271467.9226213000,6727347.1117032900);
INSERT INTO Chouette VALUES('141-3-2','Hulotte','femelle');
INSERT INTO Obs_Chouette VALUES(1,'Sonore','141-3-2',130+82);

INSERT INTO Lieu VALUES(271338.2418296910,6727192.7298085200);
INSERT INTO Observation VALUES(131+82,NULL, NULL,271338.2418296910,6727192.7298085200);
INSERT INTO Chouette VALUES('141-3-3','Hulotte','femelle');
INSERT INTO Obs_Chouette VALUES(1,'Sonore','141-3-3',131+82);

INSERT INTO Lieu VALUES(271390.7316739140,6727144.3568148300);
INSERT INTO Observation VALUES(132+82,NULL, NULL,271390.7316739140,6727144.3568148300);
INSERT INTO Chouette VALUES('141-1','Hulotte','male');
INSERT INTO Obs_Chouette VALUES(1,'Sonore','141-1',132+82);

INSERT INTO Lieu VALUES(273059.0853500920,6727337.8487896100);
INSERT INTO Observation VALUES(133+82,NULL, NULL,273059.0853500920,6727337.8487896100);
INSERT INTO Chouette VALUES('142-1-1','Hulotte','male');
INSERT INTO Obs_Chouette VALUES(1,'Sonore','142-1-1',133+82);

INSERT INTO Lieu VALUES(273173.3279522240,6727168.0287053500);
INSERT INTO Observation VALUES(134+82,NULL, NULL,273173.3279522240,6727168.0287053500);
INSERT INTO Chouette VALUES('142-1-2','Hulotte','male');
INSERT INTO Obs_Chouette VALUES(1,'Sonore','142-1-2',134+82);

INSERT INTO Lieu VALUES(273254.6357501380,6727162.8826422000);
INSERT INTO Observation VALUES(135+82,NULL, NULL,273254.6357501380,6727162.8826422000);
INSERT INTO Chouette VALUES('142-2','Hulotte','femelle');
INSERT INTO Obs_Chouette VALUES(1,'Sonore','142-2',135+82);

INSERT INTO Lieu VALUES(267168.9014581920,6728957.8294720900);
INSERT INTO Observation VALUES(136+82,NULL, NULL,267168.9014581920,6728957.8294720900);
INSERT INTO Chouette VALUES('164-1','Hulotte','male');
INSERT INTO Obs_Chouette VALUES(0,'Sonore','164-1',136+82);

INSERT INTO Lieu VALUES(267668.0695846250,6729381.8650764000);
INSERT INTO Observation VALUES(137+82,NULL, NULL,267668.0695846250,6729381.8650764000);
INSERT INTO Chouette VALUES('164-2','Hulotte','male');
INSERT INTO Obs_Chouette VALUES(1,'Sonore','164-2',137+82);

INSERT INTO Lieu VALUES(269854.1172146080,6729140.0001079200);
INSERT INTO Observation VALUES(138+82,NULL, NULL,269854.1172146080,6729140.0001079200);
INSERT INTO Chouette VALUES('165-2','Hulotte','femelle');
INSERT INTO Obs_Chouette VALUES(1,'Sonore','165-2',138+82);

INSERT INTO Lieu VALUES(269755.3128019530,6729151.3214468700);
INSERT INTO Observation VALUES(139+82,NULL, NULL,269755.3128019530,6729151.3214468700);
INSERT INTO Chouette VALUES('165-1','Hulotte','male');
INSERT INTO Obs_Chouette VALUES(1,'Sonore','165-1',139+82);

INSERT INTO Lieu VALUES(269711.0566587850,6729935.5814723100);
INSERT INTO Observation VALUES(140+82,NULL, NULL,269711.0566587850,6729935.5814723100);
INSERT INTO Chouette VALUES('165-3','Effraie','inconnu');
INSERT INTO Obs_Chouette VALUES(0,'Visuel','165-3',140+82);

INSERT INTO Lieu VALUES(272229.5399688470,6729317.0246805900);
INSERT INTO Observation VALUES(141+82,NULL, NULL,272229.5399688470,6729317.0246805900);
INSERT INTO Chouette VALUES('166-1-1','Hulotte','male');
INSERT INTO Obs_Chouette VALUES(1,'Sonore','166-1-1',141+82);

INSERT INTO Lieu VALUES(271916.6593287740,6729300.5572784800);
INSERT INTO Observation VALUES(142+82,NULL, NULL,271916.6593287740,6729300.5572784800);
INSERT INTO Chouette VALUES('166-1-2','Hulotte','male');
INSERT INTO Obs_Chouette VALUES(1,'Sonore','166-1-2',142+82);

INSERT INTO Lieu VALUES(271649.0640445010,6729121.4742805500);
INSERT INTO Observation VALUES(143+82,NULL, NULL,271649.0640445010,6729121.4742805500);
INSERT INTO Chouette VALUES('166-4','Hulotte','femelle');
INSERT INTO Obs_Chouette VALUES(1,'Sonore','166-4',143+82);

INSERT INTO Lieu VALUES(271517.3248276280,6728773.6004109900);
INSERT INTO Observation VALUES(144+82,NULL, NULL,271517.3248276280,6728773.6004109900);
INSERT INTO Chouette VALUES('166-2','Hulotte','male');
INSERT INTO Obs_Chouette VALUES(1,'Sonore','166-2',144+82);

INSERT INTO Lieu VALUES(271920.7761793010,6729047.3709710500);
INSERT INTO Observation VALUES(145+82,NULL, NULL,271920.7761793010,6729047.3709710500);
INSERT INTO Chouette VALUES('166-3','Effraie','inconnu');
INSERT INTO Obs_Chouette VALUES(1,'Visuel','166-3',145+82);

INSERT INTO Lieu VALUES(273270.0739396160,6728730.3734804600);
INSERT INTO Observation VALUES(146+82,NULL, NULL,273270.0739396160,6728730.3734804600);
INSERT INTO Chouette VALUES('167-1-1','Hulotte','male');
INSERT INTO Obs_Chouette VALUES(1,'Sonore','167-1-1',146+82);

INSERT INTO Lieu VALUES(273372.9952027970,6728633.6274930600);
INSERT INTO Observation VALUES(147+82,NULL, NULL,273372.9952027970,6728633.6274930600);
INSERT INTO Chouette VALUES('167-1-2','Hulotte','male');
INSERT INTO Obs_Chouette VALUES(1,'Sonore','167-1-2',147+82);

INSERT INTO Lieu VALUES(273068.3482637790,6728780.8048994100);
INSERT INTO Observation VALUES(148+82,NULL, NULL,273068.3482637790,6728780.8048994100);
INSERT INTO Chouette VALUES('167-2-1','Hulotte','femelle');
INSERT INTO Obs_Chouette VALUES(1,'Sonore','167-2-1',148+82);

INSERT INTO Lieu VALUES(273115.6920448430,6728746.8408825600);
INSERT INTO Observation VALUES(149+82,NULL, NULL,273115.6920448430,6728746.8408825600);
INSERT INTO Chouette VALUES('167-2-2','Hulotte','femelle');
INSERT INTO Obs_Chouette VALUES(1,'Sonore','167-2-2',149+82);

INSERT INTO Lieu VALUES(273139.3639353740,6728926.9530931300);
INSERT INTO Observation VALUES(150+82,NULL, NULL,273139.3639353740,6728926.9530931300);
INSERT INTO Chouette VALUES('167-3','Hulotte','male');
INSERT INTO Obs_Chouette VALUES(1,'Sonore','167-3',150+82);

INSERT INTO Lieu VALUES(275882.2155991720,6728456.6029203900);
INSERT INTO Observation VALUES(151+82,NULL, NULL,275882.2155991720,6728456.6029203900);
INSERT INTO Chouette VALUES('168-2','Hulotte','male');
INSERT INTO Obs_Chouette VALUES(1,'Visuel','168-2',151+82);

INSERT INTO Lieu VALUES(275762.8269338810,6728397.9378003700);
INSERT INTO Observation VALUES(152+82,NULL, NULL,275762.8269338810,6728397.9378003700);
INSERT INTO Chouette VALUES('168-1','Hulotte','femelle');
INSERT INTO Obs_Chouette VALUES(1,'Sonore','168-1',152+82);

INSERT INTO Lieu VALUES(276328.8938813810,6728240.4682677100);
INSERT INTO Observation VALUES(153+82,NULL, NULL,276328.8938813810,6728240.4682677100);
INSERT INTO Chouette VALUES('168-3','Hulotte','male');
INSERT INTO Obs_Chouette VALUES(1,'Visuel','168-3',153+82);

INSERT INTO Lieu VALUES(269816.5509535470,6731291.0545084200);
INSERT INTO Observation VALUES(154+82,NULL, NULL,269816.5509535470,6731291.0545084200);
INSERT INTO Chouette VALUES('190-1','Hulotte','male');
INSERT INTO Obs_Chouette VALUES(1,'Sonore','190-1',154+82);

INSERT INTO Lieu VALUES(269843.3104819740,6731076.9782810000);
INSERT INTO Observation VALUES(155+82,NULL, NULL,269843.3104819740,6731076.9782810000);
INSERT INTO Chouette VALUES('190-3','Effraie','inconnu');
INSERT INTO Obs_Chouette VALUES(1,'Visuel','190-3',155+82);

INSERT INTO Lieu VALUES(269843.3104819740,6731069.2591862600);
INSERT INTO Observation VALUES(156+82,NULL, NULL,269843.3104819740,6731069.2591862600);
INSERT INTO Chouette VALUES('190-4','Effraie','inconnu');
INSERT INTO Obs_Chouette VALUES(1,'Visuel','190-4',156+82);

INSERT INTO Lieu VALUES(269523.7399597940,6731241.6523020900);
INSERT INTO Observation VALUES(157+82,NULL, NULL,269523.7399597940,6731241.6523020900);
INSERT INTO Chouette VALUES('190-5','Hulotte','inconnu');
INSERT INTO Obs_Chouette VALUES(1,'Sonore','190-5',157+82);

INSERT INTO Lieu VALUES(269520.6523218990,6731214.8927736600);
INSERT INTO Observation VALUES(158+82,NULL, NULL,269520.6523218990,6731214.8927736600);
INSERT INTO Chouette VALUES('190-2','Effraie','inconnu');
INSERT INTO Obs_Chouette VALUES(1,'Sonore','190-2',158+82);

INSERT INTO Lieu VALUES(269854.1172146080,6731146.9647399600);
INSERT INTO Observation VALUES(159+82,NULL, NULL,269854.1172146080,6731146.9647399600);
INSERT INTO Chouette VALUES('190-6','Hulotte','inconnu');
INSERT INTO Obs_Chouette VALUES(1,'Visuel','190-6',159+82);

INSERT INTO Lieu VALUES(265627.6555420430,6731043.0142641500);
INSERT INTO Observation VALUES(160+82,NULL, NULL,265627.6555420430,6731043.0142641500);
INSERT INTO Chouette VALUES('188-1-1','Hulotte','male');
INSERT INTO Obs_Chouette VALUES(1,'Sonore','188-1-1',160+82);

INSERT INTO Lieu VALUES(265831.4396431440,6730984.3491441400);
INSERT INTO Observation VALUES(161+82,NULL, NULL,265831.4396431440,6730984.3491441400);
INSERT INTO Chouette VALUES('188-1-2','Hulotte','male');
INSERT INTO Obs_Chouette VALUES(1,'Sonore','188-1-2',161+82);

INSERT INTO Lieu VALUES(265679.1161736340,6730157.8914007800);
INSERT INTO Observation VALUES(162+82,NULL, NULL,265679.1161736340,6730157.8914007800);
INSERT INTO Chouette VALUES('188-2-1','Hulotte','male');
INSERT INTO Obs_Chouette VALUES(1,'Sonore','188-2-1',162+82);

INSERT INTO Lieu VALUES(265437.2512051570,6730175.3880155300);
INSERT INTO Observation VALUES(163+82,NULL, NULL,265437.2512051570,6730175.3880155300);
INSERT INTO Chouette VALUES('188-2-2','Hulotte','male');
INSERT INTO Obs_Chouette VALUES(1,'Sonore','188-2-2',163+82);

INSERT INTO Lieu VALUES(265716.1678283800,6730305.0688071300);
INSERT INTO Observation VALUES(164+82,NULL, NULL,265716.1678283800,6730305.0688071300);
INSERT INTO Chouette VALUES('188-2-3','Hulotte','male');
INSERT INTO Obs_Chouette VALUES(1,'Sonore','188-2-3',164+82);

INSERT INTO Lieu VALUES(265652.3566452070,6730733.2212619700);
INSERT INTO Observation VALUES(165+82,NULL, NULL,265652.3566452070,6730733.2212619700);
INSERT INTO Chouette VALUES('188-3-1','Effraie','inconnu');
INSERT INTO Obs_Chouette VALUES(1,'Sonore et Visuel','188-3-1',165+82);

INSERT INTO Lieu VALUES(265749.1026325980,6730720.8707103900);
INSERT INTO Observation VALUES(166+82,NULL, NULL,265749.1026325980,6730720.8707103900);
INSERT INTO Chouette VALUES('188-3-2','Effraie','inconnu');
INSERT INTO Obs_Chouette VALUES(1,'Sonore et Visuel','188-3-2',166+82);

INSERT INTO Lieu VALUES(268023.6625489180,6731083.1535567900);
INSERT INTO Observation VALUES(167+82,NULL, NULL,268023.6625489180,6731083.1535567900);
INSERT INTO Chouette VALUES('189-1','Hulotte','male');
INSERT INTO Obs_Chouette VALUES(1,'Sonore','189-1',167+82);

INSERT INTO Lieu VALUES(267819.8784478180,6730959.6480409700);
INSERT INTO Observation VALUES(168+82,NULL, NULL,267819.8784478180,6730959.6480409700);
INSERT INTO Chouette VALUES('189-2','Hulotte','male');
INSERT INTO Obs_Chouette VALUES(1,'Sonore','189-2',168+82);

INSERT INTO Lieu VALUES(262560.6018992230,6732923.3857424800);
INSERT INTO Observation VALUES(169+82,NULL, NULL,262560.6018992230,6732923.3857424800);
INSERT INTO Chouette VALUES('211-1','Hulotte','male');
INSERT INTO Obs_Chouette VALUES(1,'Sonore','211-1',169+82);

INSERT INTO Lieu VALUES(264022.0838364060,6731247.5702747200);
INSERT INTO Observation VALUES(170+82,NULL, NULL,264022.0838364060,6731247.5702747200);
INSERT INTO Chouette VALUES('187-1-1','Hulotte','male');
INSERT INTO Obs_Chouette VALUES(1,'Sonore','187-1-1',170+82);

INSERT INTO Lieu VALUES(263783.5638089820,6731408.1274452800);
INSERT INTO Observation VALUES(171+82,NULL, NULL,263783.5638089820,6731408.1274452800);
INSERT INTO Chouette VALUES('187-1-2','Hulotte','male');
INSERT INTO Obs_Chouette VALUES(1,'Sonore','187-1-2',171+82);

INSERT INTO Lieu VALUES(263856.1232995250,6731187.3613357600);
INSERT INTO Observation VALUES(172+82,NULL, NULL,263856.1232995250,6731187.3613357600);
INSERT INTO Chouette VALUES('187-1-3','Hulotte','male');
INSERT INTO Obs_Chouette VALUES(1,'Sonore','187-1-3',172+82);

INSERT INTO Lieu VALUES(263968.0501732360,6731195.0804305000);
INSERT INTO Observation VALUES(173+82,NULL, NULL,263968.0501732360,6731195.0804305000);
INSERT INTO Chouette VALUES('187-2-1','Hulotte','femelle');
INSERT INTO Obs_Chouette VALUES(1,'Sonore','187-2-1',173+82);

INSERT INTO Lieu VALUES(263856.1232995250,6731212.0624389200);
INSERT INTO Observation VALUES(174+82,NULL, NULL,263856.1232995250,6731212.0624389200);
INSERT INTO Chouette VALUES('187-2-2','Hulotte','femelle');
INSERT INTO Obs_Chouette VALUES(1,'Sonore','187-2-2',174+82);

INSERT INTO Lieu VALUES(262002.3826980400,6731520.4402737300);
INSERT INTO Observation VALUES(175+82,NULL, NULL,262002.3826980400,6731520.4402737300);
INSERT INTO Chouette VALUES('186-1','Hulotte','femelle');
INSERT INTO Obs_Chouette VALUES(1,'Sonore','186-1',175+82);

INSERT INTO Lieu VALUES(262012.4175212000,6731560.5795663700);
INSERT INTO Observation VALUES(176+82,NULL, NULL,262012.4175212000,6731560.5795663700);
INSERT INTO Chouette VALUES('186-2','Hulotte','male');
INSERT INTO Obs_Chouette VALUES(1,'Sonore','186-2',176+82);

INSERT INTO Lieu VALUES(263255.5777288590,6732468.7310623700);
INSERT INTO Observation VALUES(177+82,NULL, NULL,263255.5777288590,6732468.7310623700);
INSERT INTO Chouette VALUES('212-1-1','Hulotte','male');
INSERT INTO Obs_Chouette VALUES(1,'Sonore','212-1-1',177+82);

INSERT INTO Lieu VALUES(263320.4181246630,6732578.3422076600);
INSERT INTO Observation VALUES(178+82,NULL, NULL,263320.4181246630,6732578.3422076600);
INSERT INTO Chouette VALUES('212-1-2','Hulotte','male');
INSERT INTO Obs_Chouette VALUES(1,'Sonore','212-1-2',178+82);

INSERT INTO Lieu VALUES(263331.2248572970,6732706.4791803300);
INSERT INTO Observation VALUES(179+82,NULL, NULL,263331.2248572970,6732706.4791803300);
INSERT INTO Chouette VALUES('212-1-3','Hulotte','male');
INSERT INTO Obs_Chouette VALUES(1,'Sonore','212-1-3',179+82);

INSERT INTO Lieu VALUES(263499.5011226000,6732559.8163802900);
INSERT INTO Observation VALUES(180+82,NULL, NULL,263499.5011226000,6732559.8163802900);
INSERT INTO Chouette VALUES('212-1-4','Hulotte','male');
INSERT INTO Obs_Chouette VALUES(1,'Sonore','212-1-4',180+82);

INSERT INTO Lieu VALUES(263386.8023394160,6732465.6434244800);
INSERT INTO Observation VALUES(181+82,NULL, NULL,263386.8023394160,6732465.6434244800);
INSERT INTO Chouette VALUES('212-1-5','Hulotte','male');
INSERT INTO Obs_Chouette VALUES(1,'Sonore','212-1-5',181+82);

INSERT INTO Lieu VALUES(263238.5957204340,6732658.6207929500);
INSERT INTO Observation VALUES(182+82,NULL, NULL,263238.5957204340,6732658.6207929500);
INSERT INTO Chouette VALUES('212-2-1','Hulotte','femelle');
INSERT INTO Obs_Chouette VALUES(1,'Sonore','212-2-1',182+82);

INSERT INTO Lieu VALUES(263241.6833583290,6732714.1982750600);
INSERT INTO Observation VALUES(183+82,NULL, NULL,263241.6833583290,6732714.1982750600);
INSERT INTO Chouette VALUES('212-2-2','Hulotte','femelle');
INSERT INTO Obs_Chouette VALUES(1,'Sonore','212-2-2',183+82);

INSERT INTO Lieu VALUES(265372.9254156680,6728905.5969310200);
INSERT INTO Observation VALUES(184+82,NULL, NULL,265372.9254156680,6728905.5969310200);
INSERT INTO Chouette VALUES('163-1-1','Hulotte','femelle');
INSERT INTO Obs_Chouette VALUES(1,'Sonore','163-1-1',184+82);

INSERT INTO Lieu VALUES(265474.8174662180,6728871.6329141700);
INSERT INTO Observation VALUES(185+82,NULL, NULL,265474.8174662180,6728871.6329141700);
INSERT INTO Chouette VALUES('163-1-2','Hulotte','femelle');
INSERT INTO Obs_Chouette VALUES(1,'Sonore','163-1-2',185+82);

INSERT INTO Lieu VALUES(265497.9747504340,6728925.6665773400);
INSERT INTO Observation VALUES(186+82,NULL, NULL,265497.9747504340,6728925.6665773400);
INSERT INTO Chouette VALUES('163-2','Hulotte','male');
INSERT INTO Obs_Chouette VALUES(1,'Sonore','163-2',186+82);

INSERT INTO Lieu VALUES(263355.9259604610,6727438.1970212000);
INSERT INTO Observation VALUES(187+82,NULL, NULL,263355.9259604610,6727438.1970212000);
INSERT INTO Chouette VALUES('137-1','Hulotte','male');
INSERT INTO Obs_Chouette VALUES(1,'Sonore','137-1',187+82);

INSERT INTO Lieu VALUES(262677.1280668840,6747686.9263395500);
INSERT INTO Observation VALUES(188+82,NULL, NULL,262677.1280668840,6747686.9263395500);
INSERT INTO Chouette VALUES('386-1','Hulotte','inconnu');
INSERT INTO Obs_Chouette VALUES(1,'Visuel','386-1',188+82);

INSERT INTO Lieu VALUES(265673.5359113960,6749844.0273642700);
INSERT INTO Observation VALUES(189+82,NULL, NULL,265673.5359113960,6749844.0273642700);
INSERT INTO Chouette VALUES('412-1','Hulotte','male');
INSERT INTO Obs_Chouette VALUES(1,'Sonore','412-1',189+82);

INSERT INTO Lieu VALUES(265680.4830966610,6749560.0611665700);
INSERT INTO Observation VALUES(190+82,NULL, NULL,265680.4830966610,6749560.0611665700);
INSERT INTO Chouette VALUES('412-2-1','Hulotte','femelle');
INSERT INTO Obs_Chouette VALUES(1,'Sonore','412-2-1',190+82);

INSERT INTO Lieu VALUES(265669.1939206050,6749817.1070213700);
INSERT INTO Observation VALUES(191+82,NULL, NULL,265669.1939206050,6749817.1070213700);
INSERT INTO Chouette VALUES('412-2-2','Hulotte','femelle');
INSERT INTO Obs_Chouette VALUES(1,'Sonore','412-2-2',191+82);

INSERT INTO Lieu VALUES(265355.7021855320,6750505.7467607400);
INSERT INTO Observation VALUES(192+82,NULL, NULL,265355.7021855320,6750505.7467607400);
INSERT INTO Chouette VALUES('437-1-1','Hulotte','male');
INSERT INTO Obs_Chouette VALUES(1,'Sonore','437-1-1',192+82);

INSERT INTO Lieu VALUES(265404.3324823860,6750863.5268018700);
INSERT INTO Observation VALUES(193+82,NULL, NULL,265404.3324823860,6750863.5268018700);
INSERT INTO Chouette VALUES('437-1-2','Hulotte','male');
INSERT INTO Obs_Chouette VALUES(1,'Sonore','437-1-2',193+82);

INSERT INTO Lieu VALUES(262520.3821993470,6750929.9592609700);
INSERT INTO Observation VALUES(194+82,NULL, NULL,262520.3821993470,6750929.9592609700);
INSERT INTO Chouette VALUES('436-1','Hulotte','male');
INSERT INTO Obs_Chouette VALUES(1,'Sonore et Visuel','436-1',194+82);

INSERT INTO Lieu VALUES(262522.5531947430,6750911.7228996500);
INSERT INTO Observation VALUES(195+82,NULL, NULL,262522.5531947430,6750911.7228996500);
INSERT INTO Chouette VALUES('436-2','Hulotte','male');
INSERT INTO Obs_Chouette VALUES(1,'Sonore et Visuel','436-2',195+82);

INSERT INTO Lieu VALUES(263367.9388016500,6749434.5776327300);
INSERT INTO Observation VALUES(196+82,NULL, NULL,263367.9388016500,6749434.5776327300);
INSERT INTO Chouette VALUES('411-1-1','Hulotte','male');
INSERT INTO Obs_Chouette VALUES(1,'Sonore et Visuel','411-1-1',196+82);

INSERT INTO Lieu VALUES(263511.2244977360,6749497.1023001100);
INSERT INTO Observation VALUES(197+82,NULL, NULL,263511.2244977360,6749497.1023001100);
INSERT INTO Chouette VALUES('411-1-2','Hulotte','male');
INSERT INTO Obs_Chouette VALUES(1,'Sonore','411-1-2',197+82);

INSERT INTO Lieu VALUES(263367.9388016500,6749413.7360769400);
INSERT INTO Observation VALUES(198+82,NULL, NULL,263367.9388016500,6749413.7360769400);
INSERT INTO Chouette VALUES('411-1-3','Hulotte','male');
INSERT INTO Obs_Chouette VALUES(1,'Sonore et Visuel','411-1-3',198+82);

INSERT INTO Lieu VALUES(263134.7738962010,6749699.0048718700);
INSERT INTO Observation VALUES(199+82,NULL, NULL,263134.7738962010,6749699.0048718700);
INSERT INTO Chouette VALUES('411-3','Hulotte','male');
INSERT INTO Obs_Chouette VALUES(1,'Sonore','411-3',199+82);

INSERT INTO Lieu VALUES(263163.4310354180,6749700.3074691100);
INSERT INTO Observation VALUES(200+82,NULL, NULL,263163.4310354180,6749700.3074691100);
INSERT INTO Chouette VALUES('411-4','Hulotte','femelle');
INSERT INTO Obs_Chouette VALUES(1,'Sonore','411-4',200+82);

INSERT INTO Lieu VALUES(263826.4530291250,6748917.4465295800);
INSERT INTO Observation VALUES(201+82,NULL, NULL,263826.4530291250,6748917.4465295800);
INSERT INTO Chouette VALUES('411-2','Hulotte','male');
INSERT INTO Obs_Chouette VALUES(1,'Sonore','411-2',201+82);

INSERT INTO Lieu VALUES(262914.6349631230,6749430.6698410200);
INSERT INTO Observation VALUES(202+82,NULL, NULL,262914.6349631230,6749430.6698410200);
INSERT INTO Chouette VALUES('411-5','Effraie','male');
INSERT INTO Obs_Chouette VALUES(1,'Sonore et Visuel','411-5',202+82);

INSERT INTO Lieu VALUES(262885.9778239060,6749446.3010078600);
INSERT INTO Observation VALUES(203+82,NULL, NULL,262885.9778239060,6749446.3010078600);
INSERT INTO Chouette VALUES('411-6','Effraie','femelle');
INSERT INTO Obs_Chouette VALUES(1,'Sonore et Visuel','411-6',203+82);

INSERT INTO Lieu VALUES(261291.4359809860,6748973.9466847500);
INSERT INTO Observation VALUES(204+82,NULL, NULL,261291.4359809860,6748973.9466847500);
INSERT INTO Chouette VALUES('410-2-1','Hulotte','male');
INSERT INTO Obs_Chouette VALUES(1,'Sonore','410-2-1',204+82);

INSERT INTO Lieu VALUES(261346.1450649460,6749388.1726061600);
INSERT INTO Observation VALUES(205+82,NULL, NULL,261346.1450649460,6749388.1726061600);
INSERT INTO Chouette VALUES('410-2-2','Hulotte','male');
INSERT INTO Obs_Chouette VALUES(1,'Sonore','410-2-2',205+82);

INSERT INTO Lieu VALUES(260269.5484484460,6749507.3602533500);
INSERT INTO Observation VALUES(206+82,NULL, NULL,260269.5484484460,6749507.3602533500);
INSERT INTO Chouette VALUES('410-1','Hulotte','male');
INSERT INTO Obs_Chouette VALUES(1,'Sonore','410-1',206+82);

INSERT INTO Lieu VALUES(259822.1062974870,6749385.2417623800);
INSERT INTO Observation VALUES(207+82,NULL, NULL,259822.1062974870,6749385.2417623800);
INSERT INTO Chouette VALUES('409-2','Hulotte','femelle');
INSERT INTO Obs_Chouette VALUES(1,'Sonore','409-2',207+82);

INSERT INTO Lieu VALUES(259072.7872368190,6749583.5621917300);
INSERT INTO Observation VALUES(208+82,NULL, NULL,259072.7872368190,6749583.5621917300);
INSERT INTO Chouette VALUES('409-1','Hulotte','male');
INSERT INTO Obs_Chouette VALUES(1,'Sonore','409-1',208+82);

INSERT INTO Lieu VALUES(259703.8955982160,6749538.6225870500);
INSERT INTO Observation VALUES(209+82,NULL, NULL,259703.8955982160,6749538.6225870500);
INSERT INTO Chouette VALUES('409-3-1','Hulotte','male');
INSERT INTO Obs_Chouette VALUES(1,'Sonore et Visuel','409-3-1',209+82);

INSERT INTO Lieu VALUES(259835.7835684770,6749502.4755137200);
INSERT INTO Observation VALUES(210+82,NULL, NULL,259835.7835684770,6749502.4755137200);
INSERT INTO Chouette VALUES('409-3-2','Hulotte','male');
INSERT INTO Obs_Chouette VALUES(1,'Sonore','409-3-2',210+82);

INSERT INTO Lieu VALUES(261006.1671860520,6751046.0532397300);
INSERT INTO Observation VALUES(211+82,NULL, NULL,261006.1671860520,6751046.0532397300);
INSERT INTO Chouette VALUES('435-1','Hulotte','male');
INSERT INTO Obs_Chouette VALUES(1,'Sonore','435-1',211+82);

INSERT INTO Lieu VALUES(260930.9421956060,6750938.5889676700);
INSERT INTO Observation VALUES(212+82,NULL, NULL,260930.9421956060,6750938.5889676700);
INSERT INTO Chouette VALUES('435-2-1','Hulotte','male');
INSERT INTO Obs_Chouette VALUES(1,'Visuel','435-2-1',212+82);

INSERT INTO Lieu VALUES(260932.8960914620,6750988.4133119900);
INSERT INTO Observation VALUES(213+82,NULL, NULL,260932.8960914620,6750988.4133119900);
INSERT INTO Chouette VALUES('435-2-2','Hulotte','male');
INSERT INTO Obs_Chouette VALUES(1,'Sonore','435-2-2',213+82);

INSERT INTO Lieu VALUES(261213.2801467570,6747626.7354922300);
INSERT INTO Observation VALUES(214+82,NULL, NULL,261213.2801467570,6747626.7354922300);
INSERT INTO Chouette VALUES('385-1','Hulotte','male');
INSERT INTO Obs_Chouette VALUES(1,'Sonore et Visuel','385-1',214+82);

INSERT INTO Lieu VALUES(270597.8419417670,6734224.9638178600);
INSERT INTO Observation VALUES(215+82,NULL, NULL,270597.8419417670,6734224.9638178600);
INSERT INTO Chouette VALUES('240-2-1','Hulotte','male');
INSERT INTO Obs_Chouette VALUES(1,'Sonore','240-2-1',215+82);

INSERT INTO Lieu VALUES(270730.7068599560,6734252.3183598400);
INSERT INTO Observation VALUES(216+82,NULL, NULL,270730.7068599560,6734252.3183598400);
INSERT INTO Chouette VALUES('240-2-2','Hulotte','male');
INSERT INTO Obs_Chouette VALUES(1,'Sonore','240-2-2',216+82);

INSERT INTO Lieu VALUES(270822.5399651750,6734453.5696329800);
INSERT INTO Observation VALUES(217+82,NULL, NULL,270822.5399651750,6734453.5696329800);
INSERT INTO Chouette VALUES('240-3','Hulotte','male');
INSERT INTO Obs_Chouette VALUES(1,'Sonore','240-3',217+82);

INSERT INTO Lieu VALUES(270670.1360884290,6734680.2215522400);
INSERT INTO Observation VALUES(218+82,NULL, NULL,270670.1360884290,6734680.2215522400);
INSERT INTO Chouette VALUES('240-1-1','Hulotte','femelle');
INSERT INTO Obs_Chouette VALUES(1,'Sonore','240-1-1',218+82);

INSERT INTO Lieu VALUES(270799.0932149060,6734478.9702791000);
INSERT INTO Observation VALUES(219+82,NULL, NULL,270799.0932149060,6734478.9702791000);
INSERT INTO Chouette VALUES('240-1-2','Hulotte','femelle');
INSERT INTO Obs_Chouette VALUES(1,'Sonore','240-1-2',219+82);

INSERT INTO Lieu VALUES(272590.8157145990,6731826.5566549700);
INSERT INTO Observation VALUES(220+82,NULL, NULL,272590.8157145990,6731826.5566549700);
INSERT INTO Chouette VALUES('216-2','Effraie','inconnu');
INSERT INTO Obs_Chouette VALUES(1,'Sonore','216-2',220+82);

INSERT INTO Lieu VALUES(272166.8203139080,6731750.3547165900);
INSERT INTO Observation VALUES(221+82,NULL, NULL,272166.8203139080,6731750.3547165900);
INSERT INTO Chouette VALUES('216-3','Effraie','inconnu');
INSERT INTO Obs_Chouette VALUES(1,'Sonore','216-3',221+82);

INSERT INTO Lieu VALUES(272527.3140992880,6731669.2680385800);
INSERT INTO Observation VALUES(222+82,NULL, NULL,272527.3140992880,6731669.2680385800);
INSERT INTO Chouette VALUES('216-4','Hulotte','male');
INSERT INTO Obs_Chouette VALUES(1,'Sonore','216-4',222+82);

INSERT INTO Lieu VALUES(272752.0121226960,6732120.6179812500);
INSERT INTO Observation VALUES(223+82,NULL, NULL,272752.0121226960,6732120.6179812500);
INSERT INTO Chouette VALUES('216-5-1','Effraie','inconnu');
INSERT INTO Obs_Chouette VALUES(1,'Visuel','216-5-1',223+82);

INSERT INTO Lieu VALUES(272410.0803479450,6732132.3413563900);
INSERT INTO Observation VALUES(224+82,NULL, NULL,272410.0803479450,6732132.3413563900);
INSERT INTO Chouette VALUES('216-5-2','Effraie','inconnu');
INSERT INTO Obs_Chouette VALUES(1,'Sonore','216-5-2',224+82);

INSERT INTO Lieu VALUES(272865.3380823270,6732022.9231884700);
INSERT INTO Observation VALUES(225+82,NULL, NULL,272865.3380823270,6732022.9231884700);
INSERT INTO Chouette VALUES('216-6','Effraie','inconnu');
INSERT INTO Obs_Chouette VALUES(1,'Sonore','216-6',225+82);

INSERT INTO Lieu VALUES(272238.1375126420,6731886.1504785700);
INSERT INTO Observation VALUES(226+82,NULL, NULL,272238.1375126420,6731886.1504785700);
INSERT INTO Chouette VALUES('216-1','Cheveche','inconnu');
INSERT INTO Obs_Chouette VALUES(1,'Sonore','216-1',226+82);

INSERT INTO Lieu VALUES(273925.3265840540,6734630.3972079200);
INSERT INTO Observation VALUES(227+82,NULL, NULL,273925.3265840540,6734630.3972079200);
INSERT INTO Chouette VALUES('242-1-1','Hulotte','male');
INSERT INTO Obs_Chouette VALUES(1,'Sonore','242-1-1',227+82);

INSERT INTO Lieu VALUES(273808.0928327110,6734810.1556266500);
INSERT INTO Observation VALUES(228+82,NULL, NULL,273808.0928327110,6734810.1556266500);
INSERT INTO Chouette VALUES('242-1-2','Hulotte','male');
INSERT INTO Obs_Chouette VALUES(1,'Sonore','242-1-2',228+82);

INSERT INTO Lieu VALUES(273973.1970325190,6734862.9108147500);
INSERT INTO Observation VALUES(229+82,NULL, NULL,273973.1970325190,6734862.9108147500);
INSERT INTO Chouette VALUES('242-1-3','Hulotte','male');
INSERT INTO Obs_Chouette VALUES(1,'Sonore','242-1-3',229+82);

INSERT INTO Lieu VALUES(273951.7041781060,6734694.8757711600);
INSERT INTO Observation VALUES(230+82,NULL, NULL,273951.7041781060,6734694.8757711600);
INSERT INTO Chouette VALUES('242-2','Effraie','inconnu');
INSERT INTO Obs_Chouette VALUES(1,'Sonore','242-2',230+82);

INSERT INTO Lieu VALUES(274262.3736191650,6734731.9997924200);
INSERT INTO Observation VALUES(231+82,NULL, NULL,274262.3736191650,6734731.9997924200);
INSERT INTO Chouette VALUES('242-3','Hulotte','femelle');
INSERT INTO Obs_Chouette VALUES(1,'Sonore','242-3',231+82);

INSERT INTO Lieu VALUES(274341.5064013220,6734782.8010846700);
INSERT INTO Observation VALUES(232+82,NULL, NULL,274341.5064013220,6734782.8010846700);
INSERT INTO Chouette VALUES('242-4','Hulotte','male');
INSERT INTO Obs_Chouette VALUES(1,'Sonore','242-4',232+82);

INSERT INTO Lieu VALUES(272311.4086072320,6734217.1482344300);
INSERT INTO Observation VALUES(233+82,NULL, NULL,272311.4086072320,6734217.1482344300);
INSERT INTO Chouette VALUES('241-1-1','Hulotte','male');
INSERT INTO Obs_Chouette VALUES(1,'Sonore','241-1-1',233+82);

INSERT INTO Lieu VALUES(272312.8740291230,6734297.7464384800);
INSERT INTO Observation VALUES(234+82,NULL, NULL,272312.8740291230,6734297.7464384800);
INSERT INTO Chouette VALUES('241-1-2','Hulotte','male');
INSERT INTO Obs_Chouette VALUES(1,'Sonore','241-1-2',234+82);

INSERT INTO Lieu VALUES(272327.5282480410,6734400.3259709100);
INSERT INTO Observation VALUES(235+82,NULL, NULL,272327.5282480410,6734400.3259709100);
INSERT INTO Chouette VALUES('241-1-3','Hulotte','male');
INSERT INTO Obs_Chouette VALUES(1,'Sonore','241-1-3',235+82);

INSERT INTO Lieu VALUES(272877.0614574620,6734198.0977498400);
INSERT INTO Observation VALUES(236+82,NULL, NULL,272877.0614574620,6734198.0977498400);
INSERT INTO Chouette VALUES('241-2-1','Hulotte','inconnu');
INSERT INTO Obs_Chouette VALUES(1,'Sonore','241-2-1',236+82);

INSERT INTO Lieu VALUES(272742.2426434170,6734272.8342663200);
INSERT INTO Observation VALUES(237+82,NULL, NULL,272742.2426434170,6734272.8342663200);
INSERT INTO Chouette VALUES('241-2-2','Hulotte','inconnu');
INSERT INTO Obs_Chouette VALUES(1,'Sonore','241-2-2',237+82);

INSERT INTO Lieu VALUES(272556.1340631600,6734332.9165638800);
INSERT INTO Observation VALUES(238+82,NULL, NULL,272556.1340631600,6734332.9165638800);
INSERT INTO Chouette VALUES('241-2-3','Hulotte','inconnu');
INSERT INTO Obs_Chouette VALUES(1,'Sonore','241-2-3',238+82);

INSERT INTO Lieu VALUES(272368.5600610110,6734357.8287360400);
INSERT INTO Observation VALUES(239+82,NULL, NULL,272368.5600610110,6734357.8287360400);
INSERT INTO Chouette VALUES('241-2-4','Hulotte','inconnu');
INSERT INTO Obs_Chouette VALUES(1,'Visuel','241-2-4',239+82);

INSERT INTO Lieu VALUES(272544.4106880260,6734401.7913928000);
INSERT INTO Observation VALUES(240+82,NULL, NULL,272544.4106880260,6734401.7913928000);
INSERT INTO Chouette VALUES('241-2-5','Hulotte','inconnu');
INSERT INTO Obs_Chouette VALUES(1,'Visuel','241-2-5',240+82);

INSERT INTO Lieu VALUES(272293.8235445300,6734527.8176754900);
INSERT INTO Observation VALUES(241+82,NULL, NULL,272293.8235445300,6734527.8176754900);
INSERT INTO Chouette VALUES('241-3-1','Hulotte','femelle');
INSERT INTO Obs_Chouette VALUES(1,'Sonore','241-3-1',241+82);

INSERT INTO Lieu VALUES(272336.3207793920,6734573.2457541400);
INSERT INTO Observation VALUES(242+82,NULL, NULL,272336.3207793920,6734573.2457541400);
INSERT INTO Chouette VALUES('241-3-2','Hulotte','femelle');
INSERT INTO Obs_Chouette VALUES(1,'Sonore','241-3-2',242+82);

INSERT INTO Lieu VALUES(272389.8086784420,6734578.3747307600);
INSERT INTO Observation VALUES(243+82,NULL, NULL,272389.8086784420,6734578.3747307600);
INSERT INTO Chouette VALUES('241-3-3','Hulotte','femelle');
INSERT INTO Obs_Chouette VALUES(1,'Sonore','241-3-3',243+82);

INSERT INTO Lieu VALUES(274084.2027408250,6733266.8221376000);
INSERT INTO Observation VALUES(244+82,NULL, NULL,274084.2027408250,6733266.8221376000);
INSERT INTO Chouette VALUES('217-3-1','Hulotte','male');
INSERT INTO Obs_Chouette VALUES(1,'Visuel','217-3-1',244+82);

INSERT INTO Lieu VALUES(273991.8811616420,6733230.5529457800);
INSERT INTO Observation VALUES(245+82,NULL, NULL,273991.8811616420,6733230.5529457800);
INSERT INTO Chouette VALUES('217-3-2','Hulotte','male');
INSERT INTO Obs_Chouette VALUES(1,'Visuel','217-3-2',245+82);

INSERT INTO Lieu VALUES(273853.3987928680,6733286.6053331400);
INSERT INTO Observation VALUES(246+82,NULL, NULL,273853.3987928680,6733286.6053331400);
INSERT INTO Chouette VALUES('217-3-3','Hulotte','male');
INSERT INTO Obs_Chouette VALUES(1,'Visuel','217-3-3',246+82);

INSERT INTO Lieu VALUES(273754.4828151720,6733403.1063735400);
INSERT INTO Observation VALUES(247+82,NULL, NULL,273754.4828151720,6733403.1063735400);
INSERT INTO Chouette VALUES('217-3-4','Hulotte','male');
INSERT INTO Obs_Chouette VALUES(1,'Visuel','217-3-4',247+82);

INSERT INTO Lieu VALUES(273705.0248263240,6733201.9772188900);
INSERT INTO Observation VALUES(248+82,NULL, NULL,273705.0248263240,6733201.9772188900);
INSERT INTO Chouette VALUES('217-1','Hulotte','male');
INSERT INTO Obs_Chouette VALUES(1,'Sonore','217-1',248+82);

INSERT INTO Lieu VALUES(273717.1145569310,6733642.7028528500);
INSERT INTO Observation VALUES(249+82,NULL, NULL,273717.1145569310,6733642.7028528500);
INSERT INTO Chouette VALUES('217-2-1','Hulotte','femelle');
INSERT INTO Obs_Chouette VALUES(1,'Sonore','217-2-1',249+82);

INSERT INTO Lieu VALUES(273819.3277338840,6733524.0036796100);
INSERT INTO Observation VALUES(250+82,NULL, NULL,273819.3277338840,6733524.0036796100);
INSERT INTO Chouette VALUES('217-2-2','Hulotte','femelle');
INSERT INTO Obs_Chouette VALUES(1,'Sonore','217-2-2',250+82);

INSERT INTO Lieu VALUES(274053.4288810970,6733373.4315802300);
INSERT INTO Observation VALUES(251+82,NULL, NULL,274053.4288810970,6733373.4315802300);
INSERT INTO Chouette VALUES('217-4','Hulotte','femelle');
INSERT INTO Obs_Chouette VALUES(1,'Sonore','217-4',251+82);

INSERT INTO Lieu VALUES(276369.1618256000,6730975.2686543100);
INSERT INTO Observation VALUES(252+82,NULL, NULL,276369.1618256000,6730975.2686543100);
INSERT INTO Chouette VALUES('193-1','Hulotte','male');
INSERT INTO Obs_Chouette VALUES(1,'Sonore','193-1',252+82);

INSERT INTO Lieu VALUES(270216.5880129160,6732864.5638283000);
INSERT INTO Observation VALUES(253+82,NULL, NULL,270216.5880129160,6732864.5638283000);
INSERT INTO Chouette VALUES('215-2-2','Hulotte','male');
INSERT INTO Obs_Chouette VALUES(1,'Visuel','215-2-2',253+82);

INSERT INTO Lieu VALUES(270160.5356255550,6732914.0218171500);
INSERT INTO Observation VALUES(254+82,NULL, NULL,270160.5356255550,6732914.0218171500);
INSERT INTO Chouette VALUES('215-1-2','Hulotte','femelle');
INSERT INTO Obs_Chouette VALUES(1,'Sonore','215-1-2',254+82);

INSERT INTO Lieu VALUES(270383.0965753710,6732993.1545993100);
INSERT INTO Observation VALUES(255+82,NULL, NULL,270383.0965753710,6732993.1545993100);
INSERT INTO Chouette VALUES('215-2-1','Hulotte','male');
INSERT INTO Obs_Chouette VALUES(1,'Sonore','215-2-1',255+82);

INSERT INTO Lieu VALUES(270012.1616590120,6732930.5078134400);
INSERT INTO Observation VALUES(256+82,NULL, NULL,270012.1616590120,6732930.5078134400);
INSERT INTO Chouette VALUES('215-2-3','Hulotte','male');
INSERT INTO Obs_Chouette VALUES(1,'Sonore','215-2-3',256+82);

INSERT INTO Lieu VALUES(270038.5392530640,6733233.8501450400);
INSERT INTO Observation VALUES(257+82,NULL, NULL,270038.5392530640,6733233.8501450400);
INSERT INTO Chouette VALUES('215-1-1','Hulotte','femelle');
INSERT INTO Obs_Chouette VALUES(1,'Sonore','215-1-1',257+82);

INSERT INTO Lieu VALUES(270020.4046571530,6733021.1807929900);
INSERT INTO Observation VALUES(258+82,NULL, NULL,270020.4046571530,6733021.1807929900);
INSERT INTO Chouette VALUES('215-1-3','Hulotte','femelle');
INSERT INTO Obs_Chouette VALUES(1,'Sonore','215-1-3',258+82);

INSERT INTO Lieu VALUES(251163.7221090630,6741126.9330152600);
INSERT INTO Observation VALUES(259+82,NULL, NULL,251163.7221090630,6741126.9330152600);
INSERT INTO Chouette VALUES('280-1','Hulotte','male');
INSERT INTO Obs_Chouette VALUES(1,'Sonore','280-1',259+82);

INSERT INTO Lieu VALUES(251242.0305914050,6741140.1218122800);
INSERT INTO Observation VALUES(260+82,NULL, NULL,251242.0305914050,6741140.1218122800);
INSERT INTO Chouette VALUES('280-2','Hulotte','femelle');
INSERT INTO Obs_Chouette VALUES(1,'Sonore','280-2',260+82);

INSERT INTO Lieu VALUES(251371.4456622240,6740910.1421641400);
INSERT INTO Observation VALUES(261+82,NULL, NULL,251371.4456622240,6740910.1421641400);
INSERT INTO Chouette VALUES('280-3','Hulotte','male');
INSERT INTO Obs_Chouette VALUES(1,'Sonore','280-3',261+82);

INSERT INTO Lieu VALUES(247296.9316809820,6742841.4766286400);
INSERT INTO Observation VALUES(262+82,NULL, NULL,247296.9316809820,6742841.4766286400);
INSERT INTO Chouette VALUES('303-2','Cheveche','inconnu');
INSERT INTO Obs_Chouette VALUES(1,'Sonore','303-2',262+82);

INSERT INTO Lieu VALUES(246868.2957776340,6742521.6483007600);
INSERT INTO Observation VALUES(263+82,NULL, NULL,246868.2957776340,6742521.6483007600);
INSERT INTO Chouette VALUES('303-1','Hulotte','male');
INSERT INTO Obs_Chouette VALUES(1,'Sonore','303-1',263+82);

INSERT INTO Lieu VALUES(249191.5848037590,6744469.0566116400);
INSERT INTO Observation VALUES(264+82,NULL, NULL,249191.5848037590,6744469.0566116400);
INSERT INTO Chouette VALUES('329-1-1','Cheveche','inconnu');
INSERT INTO Obs_Chouette VALUES(1,'Sonore','329-1-1',264+82);

INSERT INTO Lieu VALUES(248942.2341099840,6744287.7106525300);
INSERT INTO Observation VALUES(265+82,NULL, NULL,248942.2341099840,6744287.7106525300);
INSERT INTO Chouette VALUES('329-1-2','Cheveche','inconnu');
INSERT INTO Obs_Chouette VALUES(1,'Sonore','329-1-2',265+82);

INSERT INTO Lieu VALUES(248725.8554087750,6744796.7157877600);
INSERT INTO Observation VALUES(266+82,NULL, NULL,248725.8554087750,6744796.7157877600);
INSERT INTO Chouette VALUES('329-4','Hulotte','male');
INSERT INTO Obs_Chouette VALUES(1,'Sonore','329-4',266+82);

INSERT INTO Lieu VALUES(248629.0001806150,6744652.4633202900);
INSERT INTO Observation VALUES(267+82,NULL, NULL,248629.0001806150,6744652.4633202900);
INSERT INTO Chouette VALUES('329-3-1','Hulotte','femelle');
INSERT INTO Obs_Chouette VALUES(1,'Sonore','329-3-1',267+82);

INSERT INTO Lieu VALUES(248711.4301620280,6744318.6218955600);
INSERT INTO Observation VALUES(268+82,NULL, NULL,248711.4301620280,6744318.6218955600);
INSERT INTO Chouette VALUES('329-3-2','Hulotte','femelle');
INSERT INTO Obs_Chouette VALUES(1,'Sonore','329-3-2',268+82);

INSERT INTO Lieu VALUES(248820.6498874000,6744221.7666674000);
INSERT INTO Observation VALUES(269+82,NULL, NULL,248820.6498874000,6744221.7666674000);
INSERT INTO Chouette VALUES('329-2-1','Hulotte','inconnu');
INSERT INTO Obs_Chouette VALUES(1,'Sonore','329-2-1',269+82);

INSERT INTO Lieu VALUES(248758.8274013410,6744353.6546376600);
INSERT INTO Observation VALUES(270+82,NULL, NULL,248758.8274013410,6744353.6546376600);
INSERT INTO Chouette VALUES('329-2-2','Hulotte','inconnu');
INSERT INTO Obs_Chouette VALUES(1,'Sonore','329-2-2',270+82);

INSERT INTO Lieu VALUES(248754.7059022700,6744075.4534504000);
INSERT INTO Observation VALUES(271+82,NULL, NULL,248754.7059022700,6744075.4534504000);
INSERT INTO Chouette VALUES('329-2-3','Hulotte','inconnu');
INSERT INTO Obs_Chouette VALUES(1,'Sonore','329-2-3',271+82);

INSERT INTO Lieu VALUES(248855.6826295010,6743830.2242556900);
INSERT INTO Observation VALUES(272+82,NULL, NULL,248855.6826295010,6743830.2242556900);
INSERT INTO Chouette VALUES('329-5','Hulotte','inconnu');
INSERT INTO Obs_Chouette VALUES(1,'Sonore','329-5',272+82);

INSERT INTO Lieu VALUES(251111.4305896040,6742387.6995809700);
INSERT INTO Observation VALUES(273+82,NULL, NULL,251111.4305896040,6742387.6995809700);
INSERT INTO Chouette VALUES('305-3-1','Hulotte','male');
INSERT INTO Obs_Chouette VALUES(1,'Sonore et Visuel','305-3-1',273+82);

INSERT INTO Lieu VALUES(251278.3513019650,6742485.8427775900);
INSERT INTO Observation VALUES(274+82,NULL, NULL,251278.3513019650,6742485.8427775900);
INSERT INTO Chouette VALUES('305-3-2','Hulotte','male');
INSERT INTO Obs_Chouette VALUES(1,'Sonore','305-3-2',274+82);

INSERT INTO Lieu VALUES(250949.1465636970,6742389.2451431200);
INSERT INTO Observation VALUES(275+82,NULL, NULL,250949.1465636970,6742389.2451431200);
INSERT INTO Chouette VALUES('305-3-3','Hulotte','male');
INSERT INTO Obs_Chouette VALUES(1,'Visuel','305-3-3',275+82);

INSERT INTO Lieu VALUES(251180.2081053450,6742036.8569725800);
INSERT INTO Observation VALUES(276+82,NULL, NULL,251180.2081053450,6742036.8569725800);
INSERT INTO Chouette VALUES('305-2','Hulotte','male');
INSERT INTO Obs_Chouette VALUES(1,'Sonore','305-2',276+82);

INSERT INTO Lieu VALUES(251337.8554447980,6742141.9551988800);
INSERT INTO Observation VALUES(277+82,NULL, NULL,251337.8554447980,6742141.9551988800);
INSERT INTO Chouette VALUES('305-1','Hulotte','male');
INSERT INTO Obs_Chouette VALUES(1,'Sonore','305-1',277+82);

INSERT INTO Lieu VALUES(250626.1240740340,6744481.1635151700);
INSERT INTO Observation VALUES(278+82,NULL, NULL,250626.1240740340,6744481.1635151700);
INSERT INTO Chouette VALUES('330-1-1','Hulotte','femelle');
INSERT INTO Obs_Chouette VALUES(1,'Sonore','330-1-1',278+82);

INSERT INTO Lieu VALUES(250823.9560294250,6744430.1599641700);
INSERT INTO Observation VALUES(279+82,NULL, NULL,250823.9560294250,6744430.1599641700);
INSERT INTO Chouette VALUES('330-1-2','Hulotte','femelle');
INSERT INTO Obs_Chouette VALUES(1,'Sonore','330-1-2',279+82);

INSERT INTO Lieu VALUES(247511.8163387670,6744221.5090737200);
INSERT INTO Observation VALUES(280+82,NULL, NULL,247511.8163387670,6744221.5090737200);
INSERT INTO Chouette VALUES('328-2','Hulotte','male');
INSERT INTO Obs_Chouette VALUES(1,'Sonore','328-2',280+82);

INSERT INTO Lieu VALUES(247946.1193033380,6744260.1481275000);
INSERT INTO Observation VALUES(281+82,NULL, NULL,247946.1193033380,6744260.1481275000);
INSERT INTO Chouette VALUES('328-1','Hulotte','male');
INSERT INTO Obs_Chouette VALUES(1,'Sonore','328-1',281+82);

INSERT INTO Lieu VALUES(248877.3204996150,6740033.8084242400);
INSERT INTO Observation VALUES(282+82,NULL, NULL,248877.3204996150,6740033.8084242400);
INSERT INTO Chouette VALUES('279-1','Hulotte','male');
INSERT INTO Obs_Chouette VALUES(1,'Sonore','279-1',282+82);

INSERT INTO Lieu VALUES(248743.6293735100,6740520.6605019600);
INSERT INTO Observation VALUES(283+82,NULL, NULL,248743.6293735100,6740520.6605019600);
INSERT INTO Chouette VALUES('279-2-1','Hulotte','male');
INSERT INTO Obs_Chouette VALUES(1,'Sonore','279-2-1',283+82);

INSERT INTO Lieu VALUES(248632.3488986020,6740521.4332830300);
INSERT INTO Observation VALUES(284+82,NULL, NULL,248632.3488986020,6740521.4332830300);
INSERT INTO Chouette VALUES('279-2-2','Hulotte','male');
INSERT INTO Obs_Chouette VALUES(1,'Sonore','279-2-2',284+82);

INSERT INTO Lieu VALUES(247959.6429721630,6742078.9735412000);
INSERT INTO Observation VALUES(285+82,NULL, NULL,247959.6429721630,6742078.9735412000);
INSERT INTO Chouette VALUES('304-1-1','Hulotte','femelle');
INSERT INTO Obs_Chouette VALUES(1,'Sonore','304-1-1',285+82);

INSERT INTO Lieu VALUES(248010.6465231630,6742227.3475077500);
INSERT INTO Observation VALUES(286+82,NULL, NULL,248010.6465231630,6742227.3475077500);
INSERT INTO Chouette VALUES('304-1-2','Hulotte','femelle');
INSERT INTO Obs_Chouette VALUES(1,'Sonore','304-1-2',286+82);

INSERT INTO Lieu VALUES(248747.8796694270,6742279.8966209000);
INSERT INTO Observation VALUES(287+82,NULL, NULL,248747.8796694270,6742279.8966209000);
INSERT INTO Chouette VALUES('304-2','Hulotte','male');
INSERT INTO Obs_Chouette VALUES(1,'Sonore','304-2',287+82);

INSERT INTO Lieu VALUES(248244.0264080390,6742610.6469213200);
INSERT INTO Observation VALUES(288+82,NULL, NULL,248244.0264080390,6742610.6469213200);
INSERT INTO Chouette VALUES('304-3','Hulotte','male');
INSERT INTO Obs_Chouette VALUES(1,'Sonore','304-3',288+82);

INSERT INTO Lieu VALUES(248659.7826267920,6742584.3723647400);
INSERT INTO Observation VALUES(289+82,NULL, NULL,248659.7826267920,6742584.3723647400);
INSERT INTO Chouette VALUES('304-4','Hulotte','femelle');
INSERT INTO Obs_Chouette VALUES(1,'Sonore','304-4',289+82);

INSERT INTO Lieu VALUES(248437.2216769760,6742180.9806432000);
INSERT INTO Observation VALUES(290+82,NULL, NULL,248437.2216769760,6742180.9806432000);
INSERT INTO Chouette VALUES('304-5','Hulotte','male');
INSERT INTO Obs_Chouette VALUES(1,'Sonore','304-5',290+82);

INSERT INTO Lieu VALUES(248356.8524450980,6742613.7380456200);
INSERT INTO Observation VALUES(291+82,NULL, NULL,248356.8524450980,6742613.7380456200);
INSERT INTO Chouette VALUES('304-6-1','Effraie','inconnu');
INSERT INTO Obs_Chouette VALUES(1,'Sonore et Visuel','304-6-1',291+82);

INSERT INTO Lieu VALUES(248478.9518550660,6742247.4398157200);
INSERT INTO Observation VALUES(292+82,NULL, NULL,248478.9518550660,6742247.4398157200);
INSERT INTO Chouette VALUES('304-6-2','Effraie','inconnu');
INSERT INTO Obs_Chouette VALUES(1,'Visuel','304-6-2',292+82);

INSERT INTO Lieu VALUES(252681.3353449870,6741635.3972037200);
INSERT INTO Observation VALUES(293+82,NULL, NULL,252681.3353449870,6741635.3972037200);
INSERT INTO Chouette VALUES('306-1-1','Hulotte','inconnu');
INSERT INTO Obs_Chouette VALUES(1,'Sonore','306-1-1',293+82);

INSERT INTO Lieu VALUES(252774.0690740760,6741426.7463132700);
INSERT INTO Observation VALUES(294+82,NULL, NULL,252774.0690740760,6741426.7463132700);
INSERT INTO Chouette VALUES('306-1-2','Hulotte','inconnu');
INSERT INTO Obs_Chouette VALUES(1,'Sonore','306-1-2',294+82);

INSERT INTO Lieu VALUES(252605.6027995630,6741828.5924726600);
INSERT INTO Observation VALUES(295+82,NULL, NULL,252605.6027995630,6741828.5924726600);
INSERT INTO Chouette VALUES('306-2-1','Hulotte','inconnu');
INSERT INTO Obs_Chouette VALUES(1,'Sonore','306-2-1',295+82);

INSERT INTO Lieu VALUES(252500.5045732610,6741731.2220571200);
INSERT INTO Observation VALUES(296+82,NULL, NULL,252500.5045732610,6741731.2220571200);
INSERT INTO Chouette VALUES('306-4','Cheveche','inconnu');
INSERT INTO Obs_Chouette VALUES(1,'Sonore','306-4',296+82);

INSERT INTO Lieu VALUES(252286.4442152790,6741531.0717585000);
INSERT INTO Observation VALUES(297+82,NULL, NULL,252286.4442152790,6741531.0717585000);
INSERT INTO Chouette VALUES('306-3-1','Hulotte','femelle');
INSERT INTO Obs_Chouette VALUES(1,'Sonore','306-3-1',297+82);

INSERT INTO Lieu VALUES(250949.9193447720,6745817.6883856800);
INSERT INTO Observation VALUES(298+82,NULL, NULL,250949.9193447720,6745817.6883856800);
INSERT INTO Chouette VALUES('355-2','Hulotte','male');
INSERT INTO Obs_Chouette VALUES(1,'Sonore','355-2',298+82);

INSERT INTO Lieu VALUES(251175.9578094280,6746042.5676787200);
INSERT INTO Observation VALUES(299+82,NULL, NULL,251175.9578094280,6746042.5676787200);
INSERT INTO Chouette VALUES('355-1','Hulotte','male');
INSERT INTO Obs_Chouette VALUES(1,'Sonore','355-1',299+82);

INSERT INTO Lieu VALUES(253152.3454106550,6745825.8025869700);
INSERT INTO Observation VALUES(300+82,NULL, NULL,253152.3454106550,6745825.8025869700);
INSERT INTO Chouette VALUES('356-1','Hulotte','male');
INSERT INTO Obs_Chouette VALUES(1,'Sonore','356-1',300+82);

INSERT INTO Lieu VALUES(252167.6291248830,6749282.4523387900);
INSERT INTO Observation VALUES(301+82,NULL, NULL,252167.6291248830,6749282.4523387900);
INSERT INTO Chouette VALUES('380-1-1','Effraie','inconnu');
INSERT INTO Obs_Chouette VALUES(1,'Sonore','380-1-1',301+82);

INSERT INTO Lieu VALUES(251960.1374060440,6749119.0091412700);
INSERT INTO Observation VALUES(302+82,NULL, NULL,251960.1374060440,6749119.0091412700);
INSERT INTO Chouette VALUES('380-1-2','Effraie','inconnu');
INSERT INTO Obs_Chouette VALUES(1,'Sonore','380-1-2',302+82);

INSERT INTO Lieu VALUES(252613.3306103200,6748530.1499615600);
INSERT INTO Observation VALUES(303+82,NULL, NULL,252613.3306103200,6748530.1499615600);
INSERT INTO Chouette VALUES('281-1-1','Hulotte','male');
INSERT INTO Obs_Chouette VALUES(1,'Sonore','281-1-1',303+82);

INSERT INTO Lieu VALUES(252866.0300220900,6751467.4908304800);
INSERT INTO Observation VALUES(304+82,NULL, NULL,252866.0300220900,6751467.4908304800);
INSERT INTO Chouette VALUES('430-1','Hulotte','male');
INSERT INTO Obs_Chouette VALUES(1,'Sonore','430-1',304+82);

INSERT INTO Lieu VALUES(252222.6897765300,6751526.6085827700);
INSERT INTO Observation VALUES(305+82,NULL, NULL,252222.6897765300,6751526.6085827700);
INSERT INTO Chouette VALUES('430-2','Effraie','inconnu');
INSERT INTO Obs_Chouette VALUES(1,'Sonore','430-2',305+82);

INSERT INTO Lieu VALUES(253126.2640493490,6751344.0390536300);
INSERT INTO Observation VALUES(306+82,NULL, NULL,253126.2640493490,6751344.0390536300);
INSERT INTO Chouette VALUES('431-1','Hulotte','male');
INSERT INTO Obs_Chouette VALUES(1,'Sonore','431-1',306+82);

INSERT INTO Lieu VALUES(248974.1113293520,6738890.4788226800);
INSERT INTO Observation VALUES(307+82,NULL, NULL,248974.1113293520,6738890.4788226800);
INSERT INTO Chouette VALUES('254-5','Hulotte','male');
INSERT INTO Obs_Chouette VALUES(1,'Sonore','254-5',307+82);

INSERT INTO Lieu VALUES(248744.5953498550,6739074.7871092400);
INSERT INTO Observation VALUES(308+82,NULL, NULL,248744.5953498550,6739074.7871092400);
INSERT INTO Chouette VALUES('254-1','Hulotte','male');
INSERT INTO Obs_Chouette VALUES(1,'Sonore','254-1',308+82);

INSERT INTO Lieu VALUES(248768.9379537410,6739038.8527892200);
INSERT INTO Observation VALUES(309+82,NULL, NULL,248768.9379537410,6739038.8527892200);
INSERT INTO Chouette VALUES('254-2','Hulotte','inconnu');
INSERT INTO Obs_Chouette VALUES(1,'Sonore','254-2',309+82);

INSERT INTO Lieu VALUES(248612.4497859020,6738890.4788226800);
INSERT INTO Observation VALUES(310+82,NULL, NULL,248612.4497859020,6738890.4788226800);
INSERT INTO Chouette VALUES('254-4','Hulotte','femelle');
INSERT INTO Obs_Chouette VALUES(1,'Sonore','254-4',310+82);

INSERT INTO Lieu VALUES(248607.8130994470,6738920.6172846300);
INSERT INTO Observation VALUES(311+82,NULL, NULL,248607.8130994470,6738920.6172846300);
INSERT INTO Chouette VALUES('254-3','Hulotte','male');
INSERT INTO Obs_Chouette VALUES(1,'Sonore','254-3',311+82);

INSERT INTO Lieu VALUES(250771.9865020810,6737135.4929996500);
INSERT INTO Observation VALUES(312+82,NULL, NULL,250771.9865020810,6737135.4929996500);
INSERT INTO Chouette VALUES('230-1','Hulotte','male');
INSERT INTO Obs_Chouette VALUES(1,'Visuel','230-1',312+82);

INSERT INTO Lieu VALUES(250621.2941923100,6737291.9811674900);
INSERT INTO Observation VALUES(313+82,NULL, NULL,250621.2941923100,6737291.9811674900);
INSERT INTO Chouette VALUES('230-2','Hulotte','male');
INSERT INTO Obs_Chouette VALUES(1,'Sonore','230-2',313+82);

INSERT INTO Lieu VALUES(250741.8480401270,6737162.1539467600);
INSERT INTO Observation VALUES(314+82,NULL, NULL,250741.8480401270,6737162.1539467600);
INSERT INTO Chouette VALUES('230-3','Effraie','inconnu');
INSERT INTO Obs_Chouette VALUES(1,'Visuel','230-3',314+82);

INSERT INTO Lieu VALUES(252065.6220228840,6734848.4474059700);
INSERT INTO Observation VALUES(315+82,NULL, NULL,252065.6220228840,6734848.4474059700);
INSERT INTO Chouette VALUES('206-1','Effraie','inconnu');
INSERT INTO Obs_Chouette VALUES(1,'Sonore','206-1',315+82);

INSERT INTO Lieu VALUES(252062.1445080430,6734827.5823169300);
INSERT INTO Observation VALUES(316+82,NULL, NULL,252062.1445080430,6734827.5823169300);
INSERT INTO Chouette VALUES('206-2','Hulotte','inconnu');
INSERT INTO Obs_Chouette VALUES(1,'Sonore','206-2',316+82);

INSERT INTO Lieu VALUES(253756.8534071590,6734294.9429604700);
INSERT INTO Observation VALUES(317+82,NULL, NULL,253756.8534071590,6734294.9429604700);
INSERT INTO Chouette VALUES('207-1','Hulotte','male');
INSERT INTO Obs_Chouette VALUES(1,'Sonore','207-1',317+82);

INSERT INTO Lieu VALUES(252263.2607830070,6736447.5246469700);
INSERT INTO Observation VALUES(318+82,NULL, NULL,252263.2607830070,6736447.5246469700);
INSERT INTO Chouette VALUES('231-2-1','Hulotte','male');
INSERT INTO Obs_Chouette VALUES(1,'Sonore','231-2-1',318+82);

INSERT INTO Lieu VALUES(252205.8817881320,6736572.7151812400);
INSERT INTO Observation VALUES(319+82,NULL, NULL,252205.8817881320,6736572.7151812400);
INSERT INTO Chouette VALUES('231-2','Effraie','inconnu');
INSERT INTO Obs_Chouette VALUES(1,'Sonore','231-2',319+82);

INSERT INTO Lieu VALUES(252235.4406642800,6736609.2290870700);
INSERT INTO Observation VALUES(320+82,NULL, NULL,252235.4406642800,6736609.2290870700);
INSERT INTO Chouette VALUES('231-2-2','Hulotte','male');
INSERT INTO Obs_Chouette VALUES(1,'Sonore','231-2-2',320+82);

INSERT INTO Lieu VALUES(253322.1640520510,6734985.2296563800);
INSERT INTO Observation VALUES(321+82,NULL, NULL,253322.1640520510,6734985.2296563800);
INSERT INTO Chouette VALUES('232-1','Hulotte','male');
INSERT INTO Obs_Chouette VALUES(1,'Sonore','232-1',321+82);

INSERT INTO Lieu VALUES(253351.7229281980,6734934.8056911900);
INSERT INTO Observation VALUES(322+82,NULL, NULL,253351.7229281980,6734934.8056911900);
INSERT INTO Chouette VALUES('232-2','Hulotte','femelle');
INSERT INTO Obs_Chouette VALUES(1,'Sonore','232-2',322+82);

INSERT INTO Lieu VALUES(250267.1672643480,6738408.8430172100);
INSERT INTO Observation VALUES(323+82,NULL, NULL,250267.1672643480,6738408.8430172100);
INSERT INTO Chouette VALUES('255-1','Hulotte','femelle');
INSERT INTO Obs_Chouette VALUES(1,'Sonore','255-1',323+82);

INSERT INTO Lieu VALUES(252413.0112658430,6738595.6507675700);
INSERT INTO Observation VALUES(324+82,NULL, NULL,252413.0112658430,6738595.6507675700);
INSERT INTO Chouette VALUES('256-1','Cheveche','inconnu');
INSERT INTO Obs_Chouette VALUES(1,'Sonore','256-1',324+82);

INSERT INTO Lieu VALUES(252410.4031297120,6738544.1400789900);
INSERT INTO Observation VALUES(325+82,NULL, NULL,252410.4031297120,6738544.1400789900);
INSERT INTO Chouette VALUES('256-2-1','Hulotte','inconnu');
INSERT INTO Obs_Chouette VALUES(1,'Sonore','256-2-1',325+82);

INSERT INTO Lieu VALUES(252411.3811807610,6738470.7862503200);
INSERT INTO Observation VALUES(326+82,NULL, NULL,252411.3811807610,6738470.7862503200);
INSERT INTO Chouette VALUES('256-2-2','Hulotte','inconnu');
INSERT INTO Obs_Chouette VALUES(1,'Sonore','256-2-2',326+82);

INSERT INTO Lieu VALUES(252488.9732306480,6738562.7230489200);
INSERT INTO Observation VALUES(327+82,NULL, NULL,252488.9732306480,6738562.7230489200);
INSERT INTO Chouette VALUES('256-3','Effraie','inconnu');
INSERT INTO Obs_Chouette VALUES(1,'Sonore','256-3',327+82);

INSERT INTO Lieu VALUES(252414.6413509240,6738723.1234209500);
INSERT INTO Observation VALUES(328+82,NULL, NULL,252414.6413509240,6738723.1234209500);
INSERT INTO Chouette VALUES('256-4','Effraie','inconnu');
INSERT INTO Obs_Chouette VALUES(1,'Sonore','256-4',328+82);

INSERT INTO Lieu VALUES(252359.2184581480,6738567.9393211800);
INSERT INTO Observation VALUES(329+82,NULL, NULL,252359.2184581480,6738567.9393211800);
INSERT INTO Chouette VALUES('256-5-1','Hulotte','inconnu');
INSERT INTO Obs_Chouette VALUES(1,'Visuel','256-5-1',329+82);

INSERT INTO Lieu VALUES(252371.6071047690,6738470.1342162800);
INSERT INTO Observation VALUES(330+82,NULL, NULL,252371.6071047690,6738470.1342162800);
INSERT INTO Chouette VALUES('256-5-2','Hulotte','inconnu');
INSERT INTO Obs_Chouette VALUES(1,'Visuel','256-5-2',330+82);

INSERT INTO Lieu VALUES(252385.2998194550,6738578.3718657000);
INSERT INTO Observation VALUES(331+82,NULL, NULL,252385.2998194550,6738578.3718657000);
INSERT INTO Chouette VALUES('256-6','Hulotte','inconnu');
INSERT INTO Obs_Chouette VALUES(1,'Sonore et Visuel','256-6',331+82);

INSERT INTO Lieu VALUES(252093.1885728220,6740431.4525865300);
INSERT INTO Observation VALUES(332+82,NULL, NULL,252093.1885728220,6740431.4525865300);
INSERT INTO Chouette VALUES('281-2','Hulotte','male');
INSERT INTO Obs_Chouette VALUES(1,'Sonore','281-2',332+82);

INSERT INTO Lieu VALUES(252325.3126884500,6740540.9943040200);
INSERT INTO Observation VALUES(333+82,NULL, NULL,252325.3126884500,6740540.9943040200);
INSERT INTO Chouette VALUES('281-1-2','Hulotte','male');
INSERT INTO Obs_Chouette VALUES(1,'Sonore','281-1-2',333+82);

INSERT INTO Lieu VALUES(284265.8518124180,6745480.1521014300);
INSERT INTO Observation VALUES(334+82,NULL, NULL,284265.8518124180,6745480.1521014300);
INSERT INTO Chouette VALUES('397-1','Hulotte','inconnu');
INSERT INTO Obs_Chouette VALUES(1,'Sonore et Visuel','397-1',334+82);

INSERT INTO Lieu VALUES(284395.9326019340,6745531.9888070200);
INSERT INTO Observation VALUES(335+82,NULL, NULL,284395.9326019340,6745531.9888070200);
INSERT INTO Chouette VALUES('397-2','Hulotte','male');
INSERT INTO Obs_Chouette VALUES(1,'Sonore','397-2',335+82);

INSERT INTO Lieu VALUES(284505.4743194210,6745450.8105699600);
INSERT INTO Observation VALUES(336+82,NULL, NULL,284505.4743194210,6745450.8105699600);
INSERT INTO Chouette VALUES('397-3','Hulotte','male');
INSERT INTO Obs_Chouette VALUES(1,'Sonore','397-3',336+82);

INSERT INTO Lieu VALUES(283003.1879081680,6746004.3874636800);
INSERT INTO Observation VALUES(337+82,NULL, NULL,283003.1879081680,6746004.3874636800);
INSERT INTO Chouette VALUES('396-3','Effraie','inconnu');
INSERT INTO Obs_Chouette VALUES(1,'Sonore','396-3',337+82);

INSERT INTO Lieu VALUES(283063.8270732060,6746261.6148895700);
INSERT INTO Observation VALUES(338+82,NULL, NULL,283063.8270732060,6746261.6148895700);
INSERT INTO Chouette VALUES('396-2','Hulotte','male');
INSERT INTO Obs_Chouette VALUES(1,'Sonore','396-2',338+82);

INSERT INTO Lieu VALUES(282729.3336144500,6745809.7553049300);
INSERT INTO Observation VALUES(339+82,NULL, NULL,282729.3336144500,6745809.7553049300);
INSERT INTO Chouette VALUES('396-1','Hulotte','male');
INSERT INTO Obs_Chouette VALUES(1,'Sonore','396-1',339+82);

INSERT INTO Lieu VALUES(284850.7263397150,6743954.8814905200);
INSERT INTO Observation VALUES(340+82,NULL, NULL,284850.7263397150,6743954.8814905200);
INSERT INTO Chouette VALUES('372-1','Effraie','inconnu');
INSERT INTO Obs_Chouette VALUES(1,'Sonore et Visuel','372-1',340+82);

INSERT INTO Lieu VALUES(284864.4190544010,6743962.2168733900);
INSERT INTO Observation VALUES(341+82,NULL, NULL,284864.4190544010,6743962.2168733900);
INSERT INTO Chouette VALUES('372-2','Effraie','inconnu');
INSERT INTO Obs_Chouette VALUES(1,'Sonore et Visuel','372-2',341+82);

INSERT INTO Lieu VALUES(285094.2610509150,6744105.0123265400);
INSERT INTO Observation VALUES(342+82,NULL, NULL,285094.2610509150,6744105.0123265400);
INSERT INTO Chouette VALUES('372-3','Hulotte','male');
INSERT INTO Obs_Chouette VALUES(1,'Sonore','372-3',342+82);

INSERT INTO Lieu VALUES(287086.5510377190,6743437.0034600800);
INSERT INTO Observation VALUES(343+82,NULL, NULL,287086.5510377190,6743437.0034600800);
INSERT INTO Chouette VALUES('373-1','Effraie','inconnu');
INSERT INTO Obs_Chouette VALUES(1,'Sonore','373-1',343+82);

INSERT INTO Lieu VALUES(286792.1576719720,6743479.0596551800);
INSERT INTO Observation VALUES(344+82,NULL, NULL,286792.1576719720,6743479.0596551800);
INSERT INTO Chouette VALUES('373-2-1','Hulotte','male');
INSERT INTO Obs_Chouette VALUES(1,'Sonore','373-2-1',344+82);

INSERT INTO Lieu VALUES(286857.6870922540,6743415.4863370000);
INSERT INTO Observation VALUES(345+82,NULL, NULL,286857.6870922540,6743415.4863370000);
INSERT INTO Chouette VALUES('373-2-2','Hulotte','male');
INSERT INTO Obs_Chouette VALUES(1,'Sonore','373-2-2',345+82);

INSERT INTO Lieu VALUES(287033.7362810730,6743412.5521838500);
INSERT INTO Observation VALUES(346+82,NULL, NULL,287033.7362810730,6743412.5521838500);
INSERT INTO Chouette VALUES('373-2-3','Hulotte','male');
INSERT INTO Obs_Chouette VALUES(1,'Sonore et Visuel','373-2-3',346+82);

INSERT INTO Lieu VALUES(286403.8714055200,6744687.9307517400);
INSERT INTO Observation VALUES(347+82,NULL, NULL,286403.8714055200,6744687.9307517400);
INSERT INTO Chouette VALUES('398-1','Hulotte','male');
INSERT INTO Obs_Chouette VALUES(1,'Sonore','398-1',347+82);

INSERT INTO Lieu VALUES(286778.4649572860,6744263.4565964800);
INSERT INTO Observation VALUES(348+82,NULL, NULL,286778.4649572860,6744263.4565964800);
INSERT INTO Chouette VALUES('398-2','Hulotte','male');
INSERT INTO Obs_Chouette VALUES(1,'Sonore','398-2',348+82);

INSERT INTO Lieu VALUES(286573.0742369970,6744695.7551601300);
INSERT INTO Observation VALUES(349+82,NULL, NULL,286573.0742369970,6744695.7551601300);
INSERT INTO Chouette VALUES('398-3','Effraie','inconnu');
INSERT INTO Obs_Chouette VALUES(1,'Sonore et Visuel','398-3',349+82);

INSERT INTO Lieu VALUES(286668.9232397980,6744725.0966916000);
INSERT INTO Observation VALUES(350+82,NULL, NULL,286668.9232397980,6744725.0966916000);
INSERT INTO Chouette VALUES('398-4','Effraie','inconnu');
INSERT INTO Obs_Chouette VALUES(1,'Sonore et Visuel','398-4',350+82);

INSERT INTO Lieu VALUES(281404.0744430560,6746060.1363734900);
INSERT INTO Observation VALUES(351+82,NULL, NULL,281404.0744430560,6746060.1363734900);
INSERT INTO Chouette VALUES('395-1','Hulotte','male');
INSERT INTO Obs_Chouette VALUES(1,'Sonore et Visuel','395-1',351+82);

INSERT INTO Lieu VALUES(281476.4502206820,6746105.1267217400);
INSERT INTO Observation VALUES(352+82,NULL, NULL,281476.4502206820,6746105.1267217400);
INSERT INTO Chouette VALUES('395-3','Cheveche','inconnu');
INSERT INTO Obs_Chouette VALUES(1,'Sonore','395-3',352+82);

INSERT INTO Lieu VALUES(281143.9128640230,6746422.0152616100);
INSERT INTO Observation VALUES(353+82,NULL, NULL,281143.9128640230,6746422.0152616100);
INSERT INTO Chouette VALUES('395-2','Effraie','inconnu');
INSERT INTO Obs_Chouette VALUES(1,'Sonore','395-2',353+82);

INSERT INTO Lieu VALUES(281273.9936535390,6749837.3695247000);
INSERT INTO Observation VALUES(354+82,NULL, NULL,281273.9936535390,6749837.3695247000);
INSERT INTO Chouette VALUES('445-','Effraie','inconnu');
INSERT INTO Obs_Chouette VALUES(1,'Sonore et Visuel','445-',354+82);

INSERT INTO Lieu VALUES(278734.9731303470,6750143.4995030400);
INSERT INTO Observation VALUES(355+82,NULL, NULL,278734.9731303470,6750143.4995030400);
INSERT INTO Chouette VALUES('444-1','Hulotte','male');
INSERT INTO Obs_Chouette VALUES(1,'Sonore','444-1',355+82);

INSERT INTO Lieu VALUES(281618.2676227860,6747848.9917421000);
INSERT INTO Observation VALUES(356+82,NULL, NULL,281618.2676227860,6747848.9917421000);
INSERT INTO Chouette VALUES('420-1','Effraie','inconnu');
INSERT INTO Obs_Chouette VALUES(1,'Sonore','420-1',356+82);

INSERT INTO Lieu VALUES(277688.9475334470,6748382.0295638000);
INSERT INTO Observation VALUES(357+82,NULL, NULL,277688.9475334470,6748382.0295638000);
INSERT INTO Chouette VALUES('418-2','Hulotte','male');
INSERT INTO Obs_Chouette VALUES(1,'Sonore','418-2',357+82);

INSERT INTO Lieu VALUES(277553.9764886860,6748506.7310725500);
INSERT INTO Observation VALUES(358+82,NULL, NULL,277553.9764886860,6748506.7310725500);
INSERT INTO Chouette VALUES('418-1','Effraie','inconnu');
INSERT INTO Obs_Chouette VALUES(1,'Sonore','418-1',358+82);

INSERT INTO Lieu VALUES(270120.2994907960,6738940.6582750900);
INSERT INTO Observation VALUES(359+82,NULL, NULL,270120.2994907960,6738940.6582750900);
INSERT INTO Chouette VALUES('290-1','Hulotte','male');
INSERT INTO Obs_Chouette VALUES(1,'Sonore','290-1',359+82);

INSERT INTO Lieu VALUES(270311.0194453500,6738594.4282037400);
INSERT INTO Observation VALUES(360+82,NULL, NULL,270311.0194453500,6738594.4282037400);
INSERT INTO Chouette VALUES('290-2','Hulotte','male');
INSERT INTO Obs_Chouette VALUES(1,'Sonore','290-2',360+82);

INSERT INTO Lieu VALUES(270318.3548282170,6738551.8829831100);
INSERT INTO Observation VALUES(361+82,NULL, NULL,270318.3548282170,6738551.8829831100);
INSERT INTO Chouette VALUES('290-3','Hulotte','male');
INSERT INTO Obs_Chouette VALUES(1,'Sonore','290-3',361+82);

INSERT INTO Lieu VALUES(270416.6489586420,6738526.9426813600);
INSERT INTO Observation VALUES(362+82,NULL, NULL,270416.6489586420,6738526.9426813600);
INSERT INTO Chouette VALUES('290-4','Hulotte','femelle');
INSERT INTO Obs_Chouette VALUES(1,'Sonore','290-4',362+82);

INSERT INTO Lieu VALUES(270572.1590754320,6738526.9426813600);
INSERT INTO Observation VALUES(363+82,NULL, NULL,270572.1590754320,6738526.9426813600);
INSERT INTO Chouette VALUES('290-5','Hulotte','femelle');
INSERT INTO Obs_Chouette VALUES(1,'Sonore','290-5',363+82);

INSERT INTO Lieu VALUES(270435.7209540970,6738600.2965100400);
INSERT INTO Observation VALUES(364+82,NULL, NULL,270435.7209540970,6738600.2965100400);
INSERT INTO Chouette VALUES('290-6','Effraie','inconnu');
INSERT INTO Obs_Chouette VALUES(1,'Sonore et Visuel','290-6',364+82);

INSERT INTO Lieu VALUES(270409.3135757740,6738543.0805236700);
INSERT INTO Observation VALUES(365+82,NULL, NULL,270409.3135757740,6738543.0805236700);
INSERT INTO Chouette VALUES('290-7','Effraie','inconnu');
INSERT INTO Obs_Chouette VALUES(1,'Sonore et Visuel','290-7',365+82);

INSERT INTO Lieu VALUES(267150.5697368950,6739880.6875895400);
INSERT INTO Observation VALUES(366+82,NULL, NULL,267150.5697368950,6739880.6875895400);
INSERT INTO Chouette VALUES('288-1','Hulotte','male');
INSERT INTO Obs_Chouette VALUES(1,'Sonore','288-1',366+82);

INSERT INTO Lieu VALUES(267229.7918718640,6739765.1553093800);
INSERT INTO Observation VALUES(367+82,NULL, NULL,267229.7918718640,6739765.1553093800);
INSERT INTO Chouette VALUES('288-2','Hulotte','femelle');
INSERT INTO Obs_Chouette VALUES(1,'Sonore','288-2',367+82);

INSERT INTO Lieu VALUES(267516.9721111250,6739886.1891266900);
INSERT INTO Observation VALUES(368+82,NULL, NULL,267516.9721111250,6739886.1891266900);
INSERT INTO Chouette VALUES('288-3','Hulotte','male');
INSERT INTO Obs_Chouette VALUES(1,'Sonore','288-3',368+82);

INSERT INTO Lieu VALUES(266932.7088657310,6740381.3274702500);
INSERT INTO Observation VALUES(369+82,NULL, NULL,266932.7088657310,6740381.3274702500);
INSERT INTO Chouette VALUES('313-1-1','Hulotte','male');
INSERT INTO Obs_Chouette VALUES(1,'Sonore','313-1-1',369+82);

INSERT INTO Lieu VALUES(266840.2830416010,6740117.2536870200);
INSERT INTO Observation VALUES(370+82,NULL, NULL,266840.2830416010,6740117.2536870200);
INSERT INTO Chouette VALUES('313-2-1','Hulotte','male');
INSERT INTO Obs_Chouette VALUES(1,'Sonore','313-2-1',370+82);

INSERT INTO Lieu VALUES(267412.4429052640,6740605.7901859900);
INSERT INTO Observation VALUES(371+82,NULL, NULL,267412.4429052640,6740605.7901859900);
INSERT INTO Chouette VALUES('313-3-1','Hulotte','male');
INSERT INTO Obs_Chouette VALUES(1,'Sonore','313-3-1',371+82);

INSERT INTO Lieu VALUES(267577.4890197820,6740247.0899637700);
INSERT INTO Observation VALUES(372+82,NULL, NULL,267577.4890197820,6740247.0899637700);
INSERT INTO Chouette VALUES('313-3-2','Hulotte','male');
INSERT INTO Obs_Chouette VALUES(1,'Sonore','313-3-2',372+82);

INSERT INTO Lieu VALUES(271985.3205848480,6739358.0415602400);
INSERT INTO Observation VALUES(373+82,NULL, NULL,271985.3205848480,6739358.0415602400);
INSERT INTO Chouette VALUES('291-1','Effraie','inconnu');
INSERT INTO Obs_Chouette VALUES(1,'Sonore et Visuel','291-1',373+82);

INSERT INTO Lieu VALUES(268790.0278077760,6739161.0865302400);
INSERT INTO Observation VALUES(374+82,NULL, NULL,268790.0278077760,6739161.0865302400);
INSERT INTO Chouette VALUES('289-1','Effraie','inconnu');
INSERT INTO Obs_Chouette VALUES(1,'Sonore et Visuel','289-1',374+82);

INSERT INTO Lieu VALUES(270359.0662031290,6740614.5926454300);
INSERT INTO Observation VALUES(375+82,NULL, NULL,270359.0662031290,6740614.5926454300);
INSERT INTO Chouette VALUES('315-1-1','Hulotte','femelle');
INSERT INTO Obs_Chouette VALUES(1,'Sonore et Visuel','315-1-1',375+82);

INSERT INTO Lieu VALUES(270372.2698922900,6740585.9846522500);
INSERT INTO Observation VALUES(376+82,NULL, NULL,270372.2698922900,6740585.9846522500);
INSERT INTO Chouette VALUES('315-2-1','Hulotte','male');
INSERT INTO Obs_Chouette VALUES(1,'Sonore et Visuel','315-2-1',376+82);

INSERT INTO Lieu VALUES(270420.6834192150,6740735.6264627500);
INSERT INTO Observation VALUES(377+82,NULL, NULL,270420.6834192150,6740735.6264627500);
INSERT INTO Chouette VALUES('315-1-2','Hulotte','femelle');
INSERT INTO Obs_Chouette VALUES(1,'Sonore','315-1-2',377+82);

INSERT INTO Lieu VALUES(270447.0907975380,6740704.8178547000);
INSERT INTO Observation VALUES(378+82,NULL, NULL,270447.0907975380,6740704.8178547000);
INSERT INTO Chouette VALUES('315-2-2','Hulotte','male');
INSERT INTO Obs_Chouette VALUES(1,'Sonore','315-2-2',378+82);

INSERT INTO Lieu VALUES(268556.7626325900,6741089.9254552500);
INSERT INTO Observation VALUES(379+82,NULL, NULL,268556.7626325900,6741089.9254552500);
INSERT INTO Chouette VALUES('314-1-1','Hulotte','male');
INSERT INTO Obs_Chouette VALUES(1,'Sonore','314-1-1',379+82);

INSERT INTO Lieu VALUES(268605.1761595150,6740823.6510571600);
INSERT INTO Observation VALUES(380+82,NULL, NULL,268605.1761595150,6740823.6510571600);
INSERT INTO Chouette VALUES('314-1-2','Hulotte','male');
INSERT INTO Obs_Chouette VALUES(1,'Sonore','314-1-2',380+82);

INSERT INTO Lieu VALUES(268319.0962276840,6741261.5734143500);
INSERT INTO Observation VALUES(381+82,NULL, NULL,268319.0962276840,6741261.5734143500);
INSERT INTO Chouette VALUES('314-2','Hulotte','femelle');
INSERT INTO Obs_Chouette VALUES(1,'Sonore','314-2',381+82);

INSERT INTO Lieu VALUES(268266.2814710380,6741272.5764886500);
INSERT INTO Observation VALUES(382+82,NULL, NULL,268266.2814710380,6741272.5764886500);
INSERT INTO Chouette VALUES('314-3','Hulotte','male');
INSERT INTO Obs_Chouette VALUES(1,'Sonore','314-3',382+82);

INSERT INTO Lieu VALUES(268283.8863899200,6741668.6871634900);
INSERT INTO Observation VALUES(383+82,NULL, NULL,268283.8863899200,6741668.6871634900);
INSERT INTO Chouette VALUES('314-4','Hulotte','male');
INSERT INTO Obs_Chouette VALUES(1,'Sonore','314-4',383+82);

INSERT INTO Lieu VALUES(268387.3152883510,6741899.7517238200);
INSERT INTO Observation VALUES(384+82,NULL, NULL,268387.3152883510,6741899.7517238200);
INSERT INTO Chouette VALUES('314-5-1','Effraie','inconnu');
INSERT INTO Obs_Chouette VALUES(1,'Sonore','314-5-1',384+82);

INSERT INTO Lieu VALUES(268459.9355787390,6741400.2121505400);
INSERT INTO Observation VALUES(385+82,NULL, NULL,268459.9355787390,6741400.2121505400);
INSERT INTO Chouette VALUES('314-5-2','Effraie','inconnu');
INSERT INTO Obs_Chouette VALUES(1,'Sonore','314-5-2',385+82);

INSERT INTO Lieu VALUES(270936.7276039420,6737510.6253850700);
INSERT INTO Observation VALUES(386+82,NULL, NULL,270936.7276039420,6737510.6253850700);
INSERT INTO Chouette VALUES('265-1-1','Effraie','inconnu');
INSERT INTO Obs_Chouette VALUES(1,'Sonore et Visuel','265-1-1',386+82);

INSERT INTO Lieu VALUES(271432.9662549270,6736238.6699958500);
INSERT INTO Observation VALUES(387+82,NULL, NULL,271432.9662549270,6736238.6699958500);
INSERT INTO Chouette VALUES('266-2','Hulotte','femelle');
INSERT INTO Obs_Chouette VALUES(1,'Sonore','266-2',387+82);

INSERT INTO Lieu VALUES(271486.8813190030,6736180.3537020500);
INSERT INTO Observation VALUES(388+82,NULL, NULL,271486.8813190030,6736180.3537020500);
INSERT INTO Chouette VALUES('266-1','Hulotte','male');
INSERT INTO Obs_Chouette VALUES(1,'Sonore','266-1',388+82);

INSERT INTO Lieu VALUES(271526.4923864870,6736469.7345561700);
INSERT INTO Observation VALUES(389+82,NULL, NULL,271526.4923864870,6736469.7345561700);
INSERT INTO Chouette VALUES('266-3','Hulotte','male');
INSERT INTO Obs_Chouette VALUES(1,'Sonore et Visuel','266-3',389+82);

INSERT INTO Lieu VALUES(271876.3901492660,6736346.5001240000);
INSERT INTO Observation VALUES(390+82,NULL, NULL,271876.3901492660,6736346.5001240000);
INSERT INTO Chouette VALUES('266-4','Effraie','inconnu');
INSERT INTO Obs_Chouette VALUES(1,'Sonore et Visuel','266-4',390+82);

INSERT INTO Lieu VALUES(271924.8036761910,6736331.0958199800);
INSERT INTO Observation VALUES(391+82,NULL, NULL,271924.8036761910,6736331.0958199800);
INSERT INTO Chouette VALUES('266-5','Effraie','inconnu');
INSERT INTO Obs_Chouette VALUES(1,'Sonore et Visuel','266-5',391+82);

INSERT INTO Lieu VALUES(272218.5857600330,6736360.8041205900);
INSERT INTO Observation VALUES(392+82,NULL, NULL,272218.5857600330,6736360.8041205900);
INSERT INTO Chouette VALUES('266-6','Hulotte','femelle');
INSERT INTO Obs_Chouette VALUES(1,'Sonore','266-6',392+82);

INSERT INTO Lieu VALUES(270849.8033169630,6736163.8490906000);
INSERT INTO Observation VALUES(393+82,NULL, NULL,270849.8033169630,6736163.8490906000);
INSERT INTO Chouette VALUES('265-1-2','Hulotte','male');
INSERT INTO Obs_Chouette VALUES(1,'Sonore et Visuel','265-1-2',393+82);

INSERT INTO Lieu VALUES(276098.2697586410,6734615.7165364200);
INSERT INTO Observation VALUES(394+82,NULL, NULL,276098.2697586410,6734615.7165364200);
INSERT INTO Chouette VALUES('243-1','Hulotte','male');
INSERT INTO Obs_Chouette VALUES(1,'Sonore','243-1',394+82);

INSERT INTO Lieu VALUES(275983.8377859080,6734527.6919420100);
INSERT INTO Observation VALUES(395+82,NULL, NULL,275983.8377859080,6734527.6919420100);
INSERT INTO Chouette VALUES('243-2','Hulotte','male');
INSERT INTO Obs_Chouette VALUES(1,'Sonore','243-2',395+82);

INSERT INTO Lieu VALUES(275933.2236441220,6734657.5282187600);
INSERT INTO Observation VALUES(396+82,NULL, NULL,275933.2236441220,6734657.5282187600);
INSERT INTO Chouette VALUES('243-3','Hulotte','femelle');
INSERT INTO Obs_Chouette VALUES(1,'Sonore','243-3',396+82);

INSERT INTO Lieu VALUES(276323.8327818160,6736903.2556836400);
INSERT INTO Observation VALUES(397+82,NULL, NULL,276323.8327818160,6736903.2556836400);
INSERT INTO Chouette VALUES('268-1','Hulotte','femelle');
INSERT INTO Obs_Chouette VALUES(1,'Sonore','268-1',397+82);

INSERT INTO Lieu VALUES(276625.3170176690,6736678.7929678900);
INSERT INTO Observation VALUES(398+82,NULL, NULL,276625.3170176690,6736678.7929678900);
INSERT INTO Chouette VALUES('268-2-1','Hulotte','femelle');
INSERT INTO Obs_Chouette VALUES(1,'Sonore','268-2-1',398+82);

INSERT INTO Lieu VALUES(276543.8942678400,6736821.8329338100);
INSERT INTO Observation VALUES(399+82,NULL, NULL,276543.8942678400,6736821.8329338100);
INSERT INTO Chouette VALUES('268-2-2','Hulotte','femelle');
INSERT INTO Obs_Chouette VALUES(1,'Sonore','268-2-2',399+82);

INSERT INTO Lieu VALUES(276416.2586059460,6736515.9474682400);
INSERT INTO Observation VALUES(400+82,NULL, NULL,276416.2586059460,6736515.9474682400);
INSERT INTO Chouette VALUES('268-2-3','Hulotte','femelle');
INSERT INTO Obs_Chouette VALUES(1,'Sonore','268-2-3',400+82);

INSERT INTO Lieu VALUES(276669.3293148740,6736647.9843598500);
INSERT INTO Observation VALUES(401+82,NULL, NULL,276669.3293148740,6736647.9843598500);
INSERT INTO Chouette VALUES('268-3-1','Hulotte','femelle');
INSERT INTO Obs_Chouette VALUES(1,'Sonore','268-3-1',401+82);

INSERT INTO Lieu VALUES(276691.3354634760,6736392.7130360600);
INSERT INTO Observation VALUES(402+82,NULL, NULL,276691.3354634760,6736392.7130360600);
INSERT INTO Chouette VALUES('268-3-2','Hulotte','femelle');
INSERT INTO Obs_Chouette VALUES(1,'Sonore','268-3-2',402+82);

INSERT INTO Lieu VALUES(276515.2862746570,6736271.6792187500);
INSERT INTO Observation VALUES(403+82,NULL, NULL,276515.2862746570,6736271.6792187500);
INSERT INTO Chouette VALUES('268-3-3','Hulotte','femelle');
INSERT INTO Obs_Chouette VALUES(1,'Sonore','268-3-3',403+82);

INSERT INTO Lieu VALUES(274706.3808595370,6736073.6238813300);
INSERT INTO Observation VALUES(404+82,NULL, NULL,274706.3808595370,6736073.6238813300);
INSERT INTO Chouette VALUES('267-1','Hulotte','femelle');
INSERT INTO Obs_Chouette VALUES(1,'Sonore','267-1',404+82);

INSERT INTO Lieu VALUES(274807.6091431090,6735939.3863748500);
INSERT INTO Observation VALUES(405+82,NULL, NULL,274807.6091431090,6735939.3863748500);
INSERT INTO Chouette VALUES('267-2-1','Hulotte','femelle');
INSERT INTO Obs_Chouette VALUES(1,'Sonore','267-2-1',405+82);

INSERT INTO Lieu VALUES(274411.4984682650,6736005.4048206600);
INSERT INTO Observation VALUES(406+82,NULL, NULL,274411.4984682650,6736005.4048206600);
INSERT INTO Chouette VALUES('267-2-2','Hulotte','femelle');
INSERT INTO Obs_Chouette VALUES(1,'Sonore et Visuel','267-2-2',406+82);

INSERT INTO Lieu VALUES(274477.5169140720,6736100.0312596500);
INSERT INTO Observation VALUES(407+82,NULL, NULL,274477.5169140720,6736100.0312596500);
INSERT INTO Chouette VALUES('267-3','Hulotte','femelle');
INSERT INTO Obs_Chouette VALUES(1,'Sonore','267-3',407+82);

INSERT INTO Lieu VALUES(274547.9365896000,6736144.0435568500);
INSERT INTO Observation VALUES(408+82,NULL, NULL,274547.9365896000,6736144.0435568500);
INSERT INTO Chouette VALUES('267-4','Effraie','inconnu');
INSERT INTO Obs_Chouette VALUES(1,'Sonore et Visuel','267-4',408+82);

INSERT INTO Lieu VALUES(274534.7329004380,6736201.2595432200);
INSERT INTO Observation VALUES(409+82,NULL, NULL,274534.7329004380,6736201.2595432200);
INSERT INTO Chouette VALUES('267-5','Effraie','inconnu');
INSERT INTO Obs_Chouette VALUES(1,'Sonore et Visuel','267-5',409+82);

INSERT INTO Lieu VALUES(274473.1156843520,6738360.0627211200);
INSERT INTO Observation VALUES(410+82,NULL, NULL,274473.1156843520,6738360.0627211200);
INSERT INTO Chouette VALUES('292-1-1','Hulotte','femelle');
INSERT INTO Obs_Chouette VALUES(1,'Sonore et Visuel','292-1-1',410+82);

INSERT INTO Lieu VALUES(274503.9242923950,6738339.1568799500);
INSERT INTO Observation VALUES(411+82,NULL, NULL,274503.9242923950,6738339.1568799500);
INSERT INTO Chouette VALUES('292-2-1','Hulotte','femelle');
INSERT INTO Obs_Chouette VALUES(1,'Sonore et Visuel','292-2-1',411+82);

INSERT INTO Lieu VALUES(274590.8485793750,6738372.1661028500);
INSERT INTO Observation VALUES(412+82,NULL, NULL,274590.8485793750,6738372.1661028500);
INSERT INTO Chouette VALUES('292-1-2','Hulotte','femelle');
INSERT INTO Obs_Chouette VALUES(1,'Sonore et Visuel','292-1-2',412+82);

INSERT INTO Lieu VALUES(274588.6479645140,6738340.2571873800);
INSERT INTO Observation VALUES(413+82,NULL, NULL,274588.6479645140,6738340.2571873800);
INSERT INTO Chouette VALUES('292-2-2','Hulotte','femelle');
INSERT INTO Obs_Chouette VALUES(1,'Sonore et Visuel','292-2-2',413+82);

INSERT INTO Lieu VALUES(276515.8364283720,6740061.1380080900);
INSERT INTO Observation VALUES(414+82,NULL, NULL,276515.8364283720,6740061.1380080900);
INSERT INTO Chouette VALUES('318-1-1','Hulotte','male');
INSERT INTO Obs_Chouette VALUES(1,'Sonore et Visuel','318-1-1',414+82);

INSERT INTO Lieu VALUES(276340.3373932670,6739791.5626877100);
INSERT INTO Observation VALUES(415+82,NULL, NULL,276340.3373932670,6739791.5626877100);
INSERT INTO Chouette VALUES('318-1-2','Hulotte','male');
INSERT INTO Obs_Chouette VALUES(1,'Sonore et Visuel','318-1-2',415+82);

INSERT INTO Lieu VALUES(276372.2463087410,6740006.6727903000);
INSERT INTO Observation VALUES(416+82,NULL, NULL,276372.2463087410,6740006.6727903000);
INSERT INTO Chouette VALUES('318-2-1','Hulotte','male');
INSERT INTO Obs_Chouette VALUES(1,'Sonore et Visuel','318-2-1',416+82);

INSERT INTO Lieu VALUES(276285.3220217610,6739908.1952753000);
INSERT INTO Observation VALUES(417+82,NULL, NULL,276285.3220217610,6739908.1952753000);
INSERT INTO Chouette VALUES('318-2-2','Hulotte','male');
INSERT INTO Obs_Chouette VALUES(1,'Sonore et Visuel','318-2-2',417+82);

INSERT INTO Lieu VALUES(272831.1819217540,6740154.6641396500);
INSERT INTO Observation VALUES(418+82,NULL, NULL,272831.1819217540,6740154.6641396500);
INSERT INTO Chouette VALUES('316-1','Hulotte','male');
INSERT INTO Obs_Chouette VALUES(1,'Sonore','316-1',418+82);

INSERT INTO Lieu VALUES(272751.9597867850,6740998.0497848300);
INSERT INTO Observation VALUES(419+82,NULL, NULL,272751.9597867850,6740998.0497848300);
INSERT INTO Chouette VALUES('316-2','Hulotte','male');
INSERT INTO Obs_Chouette VALUES(1,'Sonore','316-2',419+82);

INSERT INTO Lieu VALUES(274555.9138184660,6740220.6825854500);
INSERT INTO Observation VALUES(420+82,NULL, NULL,274555.9138184660,6740220.6825854500);
INSERT INTO Chouette VALUES('317-1','Hulotte','femelle');
INSERT INTO Obs_Chouette VALUES(0,'Sonore','317-1',420+82);

INSERT INTO Lieu VALUES(274585.6221190790,6740199.2265905700);
INSERT INTO Observation VALUES(421+82,NULL, NULL,274585.6221190790,6740199.2265905700);
INSERT INTO Chouette VALUES('317-2','Hulotte','femelle');
INSERT INTO Obs_Chouette VALUES(1,'Sonore','317-2',421+82);

INSERT INTO Lieu VALUES(274641.7377980150,6740197.5761294200);
INSERT INTO Observation VALUES(422+82,NULL, NULL,274641.7377980150,6740197.5761294200);
INSERT INTO Chouette VALUES('317-3','Hulotte','femelle');
INSERT INTO Obs_Chouette VALUES(1,'Sonore','317-3',422+82);

INSERT INTO Lieu VALUES(274164.7545270590,6742793.7515107900);
INSERT INTO Observation VALUES(423+82,NULL, NULL,274164.7545270590,6742793.7515107900);
INSERT INTO Chouette VALUES('342-1','Effraie','inconnu');
INSERT INTO Obs_Chouette VALUES(1,'Sonore et Visuel','342-1',423+82);

INSERT INTO Lieu VALUES(277285.7765525920,6738916.8182807600);
INSERT INTO Observation VALUES(424+82,NULL, NULL,277285.7765525920,6738916.8182807600);
INSERT INTO Chouette VALUES('293-1','Hulotte','male');
INSERT INTO Obs_Chouette VALUES(1,'Sonore','293-1',424+82);

INSERT INTO Lieu VALUES(255124.2095257000,6748400.3680209600);
INSERT INTO Observation VALUES(425+82,NULL, NULL,255124.2095257000,6748400.3680209600);
INSERT INTO Chouette VALUES('382-1','Hulotte','femelle');
INSERT INTO Obs_Chouette VALUES(1,'Sonore','382-1',425+82);

INSERT INTO Lieu VALUES(256977.2647764540,6743795.5814259000);
INSERT INTO Observation VALUES(426+82,NULL, NULL,256977.2647764540,6743795.5814259000);
INSERT INTO Chouette VALUES('333-1','Hulotte','femelle');
INSERT INTO Obs_Chouette VALUES(1,'Sonore','333-1',426+82);

INSERT INTO Lieu VALUES(255145.2529053010,6745760.0428039500);
INSERT INTO Observation VALUES(427+82,NULL, NULL,255145.2529053010,6745760.0428039500);
INSERT INTO Chouette VALUES('357-1-1','Effraie','inconnu');
INSERT INTO Obs_Chouette VALUES(1,'Sonore','357-1-1',427+82);

INSERT INTO Lieu VALUES(254969.4787933390,6745934.5790700600);
INSERT INTO Observation VALUES(428+82,NULL, NULL,254969.4787933390,6745934.5790700600);
INSERT INTO Chouette VALUES('357-1-2','Effraie','inconnu');
INSERT INTO Obs_Chouette VALUES(1,'Sonore','357-1-2',428+82);

INSERT INTO Lieu VALUES(257323.2426940130,6748134.2311613100);
INSERT INTO Observation VALUES(429+82,NULL, NULL,257323.2426940130,6748134.2311613100);
INSERT INTO Chouette VALUES('383-1','Effraie','inconnu');
INSERT INTO Obs_Chouette VALUES(1,'Sonore','383-1',429+82);

INSERT INTO Lieu VALUES(255123.5906027710,6749416.6394711200);
INSERT INTO Observation VALUES(430+82,NULL, NULL,255123.5906027710,6749416.6394711200);
INSERT INTO Chouette VALUES('407-1','Hulotte','femelle');
INSERT INTO Obs_Chouette VALUES(1,'Sonore','407-1',430+82);

INSERT INTO Lieu VALUES(253821.9956821510,6744019.0126034400);
INSERT INTO Observation VALUES(431+82,NULL, NULL,253821.9956821510,6744019.0126034400);
INSERT INTO Chouette VALUES('331-1-1','Hulotte','male');
INSERT INTO Obs_Chouette VALUES(1,'Sonore','331-1-1',431+82);

INSERT INTO Lieu VALUES(253872.7473623650,6744246.1573185400);
INSERT INTO Observation VALUES(432+82,NULL, NULL,253872.7473623650,6744246.1573185400);
INSERT INTO Chouette VALUES('331-1-2','Hulotte','male');
INSERT INTO Obs_Chouette VALUES(1,'Sonore','331-1-2',432+82);

INSERT INTO Lieu VALUES(276948.6698637380,6727122.4166296300);
INSERT INTO Observation VALUES(433+82,NULL, NULL,276948.6698637380,6727122.4166296300);
INSERT INTO Chouette VALUES('144-1','Effraie','inconnu');
INSERT INTO Obs_Chouette VALUES(1,'Sonore et Visuel','144-1',433+82);

INSERT INTO Lieu VALUES(278389.5224434830,6728526.7527565400);
INSERT INTO Observation VALUES(434+82,NULL, NULL,278389.5224434830,6728526.7527565400);
INSERT INTO Chouette VALUES('169-1','Hulotte','male');
INSERT INTO Obs_Chouette VALUES(1,'Sonore','169-1',434+82);

INSERT INTO Lieu VALUES(281658.0544338740,6728327.4595732600);
INSERT INTO Observation VALUES(435+82,NULL, NULL,281658.0544338740,6728327.4595732600);
INSERT INTO Chouette VALUES('171-1','Hulotte','male');
INSERT INTO Obs_Chouette VALUES(1,'Sonore','171-1',435+82);

INSERT INTO Lieu VALUES(283256.7323606270,6728531.7041399800);
INSERT INTO Observation VALUES(436+82,NULL, NULL,283256.7323606270,6728531.7041399800);
INSERT INTO Chouette VALUES('172-1','Hulotte','male');
INSERT INTO Obs_Chouette VALUES(1,'Sonore','172-1',436+82);

INSERT INTO Lieu VALUES(280547.0877755230,6729263.8899655100);
INSERT INTO Observation VALUES(437+82,NULL, NULL,280547.0877755230,6729263.8899655100);
INSERT INTO Chouette VALUES('195-1','Hulotte','male');
INSERT INTO Obs_Chouette VALUES(0,'Sonore','195-1',437+82);

INSERT INTO Lieu VALUES(280820.6517103370,6728948.2392715000);
INSERT INTO Observation VALUES(438+82,NULL, NULL,280820.6517103370,6728948.2392715000);
INSERT INTO Chouette VALUES('195-2-1','Effraie','inconnu');
INSERT INTO Obs_Chouette VALUES(1,'Visuel','195-2-1',438+82);

INSERT INTO Lieu VALUES(280759.9972632520,6729083.1644701100);
INSERT INTO Observation VALUES(439+82,NULL, NULL,280759.9972632520,6729083.1644701100);
INSERT INTO Chouette VALUES('195-2-2','Effraie','inconnu');
INSERT INTO Obs_Chouette VALUES(1,'Visuel','195-2-2',439+82);

INSERT INTO Lieu VALUES(280684.4886658600,6729105.4456955700);
INSERT INTO Observation VALUES(440+82,NULL, NULL,280684.4886658600,6729105.4456955700);
INSERT INTO Chouette VALUES('195-2-3','Effraie','inconnu');
INSERT INTO Obs_Chouette VALUES(1,'Visuel','195-2-3',440+82);

INSERT INTO Lieu VALUES(280876.3547739870,6729065.8346280900);
INSERT INTO Observation VALUES(441+82,NULL, NULL,280876.3547739870,6729065.8346280900);
INSERT INTO Chouette VALUES('195-2-4','Effraie','inconnu');
INSERT INTO Obs_Chouette VALUES(1,'Visuel','195-2-4',441+82);

INSERT INTO Lieu VALUES(282293.6882824130,6729863.0073612100);
INSERT INTO Observation VALUES(442+82,NULL, NULL,282293.6882824130,6729863.0073612100);
INSERT INTO Chouette VALUES('196-1-1','Effraie','inconnu');
INSERT INTO Obs_Chouette VALUES(1,'Sonore','196-1-1',442+82);

INSERT INTO Lieu VALUES(282210.7526098670,6729782.5473803800);
INSERT INTO Observation VALUES(443+82,NULL, NULL,282210.7526098670,6729782.5473803800);
INSERT INTO Chouette VALUES('196-1-2','Effraie','inconnu');
INSERT INTO Obs_Chouette VALUES(1,'Sonore','196-1-2',443+82);

INSERT INTO Lieu VALUES(282175.2000000030,6729757.3000000000);
INSERT INTO Observation VALUES(444+82,NULL, NULL,282175.2000000030,6729757.3000000000);
INSERT INTO Chouette VALUES('196-2','Hulotte','male');
INSERT INTO Obs_Chouette VALUES(1,'Sonore','196-2',444+82);

INSERT INTO Lieu VALUES(281924.8102164640,6729036.1263274800);
INSERT INTO Observation VALUES(445+82,NULL, NULL,281924.8102164640,6729036.1263274800);
INSERT INTO Chouette VALUES('193-3','Effraie','inconnu');
INSERT INTO Obs_Chouette VALUES(0,'Visuel','193-3',445+82);

INSERT INTO Lieu VALUES(283703.5947156850,6729209.4247477200);
INSERT INTO Observation VALUES(446+82,NULL, NULL,283703.5947156850,6729209.4247477200);
INSERT INTO Chouette VALUES('197-1','Hulotte','male');
INSERT INTO Obs_Chouette VALUES(1,'Sonore','197-1',446+82);

INSERT INTO Lieu VALUES(285877.2520438910,6729675.4737136000);
INSERT INTO Observation VALUES(447+82,NULL, NULL,285877.2520438910,6729675.4737136000);
INSERT INTO Chouette VALUES('198-1-1','Effraie','inconnu');
INSERT INTO Obs_Chouette VALUES(0,'Sonore','198-1-1',447+82);

INSERT INTO Lieu VALUES(285788.7460649800,6729638.3383378300);
INSERT INTO Observation VALUES(448+82,NULL, NULL,285788.7460649800,6729638.3383378300);
INSERT INTO Chouette VALUES('198-1-2','Effraie','inconnu');
INSERT INTO Obs_Chouette VALUES(1,'Visuel','198-1-2',448+82);

INSERT INTO Lieu VALUES(285867.9681999490,6729778.2149198900);
INSERT INTO Observation VALUES(449+82,NULL, NULL,285867.9681999490,6729778.2149198900);
INSERT INTO Chouette VALUES('198-1-3','Effraie','inconnu');
INSERT INTO Obs_Chouette VALUES(1,'Visuel','198-1-3',449+82);

INSERT INTO Lieu VALUES(285642.6802536320,6729811.0178351500);
INSERT INTO Observation VALUES(450+82,NULL, NULL,285642.6802536320,6729811.0178351500);
INSERT INTO Chouette VALUES('198-2-1','Hulotte','femelle');
INSERT INTO Obs_Chouette VALUES(1,'Sonore','198-2-1',450+82);

INSERT INTO Lieu VALUES(285803.6002152870,6729723.7497020900);
INSERT INTO Observation VALUES(451+82,NULL, NULL,285803.6002152870,6729723.7497020900);
INSERT INTO Chouette VALUES('198-2-2','Hulotte','femelle');
INSERT INTO Obs_Chouette VALUES(1,'Sonore','198-2-2',451+82);

INSERT INTO Lieu VALUES(286058.5964622180,6729942.8484191200);
INSERT INTO Observation VALUES(452+82,NULL, NULL,286058.5964622180,6729942.8484191200);
INSERT INTO Chouette VALUES('198-3','Hulotte','male');
INSERT INTO Obs_Chouette VALUES(1,'Sonore','198-3',452+82);

INSERT INTO Lieu VALUES(279859.4644009110,6733865.5819459300);
INSERT INTO Observation VALUES(453+82,NULL, NULL,279859.4644009110,6733865.5819459300);
INSERT INTO Chouette VALUES('245-1','Hulotte','inconnu');
INSERT INTO Obs_Chouette VALUES(1,'Sonore','245-1',453+82);

INSERT INTO Lieu VALUES(279938.6865358800,6733721.9918263000);
INSERT INTO Observation VALUES(454+82,NULL, NULL,279938.6865358800,6733721.9918263000);
INSERT INTO Chouette VALUES('245-2','Effraie','inconnu');
INSERT INTO Obs_Chouette VALUES(1,'Sonore','245-2',454+82);

INSERT INTO Lieu VALUES(277729.1316777660,6733702.1862925600);
INSERT INTO Observation VALUES(455+82,NULL, NULL,277729.1316777660,6733702.1862925600);
INSERT INTO Chouette VALUES('244-1-1','Effraie','inconnu');
INSERT INTO Obs_Chouette VALUES(1,'Visuel','244-1-1',455+82);

INSERT INTO Lieu VALUES(277843.0134967840,6733848.2521039000);
INSERT INTO Observation VALUES(456+82,NULL, NULL,277843.0134967840,6733848.2521039000);
INSERT INTO Chouette VALUES('244-1-2','Effraie','inconnu');
INSERT INTO Obs_Chouette VALUES(1,'Visuel','244-1-2',456+82);

INSERT INTO Lieu VALUES(277757.6021325210,6734012.8856031400);
INSERT INTO Observation VALUES(457+82,NULL, NULL,277757.6021325210,6734012.8856031400);
INSERT INTO Chouette VALUES('244-2','Hulotte','inconnu');
INSERT INTO Obs_Chouette VALUES(1,'Sonore','244-2',457+82);

INSERT INTO Lieu VALUES(277959.3710075200,6734251.7898539000);
INSERT INTO Observation VALUES(458+82,NULL, NULL,277959.3710075200,6734251.7898539000);
INSERT INTO Chouette VALUES('244-3','Hulotte','inconnu');
INSERT INTO Obs_Chouette VALUES(1,'Sonore','244-3',458+82);

INSERT INTO Lieu VALUES(277977.9386954030,6733562.3097105000);
INSERT INTO Observation VALUES(459+82,NULL, NULL,277977.9386954030,6733562.3097105000);
INSERT INTO Chouette VALUES('244-4','Hulotte','inconnu');
INSERT INTO Obs_Chouette VALUES(1,'Sonore','244-4',459+82);

INSERT INTO Lieu VALUES(278172.8994181770,6732442.6781311400);
INSERT INTO Observation VALUES(460+82,NULL, NULL,278172.8994181770,6732442.6781311400);
INSERT INTO Chouette VALUES('219-1-1','Hulotte','inconnu');
INSERT INTO Obs_Chouette VALUES(1,'Sonore','219-1-1',460+82);

INSERT INTO Lieu VALUES(278264.5000117350,6732484.7648903400);
INSERT INTO Observation VALUES(461+82,NULL, NULL,278264.5000117350,6732484.7648903400);
INSERT INTO Chouette VALUES('219-1-2','Hulotte','inconnu');
INSERT INTO Obs_Chouette VALUES(1,'Sonore','219-1-2',461+82);

INSERT INTO Lieu VALUES(278538.0639465490,6732358.5046127300);
INSERT INTO Observation VALUES(462+82,NULL, NULL,278538.0639465490,6732358.5046127300);
INSERT INTO Chouette VALUES('219-2-1','Hulotte','inconnu');
INSERT INTO Obs_Chouette VALUES(1,'Sonore','219-2-1',462+82);

INSERT INTO Lieu VALUES(278416.7550523780,6732421.6347515400);
INSERT INTO Observation VALUES(463+82,NULL, NULL,278416.7550523780,6732421.6347515400);
INSERT INTO Chouette VALUES('219-2-2','Hulotte','inconnu');
INSERT INTO Obs_Chouette VALUES(1,'Sonore','219-2-2',463+82);

INSERT INTO Lieu VALUES(278637.0916152600,6732468.6728941800);
INSERT INTO Observation VALUES(464+82,NULL, NULL,278637.0916152600,6732468.6728941800);
INSERT INTO Chouette VALUES('219-3-1','Hulotte','inconnu');
INSERT INTO Obs_Chouette VALUES(1,'Sonore','219-3-1',464+82);

INSERT INTO Lieu VALUES(278497.2150332060,6732451.3430521500);
INSERT INTO Observation VALUES(465+82,NULL, NULL,278497.2150332060,6732451.3430521500);
INSERT INTO Chouette VALUES('219-3-2','Hulotte','inconnu');
INSERT INTO Obs_Chouette VALUES(1,'Sonore','219-3-2',465+82);

INSERT INTO Lieu VALUES(278289.2569289130,6732717.4799118100);
INSERT INTO Observation VALUES(466+82,NULL, NULL,278289.2569289130,6732717.4799118100);
INSERT INTO Chouette VALUES('219-4','Hulotte','inconnu');
INSERT INTO Obs_Chouette VALUES(1,'Sonore','219-4',466+82);

INSERT INTO Lieu VALUES(278372.1926014580,6732795.4642009200);
INSERT INTO Observation VALUES(467+82,NULL, NULL,278372.1926014580,6732795.4642009200);
INSERT INTO Chouette VALUES('219-5','Hulotte','inconnu');
INSERT INTO Obs_Chouette VALUES(1,'Sonore','219-5',467+82);

INSERT INTO Lieu VALUES(278255.8350907230,6732369.6452254600);
INSERT INTO Observation VALUES(468+82,NULL, NULL,278255.8350907230,6732369.6452254600);
INSERT INTO Chouette VALUES('219-6','Effraie','inconnu');
INSERT INTO Obs_Chouette VALUES(1,'Sonore','219-6',468+82);

INSERT INTO Lieu VALUES(280146.0257172430,6735167.1768665500);
INSERT INTO Observation VALUES(469+82,NULL, NULL,280146.0257172430,6735167.1768665500);
INSERT INTO Chouette VALUES('270-1','Hulotte','inconnu');
INSERT INTO Obs_Chouette VALUES(1,'Sonore','270-1',469+82);

INSERT INTO Lieu VALUES(277951.3250094370,6737796.3614708300);
INSERT INTO Observation VALUES(470+82,NULL, NULL,277951.3250094370,6737796.3614708300);
INSERT INTO Chouette VALUES('294-1-1','Hulotte','inconnu');
INSERT INTO Obs_Chouette VALUES(1,'Sonore','294-1-1',470+82);

INSERT INTO Lieu VALUES(278180.3264933310,6737605.7332085600);
INSERT INTO Observation VALUES(471+82,NULL, NULL,278180.3264933310,6737605.7332085600);
INSERT INTO Chouette VALUES('294-1-2','Hulotte','inconnu');
INSERT INTO Obs_Chouette VALUES(0,'Sonore','294-1-2',471+82);

INSERT INTO Lieu VALUES(278634.6159235420,6737296.2717438400);
INSERT INTO Observation VALUES(472+82,NULL, NULL,278634.6159235420,6737296.2717438400);
INSERT INTO Chouette VALUES('294-2','Hulotte','inconnu');
INSERT INTO Obs_Chouette VALUES(1,'Sonore','294-2',472+82);

INSERT INTO Lieu VALUES(278436.5605861200,6736072.0421894000);
INSERT INTO Observation VALUES(473+82,NULL, NULL,278436.5605861200,6736072.0421894000);
INSERT INTO Chouette VALUES('269-1','Hulotte','inconnu');
INSERT INTO Obs_Chouette VALUES(1,'Sonore','269-1',473+82);

INSERT INTO Lieu VALUES(278498.4528790650,6736150.0264785100);
INSERT INTO Observation VALUES(474+82,NULL, NULL,278498.4528790650,6736150.0264785100);
INSERT INTO Chouette VALUES('269-2','Hulotte','inconnu');
INSERT INTO Obs_Chouette VALUES(1,'Sonore','269-2',474+82);

INSERT INTO Lieu VALUES(278164.2344971650,6736308.4707484400);
INSERT INTO Observation VALUES(475+82,NULL, NULL,278164.2344971650,6736308.4707484400);
INSERT INTO Chouette VALUES('269-3-1','Effraie','inconnu');
INSERT INTO Obs_Chouette VALUES(1,'Visuel','269-3-1',475+82);

INSERT INTO Lieu VALUES(278419.2307440960,6736288.6652147000);
INSERT INTO Observation VALUES(476+82,NULL, NULL,278419.2307440960,6736288.6652147000);
INSERT INTO Chouette VALUES('269-3-2','Effraie','inconnu');
INSERT INTO Obs_Chouette VALUES(1,'Visuel','269-3-2',476+82);

INSERT INTO Lieu VALUES(278474.9338077460,6736413.6876464500);
INSERT INTO Observation VALUES(477+82,NULL, NULL,278474.9338077460,6736413.6876464500);
INSERT INTO Chouette VALUES('269-3-3','Effraie','inconnu');
INSERT INTO Obs_Chouette VALUES(1,'Visuel','269-3-3',477+82);

INSERT INTO Lieu VALUES(279073.4322805180,6730432.4164563100);
INSERT INTO Observation VALUES(478+82,NULL, NULL,279073.4322805180,6730432.4164563100);
INSERT INTO Chouette VALUES('195-1-1','Hulotte','inconnu');
INSERT INTO Obs_Chouette VALUES(1,'Sonore','195-1-1',478+82);

INSERT INTO Lieu VALUES(278994.2101455490,6730384.1404678100);
INSERT INTO Observation VALUES(479+82,NULL, NULL,278994.2101455490,6730384.1404678100);
INSERT INTO Chouette VALUES('195-1-2','Hulotte','inconnu');
INSERT INTO Obs_Chouette VALUES(1,'Sonore','195-1-2',479+82);

INSERT INTO Lieu VALUES(279115.5190397200,6730381.6647760900);
INSERT INTO Observation VALUES(480+82,NULL, NULL,279115.5190397200,6730381.6647760900);
INSERT INTO Chouette VALUES('195-2-5','Hulotte','inconnu');
INSERT INTO Obs_Chouette VALUES(1,'Sonore','195-2-5',480+82);

INSERT INTO Lieu VALUES(279031.9644442450,6730334.0077105300);
INSERT INTO Observation VALUES(481+82,NULL, NULL,279031.9644442450,6730334.0077105300);
INSERT INTO Chouette VALUES('195-2-6','Hulotte','inconnu');
INSERT INTO Obs_Chouette VALUES(1,'Sonore','195-2-6',481+82);

INSERT INTO Lieu VALUES(278788.7277329740,6730179.2769781600);
INSERT INTO Observation VALUES(482+82,NULL, NULL,278788.7277329740,6730179.2769781600);
INSERT INTO Chouette VALUES('195-3','Hulotte','inconnu');
INSERT INTO Obs_Chouette VALUES(1,'Sonore','195-3',482+82);

INSERT INTO Lieu VALUES(279692.3552099610,6732078.7514486300);
INSERT INTO Observation VALUES(483+82,NULL, NULL,279692.3552099610,6732078.7514486300);
INSERT INTO Chouette VALUES('220-1-1','Hulotte','inconnu');
INSERT INTO Obs_Chouette VALUES(1,'Sonore','220-1-1',483+82);

INSERT INTO Lieu VALUES(279729.4905857280,6732140.6437415700);
INSERT INTO Observation VALUES(484+82,NULL, NULL,279729.4905857280,6732140.6437415700);
INSERT INTO Chouette VALUES('220-1-2','Hulotte','inconnu');
INSERT INTO Obs_Chouette VALUES(1,'Sonore','220-1-2',484+82);

INSERT INTO Lieu VALUES(279653.9819883360,6732201.2981886600);
INSERT INTO Observation VALUES(485+82,NULL, NULL,279653.9819883360,6732201.2981886600);
INSERT INTO Chouette VALUES('220-2-1','Hulotte','inconnu');
INSERT INTO Obs_Chouette VALUES(1,'Sonore','220-2-1',485+82);

INSERT INTO Lieu VALUES(279724.5392022920,6732186.4440383500);
INSERT INTO Observation VALUES(486+82,NULL, NULL,279724.5392022920,6732186.4440383500);
INSERT INTO Chouette VALUES('220-2-2','Hulotte','inconnu');
INSERT INTO Obs_Chouette VALUES(1,'Sonore','220-2-2',486+82);

INSERT INTO Lieu VALUES(279754.2475029060,6732336.2233872800);
INSERT INTO Observation VALUES(487+82,NULL, NULL,279754.2475029060,6732336.2233872800);
INSERT INTO Chouette VALUES('220-3-1','Hulotte','inconnu');
INSERT INTO Obs_Chouette VALUES(1,'Sonore','220-3-1',487+82);

INSERT INTO Lieu VALUES(279770.3394990710,6732237.1957185600);
INSERT INTO Observation VALUES(488+82,NULL, NULL,279770.3394990710,6732237.1957185600);
INSERT INTO Chouette VALUES('220-3-2','Hulotte','inconnu');
INSERT INTO Obs_Chouette VALUES(1,'Sonore','220-3-2',488+82);

INSERT INTO Lieu VALUES(280176.3529407860,6732150.5465084400);
INSERT INTO Observation VALUES(489+82,NULL, NULL,280176.3529407860,6732150.5465084400);
INSERT INTO Chouette VALUES('220-4','Hulotte','inconnu');
INSERT INTO Obs_Chouette VALUES(1,'Sonore','220-4',489+82);

INSERT INTO Lieu VALUES(280175.1150949270,6732031.7133059900);
INSERT INTO Observation VALUES(490+82,NULL, NULL,280175.1150949270,6732031.7133059900);
INSERT INTO Chouette VALUES('220-5','Hulotte','inconnu');
INSERT INTO Obs_Chouette VALUES(1,'Sonore','220-5',490+82);

INSERT INTO Lieu VALUES(260604.7720659230,6741748.8032982500);
INSERT INTO Observation VALUES(491+82,NULL, NULL,260604.7720659230,6741748.8032982500);
INSERT INTO Chouette VALUES('310-1','Hulotte','male');
INSERT INTO Obs_Chouette VALUES(1,'Sonore','310-1',491+82);

INSERT INTO Lieu VALUES(262195.4039945930,6741600.2617951900);
INSERT INTO Observation VALUES(492+82,NULL, NULL,262195.4039945930,6741600.2617951900);
INSERT INTO Chouette VALUES('311-1','Hulotte','inconnu');
INSERT INTO Obs_Chouette VALUES(1,'Sonore','311-1',492+82);

INSERT INTO Lieu VALUES(262023.3434202070,6741839.1660459500);
INSERT INTO Observation VALUES(493+82,NULL, NULL,262023.3434202070,6741839.1660459500);
INSERT INTO Chouette VALUES('311-2','Hulotte','inconnu');
INSERT INTO Obs_Chouette VALUES(1,'Sonore','311-2',493+82);

INSERT INTO Lieu VALUES(264583.2086563860,6741292.0381763300);
INSERT INTO Observation VALUES(494+82,NULL, NULL,264583.2086563860,6741292.0381763300);
INSERT INTO Chouette VALUES('312-1','Effraie','inconnu');
INSERT INTO Obs_Chouette VALUES(1,'Sonore','312-1',494+82);

INSERT INTO Lieu VALUES(265849.5249700270,6741241.2864961100);
INSERT INTO Observation VALUES(495+82,NULL, NULL,265849.5249700270,6741241.2864961100);
INSERT INTO Chouette VALUES('313-1-2','Effraie','inconnu');
INSERT INTO Obs_Chouette VALUES(1,'Sonore et Visuel','313-1-2',495+82);

INSERT INTO Lieu VALUES(266038.9153864370,6741169.4914362900);
INSERT INTO Observation VALUES(496+82,NULL, NULL,266038.9153864370,6741169.4914362900);
INSERT INTO Chouette VALUES('313-2-2','Hulotte','male');
INSERT INTO Obs_Chouette VALUES(1,'Sonore et Visuel','313-2-2',496+82);

INSERT INTO Lieu VALUES(259014.1401372530,6743450.8413542200);
INSERT INTO Observation VALUES(497+82,NULL, NULL,259014.1401372530,6743450.8413542200);
INSERT INTO Chouette VALUES('334-1','Effraie','inconnu');
INSERT INTO Obs_Chouette VALUES(1,'Sonore','334-1',497+82);

INSERT INTO Lieu VALUES(259072.3188926200,6743465.6955045300);
INSERT INTO Observation VALUES(498+82,NULL, NULL,259072.3188926200,6743465.6955045300);
INSERT INTO Chouette VALUES('334-2','Hulotte','inconnu');
INSERT INTO Obs_Chouette VALUES(1,'Sonore','334-2',498+82);

INSERT INTO Lieu VALUES(258363.0332154780,6743455.7927376600);
INSERT INTO Observation VALUES(499+82,NULL, NULL,258363.0332154780,6743455.7927376600);
INSERT INTO Chouette VALUES('334-3','Hulotte','inconnu');
INSERT INTO Obs_Chouette VALUES(1,'Sonore','334-3',499+82);

INSERT INTO Lieu VALUES(260503.2687054940,6743396.3761364300);
INSERT INTO Observation VALUES(500+82,NULL, NULL,260503.2687054940,6743396.3761364300);
INSERT INTO Chouette VALUES('335-1-1','Hulotte','male');
INSERT INTO Obs_Chouette VALUES(1,'Sonore et Visuel','335-1-1',500+82);

INSERT INTO Lieu VALUES(260488.4145551870,6743401.3275198700);
INSERT INTO Observation VALUES(501+82,NULL, NULL,260488.4145551870,6743401.3275198700);
INSERT INTO Chouette VALUES('335-2','Hulotte','femelle');
INSERT INTO Obs_Chouette VALUES(1,'Sonore et Visuel','335-2',501+82);

INSERT INTO Lieu VALUES(260577.5394570270,6743856.8547959400);
INSERT INTO Observation VALUES(502+82,NULL, NULL,260577.5394570270,6743856.8547959400);
INSERT INTO Chouette VALUES('335-2-2','Hulotte','femelle');
INSERT INTO Obs_Chouette VALUES(1,'Sonore et Visuel','335-2-2',502+82);

INSERT INTO Lieu VALUES(260594.8692990520,6743851.9034125000);
INSERT INTO Observation VALUES(503+82,NULL, NULL,260594.8692990520,6743851.9034125000);
INSERT INTO Chouette VALUES('335-1-2','Hulotte','male');
INSERT INTO Obs_Chouette VALUES(1,'Sonore et Visuel','335-1-2',503+82);

INSERT INTO Lieu VALUES(263019.8093366110,6743488.2861914600);
INSERT INTO Observation VALUES(504+82,NULL, NULL,263019.8093366110,6743488.2861914600);
INSERT INTO Chouette VALUES('336-1','Hulotte','male');
INSERT INTO Obs_Chouette VALUES(1,'Sonore','336-1',504+82);

INSERT INTO Lieu VALUES(262336.5184225060,6743395.4477520400);
INSERT INTO Observation VALUES(505+82,NULL, NULL,262336.5184225060,6743395.4477520400);
INSERT INTO Chouette VALUES('336-2','Hulotte','male');
INSERT INTO Obs_Chouette VALUES(1,'Sonore','336-2',505+82);

INSERT INTO Lieu VALUES(263331.7464930510,6743774.2285848600);
INSERT INTO Observation VALUES(506+82,NULL, NULL,263331.7464930510,6743774.2285848600);
INSERT INTO Chouette VALUES('336-3','Hulotte','male');
INSERT INTO Obs_Chouette VALUES(1,'Sonore','336-3',506+82);

INSERT INTO Lieu VALUES(265223.7938883600,6742570.1140256200);
INSERT INTO Observation VALUES(507+82,NULL, NULL,265223.7938883600,6742570.1140256200);
INSERT INTO Chouette VALUES('337-1','Hulotte','male');
INSERT INTO Obs_Chouette VALUES(1,'Sonore','337-1',507+82);

INSERT INTO Lieu VALUES(279584.5001751370,6744212.0972271700);
INSERT INTO Observation VALUES(508+82,NULL, NULL,279584.5001751370,6744212.0972271700);
INSERT INTO Chouette VALUES('369-2-1','Hulotte','femelle');
INSERT INTO Obs_Chouette VALUES(0,'Sonore','369-2-1',508+82);

INSERT INTO Lieu VALUES(279284.5080538940,6744085.2283124600);
INSERT INTO Observation VALUES(509+82,NULL, NULL,279284.5080538940,6744085.2283124600);
INSERT INTO Chouette VALUES('369-2-2','Hulotte','femelle');
INSERT INTO Obs_Chouette VALUES(0,'Sonore','369-2-2',509+82);

INSERT INTO Lieu VALUES(279063.8090043450,6744004.6136895700);
INSERT INTO Observation VALUES(510+82,NULL, NULL,279063.8090043450,6744004.6136895700);
INSERT INTO Chouette VALUES('369-2-3','Hulotte','femelle');
INSERT INTO Obs_Chouette VALUES(0,'Sonore et Visuel','369-2-3',510+82);

INSERT INTO Lieu VALUES(278683.2022602130,6744535.8772699200);
INSERT INTO Observation VALUES(511+82,NULL, NULL,278683.2022602130,6744535.8772699200);
INSERT INTO Chouette VALUES('369-1','Hulotte','male');
INSERT INTO Obs_Chouette VALUES(1,'Sonore','369-1',511+82);

INSERT INTO Lieu VALUES(281006.4892608530,6741623.8392119600);
INSERT INTO Observation VALUES(512+82,NULL, NULL,281006.4892608530,6741623.8392119600);
INSERT INTO Chouette VALUES('345-1-1','Hulotte','male');
INSERT INTO Obs_Chouette VALUES(1,'Sonore','345-1-1',512+82);

INSERT INTO Lieu VALUES(281373.8804930360,6741696.5245276800);
INSERT INTO Observation VALUES(513+82,NULL, NULL,281373.8804930360,6741696.5245276800);
INSERT INTO Chouette VALUES('345-1-2','Hulotte','male');
INSERT INTO Obs_Chouette VALUES(1,'Sonore et Visuel','345-1-2',513+82);

INSERT INTO Lieu VALUES(281145.2521363180,6741815.4641352200);
INSERT INTO Observation VALUES(514+82,NULL, NULL,281145.2521363180,6741815.4641352200);
INSERT INTO Chouette VALUES('345-2-1','Hulotte','femelle');
INSERT INTO Obs_Chouette VALUES(1,'Sonore','345-2-1',514+82);

INSERT INTO Lieu VALUES(281381.8098002060,6741733.5279611300);
INSERT INTO Observation VALUES(515+82,NULL, NULL,281381.8098002060,6741733.5279611300);
INSERT INTO Chouette VALUES('345-2-2','Hulotte','femelle');
INSERT INTO Obs_Chouette VALUES(1,'Sonore et Visuel','345-2-2',515+82);

INSERT INTO Lieu VALUES(280479.1903340870,6740540.1672321400);
INSERT INTO Observation VALUES(516+82,NULL, NULL,280479.1903340870,6740540.1672321400);
INSERT INTO Chouette VALUES('320-1','Hulotte','male');
INSERT INTO Obs_Chouette VALUES(1,'Sonore','320-1',516+82);

INSERT INTO Lieu VALUES(278543.7786091510,6740275.8569931600);
INSERT INTO Observation VALUES(517+82,NULL, NULL,278543.7786091510,6740275.8569931600);
INSERT INTO Chouette VALUES('319-1','Hulotte','male');
INSERT INTO Obs_Chouette VALUES(1,'Sonore','319-1',517+82);

INSERT INTO Lieu VALUES(278784.3009266230,6740489.9482867300);
INSERT INTO Observation VALUES(518+82,NULL, NULL,278784.3009266230,6740489.9482867300);
INSERT INTO Chouette VALUES('319-2','Hulotte','femelle');
INSERT INTO Obs_Chouette VALUES(1,'Sonore','319-2',518+82);

INSERT INTO Lieu VALUES(280999.2207292810,6744343.5915710700);
INSERT INTO Observation VALUES(519+82,NULL, NULL,280999.2207292810,6744343.5915710700);
INSERT INTO Chouette VALUES('370-1','Hulotte','male');
INSERT INTO Obs_Chouette VALUES(1,'Sonore','370-1',519+82);

INSERT INTO Lieu VALUES(280803.6311524360,6743863.8684873200);
INSERT INTO Observation VALUES(520+82,NULL, NULL,280803.6311524360,6743863.8684873200);
INSERT INTO Chouette VALUES('370-2','Hulotte','male');
INSERT INTO Obs_Chouette VALUES(1,'Sonore','370-2',520+82);

INSERT INTO Lieu VALUES(281589.9541134030,6743965.6279293300);
INSERT INTO Observation VALUES(521+82,NULL, NULL,281589.9541134030,6743965.6279293300);
INSERT INTO Chouette VALUES('370-3','Hulotte','male');
INSERT INTO Obs_Chouette VALUES(1,'Visuel','370-3',521+82);

INSERT INTO Lieu VALUES(283252.4655165920,6743973.5572365000);
INSERT INTO Observation VALUES(522+82,NULL, NULL,283252.4655165920,6743973.5572365000);
INSERT INTO Chouette VALUES('371-1','Hulotte','femelle');
INSERT INTO Obs_Chouette VALUES(1,'Sonore','371-1',522+82);

INSERT INTO Lieu VALUES(283352.9034074040,6743973.5572365000);
INSERT INTO Observation VALUES(523+82,NULL, NULL,283352.9034074040,6743973.5572365000);
INSERT INTO Chouette VALUES('371-2','Hulotte','male');
INSERT INTO Obs_Chouette VALUES(1,'Sonore','371-2',523+82);

INSERT INTO Lieu VALUES(282515.0399498360,6742164.3536506700);
INSERT INTO Observation VALUES(524+82,NULL, NULL,282515.0399498360,6742164.3536506700);
INSERT INTO Chouette VALUES('346-1','Hulotte','male');
INSERT INTO Obs_Chouette VALUES(1,'Sonore','346-1',524+82);

INSERT INTO Lieu VALUES(283075.3776564750,6742033.5200823800);
INSERT INTO Observation VALUES(525+82,NULL, NULL,283075.3776564750,6742033.5200823800);
INSERT INTO Chouette VALUES('346-2','Hulotte','male');
INSERT INTO Obs_Chouette VALUES(1,'Sonore','346-2',525+82);

INSERT INTO Lieu VALUES(276993.5990575290,6746234.7313309800);
INSERT INTO Observation VALUES(526+82,NULL, NULL,276993.5990575290,6746234.7313309800);
INSERT INTO Chouette VALUES('391-1-2','Hulotte','male');
INSERT INTO Obs_Chouette VALUES(1,'Sonore','391-1-2',526+82);

INSERT INTO Lieu VALUES(277152.0566593540,6746738.5523719900);
INSERT INTO Observation VALUES(527+82,NULL, NULL,277152.0566593540,6746738.5523719900);
INSERT INTO Chouette VALUES('393-2-1','Hulotte','male');
INSERT INTO Obs_Chouette VALUES(1,'Sonore','393-2-1',527+82);

INSERT INTO Lieu VALUES(277107.5682643850,6746891.0840118800);
INSERT INTO Observation VALUES(528+82,NULL, NULL,277107.5682643850,6746891.0840118800);
INSERT INTO Chouette VALUES('393-2-2','Hulotte','male');
INSERT INTO Obs_Chouette VALUES(1,'Sonore','393-2-2',528+82);

INSERT INTO Lieu VALUES(277378.7356241990,6746622.0351470700);
INSERT INTO Observation VALUES(529+82,NULL, NULL,277378.7356241990,6746622.0351470700);
INSERT INTO Chouette VALUES('393-3','Hulotte','femelle');
INSERT INTO Obs_Chouette VALUES(1,'Sonore','393-3',529+82);

INSERT INTO Lieu VALUES(277177.4785993370,6746211.0471173500);
INSERT INTO Observation VALUES(530+82,NULL, NULL,277177.4785993370,6746211.0471173500);
INSERT INTO Chouette VALUES('393-4','Hulotte','femelle');
INSERT INTO Obs_Chouette VALUES(1,'Sonore','393-4',530+82);

INSERT INTO Lieu VALUES(278890.2818056670,6746121.0110799100);
INSERT INTO Observation VALUES(531+82,NULL, NULL,278890.2818056670,6746121.0110799100);
INSERT INTO Chouette VALUES('394-2','Hulotte','male');
INSERT INTO Obs_Chouette VALUES(1,'Sonore et Visuel','394-2',531+82);

INSERT INTO Lieu VALUES(278941.1256856320,6746115.7148424100);
INSERT INTO Observation VALUES(532+82,NULL, NULL,278941.1256856320,6746115.7148424100);
INSERT INTO Chouette VALUES('394-1','Hulotte','femelle');
INSERT INTO Obs_Chouette VALUES(1,'Sonore et Visuel','394-1',532+82);

INSERT INTO Lieu VALUES(277068.3761069110,6744336.1790436300);
INSERT INTO Observation VALUES(533+82,NULL, NULL,277068.3761069110,6744336.1790436300);
INSERT INTO Chouette VALUES('368-1','Hulotte','femelle');
INSERT INTO Obs_Chouette VALUES(1,'Sonore et Visuel','368-1',533+82);

INSERT INTO Lieu VALUES(277057.7836319180,6744289.5721536600);
INSERT INTO Observation VALUES(534+82,NULL, NULL,277057.7836319180,6744289.5721536600);
INSERT INTO Chouette VALUES('368-2','Hulotte','male');
INSERT INTO Obs_Chouette VALUES(1,'Sonore et Visuel','368-2',534+82);

INSERT INTO Lieu VALUES(276970.9253369780,6744596.7539284500);
INSERT INTO Observation VALUES(535+82,NULL, NULL,276970.9253369780,6744596.7539284500);
INSERT INTO Chouette VALUES('368-3','Effraie','inconnu');
INSERT INTO Obs_Chouette VALUES(1,'Sonore','368-3',535+82);

INSERT INTO Lieu VALUES(277145.7011743580,6742408.3485949400);
INSERT INTO Observation VALUES(536+82,NULL, NULL,277145.7011743580,6742408.3485949400);
INSERT INTO Chouette VALUES('343-1','Hulotte','femelle');
INSERT INTO Obs_Chouette VALUES(1,'Sonore','343-1',536+82);

INSERT INTO Lieu VALUES(276689.1655021700,6742304.5423400200);
INSERT INTO Observation VALUES(537+82,NULL, NULL,276689.1655021700,6742304.5423400200);
INSERT INTO Chouette VALUES('343-3-1','Hulotte','femelle');
INSERT INTO Obs_Chouette VALUES(1,'Sonore','343-3-1',537+82);

INSERT INTO Lieu VALUES(276467.7827748220,6742637.1460547900);
INSERT INTO Observation VALUES(538+82,NULL, NULL,276467.7827748220,6742637.1460547900);
INSERT INTO Chouette VALUES('343-2-1','Hulotte','femelle');
INSERT INTO Obs_Chouette VALUES(1,'Sonore','343-2-1',538+82);

INSERT INTO Lieu VALUES(276662.6843146880,6742716.5896172300);
INSERT INTO Observation VALUES(539+82,NULL, NULL,276662.6843146880,6742716.5896172300);
INSERT INTO Chouette VALUES('343-4','Hulotte','male');
INSERT INTO Obs_Chouette VALUES(1,'Sonore','343-4',539+82);

INSERT INTO Lieu VALUES(278884.9855681700,6742406.2300999500);
INSERT INTO Observation VALUES(540+82,NULL, NULL,278884.9855681700,6742406.2300999500);
INSERT INTO Chouette VALUES('344-1-3','Hulotte','male');
INSERT INTO Obs_Chouette VALUES(1,'Visuel','344-1-3',540+82);

INSERT INTO Lieu VALUES(278812.9567382200,6742286.5351325300);
INSERT INTO Observation VALUES(541+82,NULL, NULL,278812.9567382200,6742286.5351325300);
INSERT INTO Chouette VALUES('344-1-2','Hulotte','male');
INSERT INTO Obs_Chouette VALUES(1,'Sonore','344-1-2',541+82);

INSERT INTO Lieu VALUES(278864.8598656840,6742183.7881251000);
INSERT INTO Observation VALUES(542+82,NULL, NULL,278864.8598656840,6742183.7881251000);
INSERT INTO Chouette VALUES('344-1-1','Hulotte','male');
INSERT INTO Obs_Chouette VALUES(1,'Sonore','344-1-1',542+82);

INSERT INTO Lieu VALUES(279054.4651680550,6742416.8225749400);
INSERT INTO Observation VALUES(543+82,NULL, NULL,279054.4651680550,6742416.8225749400);
INSERT INTO Chouette VALUES('343-2','Effraie','inconnu');
INSERT INTO Obs_Chouette VALUES(1,'Sonore','343-2',543+82);

INSERT INTO Lieu VALUES(278665.7213358200,6742451.7777424100);
INSERT INTO Observation VALUES(544+82,NULL, NULL,278665.7213358200,6742451.7777424100);
INSERT INTO Chouette VALUES('343-3-2','Effraie','inconnu');
INSERT INTO Obs_Chouette VALUES(1,'Sonore','343-3-2',544+82);

INSERT INTO Lieu VALUES(282003.4102060400,6740192.4028264600);
INSERT INTO Observation VALUES(545+82,NULL, NULL,282003.4102060400,6740192.4028264600);
INSERT INTO Chouette VALUES('321-1-1','Hulotte','inconnu');
INSERT INTO Obs_Chouette VALUES(1,'Sonore','321-1-1',545+82);

INSERT INTO Lieu VALUES(283420.6833600720,6739889.4580416600);
INSERT INTO Observation VALUES(546+82,NULL, NULL,283420.6833600720,6739889.4580416600);
INSERT INTO Chouette VALUES('321-2-1','Hulotte','inconnu');
INSERT INTO Obs_Chouette VALUES(1,'Sonore','321-2-1',546+82);

INSERT INTO Lieu VALUES(283797.7754698150,6739427.6261319800);
INSERT INTO Observation VALUES(547+82,NULL, NULL,283797.7754698150,6739427.6261319800);
INSERT INTO Chouette VALUES('321-3','Hulotte','inconnu');
INSERT INTO Obs_Chouette VALUES(1,'Sonore','321-3',547+82);

INSERT INTO Lieu VALUES(283035.1172703360,6739673.3715518100);
INSERT INTO Observation VALUES(548+82,NULL, NULL,283035.1172703360,6739673.3715518100);
INSERT INTO Chouette VALUES('321-4','Effraie','inconnu');
INSERT INTO Obs_Chouette VALUES(1,'Sonore','321-4',548+82);

INSERT INTO Lieu VALUES(282352.9618808020,6739789.8887767300);
INSERT INTO Observation VALUES(549+82,NULL, NULL,282352.9618808020,6739789.8887767300);
INSERT INTO Chouette VALUES('321-5','Effraie','inconnu');
INSERT INTO Obs_Chouette VALUES(1,'Sonore','321-5',549+82);

INSERT INTO Lieu VALUES(282869.8746604490,6737821.8069230800);
INSERT INTO Observation VALUES(550+82,NULL, NULL,282869.8746604490,6737821.8069230800);
INSERT INTO Chouette VALUES('296-1','Hulotte','inconnu');
INSERT INTO Obs_Chouette VALUES(1,'Sonore','296-1',550+82);

INSERT INTO Lieu VALUES(281859.3525461390,6738232.7949528000);
INSERT INTO Observation VALUES(551+82,NULL, NULL,281859.3525461390,6738232.7949528000);
INSERT INTO Chouette VALUES('296-2','Hulotte','inconnu');
INSERT INTO Obs_Chouette VALUES(1,'Sonore','296-2',551+82);

INSERT INTO Lieu VALUES(282350.8433858030,6738431.9334826600);
INSERT INTO Observation VALUES(552+82,NULL, NULL,282350.8433858030,6738431.9334826600);
INSERT INTO Chouette VALUES('296-4','Hulotte','femelle');
INSERT INTO Obs_Chouette VALUES(1,'Sonore','296-4',552+82);

INSERT INTO Lieu VALUES(282316.9474658260,6737645.9718381900);
INSERT INTO Observation VALUES(553+82,NULL, NULL,282316.9474658260,6737645.9718381900);
INSERT INTO Chouette VALUES('294-3-1','Hulotte','inconnu');
INSERT INTO Obs_Chouette VALUES(1,'Sonore','294-3-1',553+82);

INSERT INTO Lieu VALUES(282518.2044906890,6737855.7028430500);
INSERT INTO Observation VALUES(554+82,NULL, NULL,282518.2044906890,6737855.7028430500);
INSERT INTO Chouette VALUES('294-3-2','Hulotte','inconnu');
INSERT INTO Obs_Chouette VALUES(1,'Sonore','294-3-2',554+82);

INSERT INTO Lieu VALUES(284049.8763746430,6739262.3835220900);
INSERT INTO Observation VALUES(555+82,NULL, NULL,284049.8763746430,6739262.3835220900);
INSERT INTO Chouette VALUES('321-1-2','Hulotte','inconnu');
INSERT INTO Obs_Chouette VALUES(1,'Sonore','321-1-2',555+82);

INSERT INTO Lieu VALUES(283749.0500848480,6739095.0224172100);
INSERT INTO Observation VALUES(556+82,NULL, NULL,283749.0500848480,6739095.0224172100);
INSERT INTO Chouette VALUES('321-2-2','Hulotte','inconnu');
INSERT INTO Obs_Chouette VALUES(1,'Sonore','321-2-2',556+82);

INSERT INTO Lieu VALUES(284693.4702284710,6737743.0432497300);
INSERT INTO Observation VALUES(557+82,NULL, NULL,284693.4702284710,6737743.0432497300);
INSERT INTO Chouette VALUES('297-1-1','Hulotte','inconnu');
INSERT INTO Obs_Chouette VALUES(1,'Sonore','297-1-1',557+82);

INSERT INTO Lieu VALUES(284651.6718294760,6737470.3584562900);
INSERT INTO Observation VALUES(558+82,NULL, NULL,284651.6718294760,6737470.3584562900);
INSERT INTO Chouette VALUES('297-1-2','Hulotte','inconnu');
INSERT INTO Obs_Chouette VALUES(1,'Sonore','297-1-2',558+82);

INSERT INTO Lieu VALUES(284183.9278407260,6737528.0800549000);
INSERT INTO Observation VALUES(559+82,NULL, NULL,284183.9278407260,6737528.0800549000);
INSERT INTO Chouette VALUES('297-2','Hulotte','inconnu');
INSERT INTO Obs_Chouette VALUES(1,'Sonore','297-2',559+82);

INSERT INTO Lieu VALUES(284339.1790369920,6738021.6992430300);
INSERT INTO Observation VALUES(560+82,NULL, NULL,284339.1790369920,6738021.6992430300);
INSERT INTO Chouette VALUES('297-3','Hulotte','inconnu');
INSERT INTO Obs_Chouette VALUES(1,'Sonore','297-3',560+82);

INSERT INTO Lieu VALUES(284765.1246267470,6737997.8144436000);
INSERT INTO Observation VALUES(561+82,NULL, NULL,284765.1246267470,6737997.8144436000);
INSERT INTO Chouette VALUES('297-4','Effraie','inconnu');
INSERT INTO Obs_Chouette VALUES(1,'Sonore','297-4',561+82);

INSERT INTO Lieu VALUES(281771.5630987450,6735105.7633131600);
INSERT INTO Observation VALUES(562+82,NULL, NULL,281771.5630987450,6735105.7633131600);
INSERT INTO Chouette VALUES('271-1','Hulotte','inconnu');
INSERT INTO Obs_Chouette VALUES(1,'Sonore','271-1',562+82);

INSERT INTO Lieu VALUES(282832.4462732300,6734876.8673186600);
INSERT INTO Observation VALUES(563+82,NULL, NULL,282832.4462732300,6734876.8673186600);
INSERT INTO Chouette VALUES('271-2','Hulotte','inconnu');
INSERT INTO Obs_Chouette VALUES(1,'Sonore','271-2',563+82);

INSERT INTO Lieu VALUES(282207.4606882620,6734745.5009218200);
INSERT INTO Observation VALUES(564+82,NULL, NULL,282207.4606882620,6734745.5009218200);
INSERT INTO Chouette VALUES('271-3','Hulotte','inconnu');
INSERT INTO Obs_Chouette VALUES(1,'Sonore','271-3',564+82);

INSERT INTO Lieu VALUES(284098.3406427840,6734237.9489340300);
INSERT INTO Observation VALUES(565+82,NULL, NULL,284098.3406427840,6734237.9489340300);
INSERT INTO Chouette VALUES('247-1-1','Effraie','inconnu');
INSERT INTO Obs_Chouette VALUES(1,'Sonore','247-1-1',565+82);

INSERT INTO Lieu VALUES(284396.9006356030,6733873.7057427900);
INSERT INTO Observation VALUES(566+82,NULL, NULL,284396.9006356030,6733873.7057427900);
INSERT INTO Chouette VALUES('247-1-2','Effraie','inconnu');
INSERT INTO Obs_Chouette VALUES(1,'Sonore','247-1-2',566+82);

INSERT INTO Lieu VALUES(282233.3358876390,6734532.5281269400);
INSERT INTO Observation VALUES(567+82,NULL, NULL,282233.3358876390,6734532.5281269400);
INSERT INTO Chouette VALUES('246-1-1','Hulotte','inconnu');
INSERT INTO Obs_Chouette VALUES(1,'Sonore','246-1-1',567+82);

INSERT INTO Lieu VALUES(281992.4974934320,6734303.6321324500);
INSERT INTO Observation VALUES(568+82,NULL, NULL,281992.4974934320,6734303.6321324500);
INSERT INTO Chouette VALUES('246-1-2','Hulotte','inconnu');
INSERT INTO Obs_Chouette VALUES(1,'Sonore','246-1-2',568+82);

INSERT INTO Lieu VALUES(282820.5038735170,6734277.7569330700);
INSERT INTO Observation VALUES(569+82,NULL, NULL,282820.5038735170,6734277.7569330700);
INSERT INTO Chouette VALUES('246-2','Hulotte','femelle');
INSERT INTO Obs_Chouette VALUES(1,'Sonore','246-2',569+82);

INSERT INTO Lieu VALUES(282458.2510822300,6733597.0401494400);
INSERT INTO Observation VALUES(570+82,NULL, NULL,282458.2510822300,6733597.0401494400);
INSERT INTO Chouette VALUES('246-3','Hulotte','inconnu');
INSERT INTO Obs_Chouette VALUES(1,'Sonore','246-3',570+82);

INSERT INTO Lieu VALUES(281656.1199015220,6733545.2897506900);
INSERT INTO Observation VALUES(571+82,NULL, NULL,281656.1199015220,6733545.2897506900);
INSERT INTO Chouette VALUES('246-4','Hulotte','femelle');
INSERT INTO Obs_Chouette VALUES(1,'Sonore','246-4',571+82);

INSERT INTO Lieu VALUES(282629.4254781130,6734253.8721336500);
INSERT INTO Observation VALUES(572+82,NULL, NULL,282629.4254781130,6734253.8721336500);
INSERT INTO Chouette VALUES('246-5-1','Effraie','inconnu');
INSERT INTO Obs_Chouette VALUES(1,'Sonore','246-5-1',572+82);

INSERT INTO Lieu VALUES(282088.0366911340,6733987.1585400600);
INSERT INTO Observation VALUES(573+82,NULL, NULL,282088.0366911340,6733987.1585400600);
INSERT INTO Chouette VALUES('246-5-2','Effraie','inconnu');
INSERT INTO Obs_Chouette VALUES(1,'Sonore','246-5-2',573+82);

INSERT INTO Lieu VALUES(286462.9357859130,6731118.9922090400);
INSERT INTO Observation VALUES(574+82,NULL, NULL,286462.9357859130,6731118.9922090400);
INSERT INTO Chouette VALUES('223-1','Hulotte','inconnu');
INSERT INTO Obs_Chouette VALUES(1,'Sonore','223-1',574+82);

INSERT INTO Lieu VALUES(286540.5613840460,6731417.5522018600);
INSERT INTO Observation VALUES(575+82,NULL, NULL,286540.5613840460,6731417.5522018600);
INSERT INTO Chouette VALUES('223-2','Hulotte','inconnu');
INSERT INTO Obs_Chouette VALUES(1,'Sonore','223-2',575+82);

INSERT INTO Lieu VALUES(286454.9741861050,6731570.8129981800);
INSERT INTO Observation VALUES(576+82,NULL, NULL,286454.9741861050,6731570.8129981800);
INSERT INTO Chouette VALUES('223-3-1','Effraie','inconnu');
INSERT INTO Obs_Chouette VALUES(1,'Sonore','223-3-1',576+82);

INSERT INTO Lieu VALUES(285877.7581999870,6731501.1489998500);
INSERT INTO Observation VALUES(577+82,NULL, NULL,285877.7581999870,6731501.1489998500);
INSERT INTO Chouette VALUES('223-3-2','Effraie','inconnu');
INSERT INTO Obs_Chouette VALUES(1,'Sonore','223-3-2',577+82);

INSERT INTO Lieu VALUES(286116.6061942430,6731710.1409948200);
INSERT INTO Observation VALUES(578+82,NULL, NULL,286116.6061942430,6731710.1409948200);
INSERT INTO Chouette VALUES('223-3-3','Effraie','inconnu');
INSERT INTO Obs_Chouette VALUES(1,'Sonore','223-3-3',578+82);

INSERT INTO Lieu VALUES(283913.2334472360,6731527.0241992300);
INSERT INTO Observation VALUES(579+82,NULL, NULL,283913.2334472360,6731527.0241992300);
INSERT INTO Chouette VALUES('222-1','Hulotte','inconnu');
INSERT INTO Obs_Chouette VALUES(1,'Sonore','222-1',579+82);

INSERT INTO Lieu VALUES(285306.5134137270,6731572.8033981300);
INSERT INTO Observation VALUES(580+82,NULL, NULL,285306.5134137270,6731572.8033981300);
INSERT INTO Chouette VALUES('222-2','Hulotte','inconnu');
INSERT INTO Obs_Chouette VALUES(1,'Sonore','222-2',580+82);

INSERT INTO Lieu VALUES(285031.8382203330,6731240.4066061200);
INSERT INTO Observation VALUES(581+82,NULL, NULL,285031.8382203330,6731240.4066061200);
INSERT INTO Chouette VALUES('222-3','Effraie','inconnu');
INSERT INTO Obs_Chouette VALUES(1,'Sonore','222-3',581+82);

INSERT INTO Lieu VALUES(255869.9170207160,6738572.1926317700);
INSERT INTO Observation VALUES(582+82,NULL, NULL,255869.9170207160,6738572.1926317700);
INSERT INTO Chouette VALUES('258-1','Hulotte','male');
INSERT INTO Obs_Chouette VALUES(1,'Sonore et Visuel','258-1',582+82);

INSERT INTO Lieu VALUES(256132.6104005370,6738538.2967117900);
INSERT INTO Observation VALUES(583+82,NULL, NULL,256132.6104005370,6738538.2967117900);
INSERT INTO Chouette VALUES('258-2','Effraie','inconnu');
INSERT INTO Obs_Chouette VALUES(1,'Sonore et Visuel','258-2',583+82);

INSERT INTO Lieu VALUES(254658.1378815440,6740350.6691830500);
INSERT INTO Observation VALUES(584+82,NULL, NULL,254658.1378815440,6740350.6691830500);
INSERT INTO Chouette VALUES('282-1','Hulotte','male');
INSERT INTO Obs_Chouette VALUES(1,'Sonore','282-1',584+82);

INSERT INTO Lieu VALUES(254757.7071464760,6740342.1952030600);
INSERT INTO Observation VALUES(585+82,NULL, NULL,254757.7071464760,6740342.1952030600);
INSERT INTO Chouette VALUES('282-2','Hulotte','femelle');
INSERT INTO Obs_Chouette VALUES(1,'Sonore','282-2',585+82);

INSERT INTO Lieu VALUES(254882.6983513900,6740333.7212230700);
INSERT INTO Observation VALUES(586+82,NULL, NULL,254882.6983513900,6740333.7212230700);
INSERT INTO Chouette VALUES('282-3','Effraie','inconnu');
INSERT INTO Obs_Chouette VALUES(1,'Sonore','282-3',586+82);

INSERT INTO Lieu VALUES(256274.5495654400,6739984.1695483100);
INSERT INTO Observation VALUES(587+82,NULL, NULL,256274.5495654400,6739984.1695483100);
INSERT INTO Chouette VALUES('283-1','Hulotte','male');
INSERT INTO Obs_Chouette VALUES(1,'Sonore','283-1',587+82);

INSERT INTO Lieu VALUES(258943.8532636170,6740028.6579432700);
INSERT INTO Observation VALUES(588+82,NULL, NULL,258943.8532636170,6740028.6579432700);
INSERT INTO Chouette VALUES('284-1','Hulotte','femelle');
INSERT INTO Obs_Chouette VALUES(1,'Sonore','284-1',588+82);

INSERT INTO Lieu VALUES(259767.9478180540,6740223.5594831400);
INSERT INTO Observation VALUES(589+82,NULL, NULL,259767.9478180540,6740223.5594831400);
INSERT INTO Chouette VALUES('285-1','Cheveche','inconnu');
INSERT INTO Obs_Chouette VALUES(1,'Sonore','285-1',589+82);

INSERT INTO Lieu VALUES(259869.6355779840,6740212.9670081500);
INSERT INTO Observation VALUES(590+82,NULL, NULL,259869.6355779840,6740212.9670081500);
INSERT INTO Chouette VALUES('285-2','Hulotte','male');
INSERT INTO Obs_Chouette VALUES(1,'Sonore','285-2',590+82);

INSERT INTO Lieu VALUES(259964.9678529190,6740196.0190481600);
INSERT INTO Observation VALUES(591+82,NULL, NULL,259964.9678529190,6740196.0190481600);
INSERT INTO Chouette VALUES('285-3','Hulotte','femelle');
INSERT INTO Obs_Chouette VALUES(1,'Sonore','285-3',591+82);

INSERT INTO Lieu VALUES(253387.0408824120,6742617.4588315100);
INSERT INTO Observation VALUES(592+82,NULL, NULL,253387.0408824120,6742617.4588315100);
INSERT INTO Chouette VALUES('306-1','Hulotte','male');
INSERT INTO Obs_Chouette VALUES(1,'Sonore','306-1',592+82);

INSERT INTO Lieu VALUES(253484.4916523450,6742615.3403365100);
INSERT INTO Observation VALUES(593+82,NULL, NULL,253484.4916523450,6742615.3403365100);
INSERT INTO Chouette VALUES('306-2-2','Hulotte','male');
INSERT INTO Obs_Chouette VALUES(1,'Sonore','306-2-2',593+82);

INSERT INTO Lieu VALUES(253605.2458672630,6742613.2218415100);
INSERT INTO Observation VALUES(594+82,NULL, NULL,253605.2458672630,6742613.2218415100);
INSERT INTO Chouette VALUES('306-3-2','Hulotte','femelle');
INSERT INTO Obs_Chouette VALUES(1,'Sonore','306-3-2',594+82);

INSERT INTO Lieu VALUES(254628.4789515640,6742168.3378918100);
INSERT INTO Observation VALUES(595+82,NULL, NULL,254628.4789515640,6742168.3378918100);
INSERT INTO Chouette VALUES('307-1','Effraie','inconnu');
INSERT INTO Obs_Chouette VALUES(1,'Sonore','307-1',595+82);

INSERT INTO Lieu VALUES(256950.3494699780,6741890.8150470000);
INSERT INTO Observation VALUES(596+82,NULL, NULL,256950.3494699780,6741890.8150470000);
INSERT INTO Chouette VALUES('308-1','Effraie','inconnu');
INSERT INTO Obs_Chouette VALUES(1,'Sonore','308-1',596+82);

INSERT INTO Lieu VALUES(258865.4689486700,6742017.9247469200);
INSERT INTO Observation VALUES(597+82,NULL, NULL,258865.4689486700,6742017.9247469200);
INSERT INTO Chouette VALUES('309-1','Hulotte','femelle');
INSERT INTO Obs_Chouette VALUES(1,'Sonore','309-1',597+82);

INSERT INTO Lieu VALUES(258867.5874436690,6742070.8871218800);
INSERT INTO Observation VALUES(598+82,NULL, NULL,258867.5874436690,6742070.8871218800);
INSERT INTO Chouette VALUES('309-2','Hulotte','male');
INSERT INTO Obs_Chouette VALUES(1,'Sonore','309-2',598+82);

