-- Basé sur le travail du groupe 3C2, modifs de LNAERT


DELETE FROM Obs_Loutre;


INSERT INTO Observateur (idObservateur,nom,prenom) VALUES (1+42,null,'Thomas');
INSERT INTO Observateur (idObservateur,nom,prenom) VALUES (2+42,null,'Manon');
INSERT INTO Observateur (idObservateur,nom,prenom) VALUES (3+42,null,'Beatrice');
INSERT INTO Observateur (idObservateur,nom,prenom) VALUES (4+42,null,'Antonin');
INSERT INTO Observateur (idObservateur,nom,prenom) VALUES (5+42,null,'Dimitri');
INSERT INTO Observateur (idObservateur,nom,prenom) VALUES (6+42,null,'Sebastien');
INSERT INTO Observateur (idObservateur,nom,prenom) VALUES (7+42,null,'David');
INSERT INTO Observateur (idObservateur,nom,prenom) VALUES (8+42,null,'Pierre');
INSERT INTO Observateur (idObservateur,nom,prenom) VALUES (9+42,null,'Theo');
INSERT INTO Observateur (idObservateur,nom,prenom) VALUES (10+42,null,'Patrik');
INSERT INTO Observateur (idObservateur,nom,prenom) VALUES (11+42,null,'Xavier');
INSERT INTO Observateur (idObservateur,nom,prenom) VALUES (12+42,null,'Christian');
INSERT INTO Observateur (idObservateur,nom,prenom) VALUES (13+42,null,'Crochu');
INSERT INTO Observateur (idObservateur,nom,prenom) VALUES (14+42,null,'Mathieu');
INSERT INTO Observateur (idObservateur,nom,prenom) VALUES (15+42,null,'Anne');
INSERT INTO Observateur (idObservateur,nom,prenom) VALUES (16+42,null,'Morgane');
INSERT INTO Observateur (idObservateur,nom,prenom) VALUES (17+42,null,'Corentin');
INSERT INTO Observateur (idObservateur,nom,prenom) VALUES (18+42,null,'Camille');
INSERT INTO Observateur (idObservateur,nom,prenom) VALUES (19+42,null,'Joris');
INSERT INTO Observateur (idObservateur,nom,prenom) VALUES (20+42,null,'Patricia');
INSERT INTO Observateur (idObservateur,nom,prenom) VALUES (21+42,null,'Alan');
INSERT INTO Observateur (idObservateur,nom,prenom) VALUES (22+42,null,'Clement');
INSERT INTO Observateur (idObservateur,nom,prenom) VALUES (23+42,null,'Cassandre');
INSERT INTO Observateur (idObservateur,nom,prenom) VALUES (24+42,null,'Hugo');
INSERT INTO Observateur (idObservateur,nom,prenom) VALUES (25+42,null,'Anaelle');
INSERT INTO Observateur (idObservateur,nom,prenom) VALUES (26+42,null,'Alexis');
INSERT INTO Observateur (idObservateur,nom,prenom) VALUES (27+42,null,'Leslie');
INSERT INTO Observateur (idObservateur,nom,prenom) VALUES (28+42,null,'Pauline');
INSERT INTO Observateur (idObservateur,nom,prenom) VALUES (29+42,null,'Evelyne');
INSERT INTO Observateur (idObservateur,nom,prenom) VALUES (30+42,null,'Timothee');
-- INSERT INTO Observateur (idObservateur,nom,prenom) VALUES (31+42,null,'?');

INSERT INTO Lieu (coord_Lambert_X,coord_Lambert_Y) VALUES (256181.196287758,6746412.57662295); 
INSERT INTO Lieu (coord_Lambert_X,coord_Lambert_Y) VALUES (256484.160828571,6746545.0147185);  
INSERT INTO Lieu (coord_Lambert_X,coord_Lambert_Y) VALUES (256487.084450935,6744284.51982838);
INSERT INTO Lieu (coord_Lambert_X,coord_Lambert_Y) VALUES (255693.961282439,6743888.81618488); 
INSERT INTO Lieu (coord_Lambert_X,coord_Lambert_Y) VALUES (255296.385032722,6749766.10202004);
INSERT INTO Lieu (coord_Lambert_X,coord_Lambert_Y) VALUES (257270.954230277,6748852.46450187);
INSERT INTO Lieu (coord_Lambert_X,coord_Lambert_Y) VALUES (257495.086282362,6748154.08830056);
INSERT INTO Lieu (coord_Lambert_X,coord_Lambert_Y) VALUES (259126.05255836,6748305.62172009);
INSERT INTO Lieu (coord_Lambert_X,coord_Lambert_Y) VALUES (262506.448469665,6750897.31491082);
INSERT INTO Lieu (coord_Lambert_X,coord_Lambert_Y) VALUES (264293.597917921,6750275.19444111);
INSERT INTO Lieu (coord_Lambert_X,coord_Lambert_Y) VALUES (264879.700679192,6752627.78092819);
INSERT INTO Lieu (coord_Lambert_X,coord_Lambert_Y) VALUES (266303.507523272,6750608.2184933);
INSERT INTO Lieu (coord_Lambert_X,coord_Lambert_Y) VALUES (266894.306508808,6748333.35214058);
INSERT INTO Lieu (coord_Lambert_X,coord_Lambert_Y) VALUES (268975.612427463,6746543.75106537);
INSERT INTO Lieu (coord_Lambert_X,coord_Lambert_Y) VALUES (268713.974442244,6747893.97301611);
INSERT INTO Lieu (coord_Lambert_X,coord_Lambert_Y) VALUES (269406.729286786,6749476.45487984);
INSERT INTO Lieu (coord_Lambert_X,coord_Lambert_Y) VALUES (268620.83013119,6749540.56305912);
INSERT INTO Lieu (coord_Lambert_X,coord_Lambert_Y) VALUES (269137.371563662,6750417.50360473);
INSERT INTO Lieu (coord_Lambert_X,coord_Lambert_Y) VALUES (263254.873155438,6747052.8405066);
INSERT INTO Lieu (coord_Lambert_X,coord_Lambert_Y) VALUES (260666.920144404,6745880.24456189);
INSERT INTO Lieu (coord_Lambert_X,coord_Lambert_Y) VALUES (264545.58328122,6747659.88842206);
INSERT INTO Lieu (coord_Lambert_X,coord_Lambert_Y) VALUES (265698.266361654,6747303.77750586);
INSERT INTO Lieu (coord_Lambert_X,coord_Lambert_Y) VALUES (267218.892141614,6745943.67888912);
INSERT INTO Lieu (coord_Lambert_X,coord_Lambert_Y) VALUES (266577.045612426,6746915.89079179);
INSERT INTO Lieu (coord_Lambert_X,coord_Lambert_Y) VALUES (267222.556630745,6745726.61230902);
INSERT INTO Lieu (coord_Lambert_X,coord_Lambert_Y) VALUES (273317.644228331,6739269.86014592);
INSERT INTO Lieu (coord_Lambert_X,coord_Lambert_Y) VALUES (274674.827515204,6737435.69970419);
INSERT INTO Lieu (coord_Lambert_X,coord_Lambert_Y) VALUES (275850.550306641,6739892.26485632);
INSERT INTO Lieu (coord_Lambert_X,coord_Lambert_Y) VALUES (277210.086628749,6739944.1160866);
INSERT INTO Lieu (coord_Lambert_X,coord_Lambert_Y) VALUES (276305.488857822,6740383.65192626);
INSERT INTO Lieu (coord_Lambert_X,coord_Lambert_Y) VALUES (276118.140525761,6741012.54961141);
INSERT INTO Lieu (coord_Lambert_X,coord_Lambert_Y) VALUES (278467.110516477,6741710.09409166);
INSERT INTO Lieu (coord_Lambert_X,coord_Lambert_Y) VALUES (278154.073050065,6741062.87970175);
INSERT INTO Lieu (coord_Lambert_X,coord_Lambert_Y) VALUES (279216.598863169,6740367.32348907);
INSERT INTO Lieu (coord_Lambert_X,coord_Lambert_Y) VALUES (280008.821455989,6740136.50488035);
INSERT INTO Lieu (coord_Lambert_X,coord_Lambert_Y) VALUES (279225.37513846,6739297.56768046);
INSERT INTO Lieu (coord_Lambert_X,coord_Lambert_Y) VALUES (276843.372301239,6733680.33250236);
INSERT INTO Lieu (coord_Lambert_X,coord_Lambert_Y) VALUES (274251.752478539,6731805.50650646);
INSERT INTO Lieu (coord_Lambert_X,coord_Lambert_Y) VALUES (274120.414610462,6733235.29700186);
INSERT INTO Lieu (coord_Lambert_X,coord_Lambert_Y) VALUES (271896.664936052,6730708.95919398);
INSERT INTO Lieu (coord_Lambert_X,coord_Lambert_Y) VALUES (282097.397488058,6736237.4422877);
INSERT INTO Lieu (coord_Lambert_X,coord_Lambert_Y) VALUES (283312.127560283,6735880.96827418);
INSERT INTO Lieu (coord_Lambert_X,coord_Lambert_Y) VALUES (282564.048288699,6732119.4358613);
INSERT INTO Lieu (coord_Lambert_X,coord_Lambert_Y) VALUES (282053.100893865,6731354.47302786);
INSERT INTO Lieu (coord_Lambert_X,coord_Lambert_Y) VALUES (280511.948176033,6733192.74262144);
INSERT INTO Lieu (coord_Lambert_X,coord_Lambert_Y) VALUES (282013.307159259,6734198.03740931);
INSERT INTO Lieu (coord_Lambert_X,coord_Lambert_Y) VALUES (283579.297658288,6737192.74154061);
INSERT INTO Lieu (coord_Lambert_X,coord_Lambert_Y) VALUES (284080.831532785,6737725.06376144);
INSERT INTO Lieu (coord_Lambert_X,coord_Lambert_Y) VALUES (284520.924985382,6739108.62906793);
INSERT INTO Lieu (coord_Lambert_X,coord_Lambert_Y) VALUES (285454.301694992,6745292.15146777);
INSERT INTO Lieu (coord_Lambert_X,coord_Lambert_Y) VALUES (282149.75660155,6751767.78812135);
INSERT INTO Lieu (coord_Lambert_X,coord_Lambert_Y) VALUES (283743.336200172,6751577.90451023);
INSERT INTO Lieu (coord_Lambert_X,coord_Lambert_Y) VALUES (283088.206543395,6753023.80144708);
INSERT INTO Lieu (coord_Lambert_X,coord_Lambert_Y) VALUES (284483.693714908,6752665.24641262);
INSERT INTO Lieu (coord_Lambert_X,coord_Lambert_Y) VALUES (285254.402315703,6752317.00884733);
INSERT INTO Lieu (coord_Lambert_X,coord_Lambert_Y) VALUES (284940.9572405,6749769.08908174);
INSERT INTO Lieu (coord_Lambert_X,coord_Lambert_Y) VALUES (285748.491031893,6750445.94061412);
INSERT INTO Lieu (coord_Lambert_X,coord_Lambert_Y) VALUES (277907.849919078,6750638.98748354);
INSERT INTO Lieu (coord_Lambert_X,coord_Lambert_Y) VALUES (278804.166641112,6752957.08401029);
INSERT INTO Lieu (coord_Lambert_X,coord_Lambert_Y) VALUES (279454.374345242,6753802.49463411);
INSERT INTO Lieu (coord_Lambert_X,coord_Lambert_Y) VALUES (279897.418250463,6754506.58434561);
INSERT INTO Lieu (coord_Lambert_X,coord_Lambert_Y) VALUES (281959.142017046,6754419.41156037);
INSERT INTO Lieu (coord_Lambert_X,coord_Lambert_Y) VALUES (281815.463196158,6753366.11871131);
INSERT INTO Lieu (coord_Lambert_X,coord_Lambert_Y) VALUES (280988.071316848,6752026.27516417);
INSERT INTO Lieu (coord_Lambert_X,coord_Lambert_Y) VALUES (275928.30566962,6755447.71693765);
INSERT INTO Lieu (coord_Lambert_X,coord_Lambert_Y) VALUES (274211.307759508,6753590.22749353);
INSERT INTO Lieu (coord_Lambert_X,coord_Lambert_Y) VALUES (275148.888276536,6755327.21419397);
INSERT INTO Lieu (coord_Lambert_X,coord_Lambert_Y) VALUES (274419.723401009,6755736.87825238);
INSERT INTO Lieu (coord_Lambert_X,coord_Lambert_Y) VALUES (275384.364136225,6752608.94047146);
INSERT INTO Lieu (coord_Lambert_X,coord_Lambert_Y) VALUES (276755.664004057,6753929.57096175);
INSERT INTO Lieu (coord_Lambert_X,coord_Lambert_Y) VALUES (278378.307568525,6755573.80397451);
INSERT INTO Lieu (coord_Lambert_X,coord_Lambert_Y) VALUES (270938.196710669,6747028.80420733);
INSERT INTO Lieu (coord_Lambert_X,coord_Lambert_Y) VALUES (270451.214225547,6748294.18327929);
INSERT INTO Lieu (coord_Lambert_X,coord_Lambert_Y) VALUES (270929.563308697,6749170.37322967);
INSERT INTO Lieu (coord_Lambert_X,coord_Lambert_Y) VALUES (271902.094349839,6748202.22728963);
INSERT INTO Lieu (coord_Lambert_X,coord_Lambert_Y) VALUES (274357.025839926,6749181.98399494);
INSERT INTO Lieu (coord_Lambert_X,coord_Lambert_Y) VALUES (275100.093761673,6749180.96600179);
INSERT INTO Lieu (coord_Lambert_X,coord_Lambert_Y) VALUES (275913.045212203,6748817.0980072);
INSERT INTO Lieu (coord_Lambert_X,coord_Lambert_Y) VALUES (277943.656303804,6748451.43938054);
INSERT INTO Lieu (coord_Lambert_X,coord_Lambert_Y) VALUES (272751.743838675,6749396.00827872);
INSERT INTO Lieu (coord_Lambert_X,coord_Lambert_Y) VALUES (273692.905557867,6749231.91995289);
INSERT INTO Lieu (coord_Lambert_X,coord_Lambert_Y) VALUES (276422.196849223,6745170.43973385);
INSERT INTO Lieu (coord_Lambert_X,coord_Lambert_Y) VALUES (275387.212112992,6743741.39105895);
INSERT INTO Lieu (coord_Lambert_X,coord_Lambert_Y) VALUES (273368.668115993,6744282.68483483);
INSERT INTO Lieu (coord_Lambert_X,coord_Lambert_Y) VALUES (271629.558505752,6743122.53143656);
INSERT INTO Lieu (coord_Lambert_X,coord_Lambert_Y) VALUES (272146.068140814,6743553.1637736);
INSERT INTO Lieu (coord_Lambert_X,coord_Lambert_Y) VALUES (273831.85752404,6742270.24555809);
INSERT INTO Lieu (coord_Lambert_X,coord_Lambert_Y) VALUES (269723.437694595,6740871.86202256);
INSERT INTO Lieu (coord_Lambert_X,coord_Lambert_Y) VALUES (270736.093873464,6743978.96316826);
INSERT INTO Lieu (coord_Lambert_X,coord_Lambert_Y) VALUES (269410.577672983,6745541.29313393);
INSERT INTO Lieu (coord_Lambert_X,coord_Lambert_Y) VALUES (269193.902978109,6744963.45712697);
INSERT INTO Lieu (coord_Lambert_X,coord_Lambert_Y) VALUES (270205.845700555,6745281.16563073);
INSERT INTO Lieu (coord_Lambert_X,coord_Lambert_Y) VALUES (269397.306448495,6745713.51166939);
INSERT INTO Lieu (coord_Lambert_X,coord_Lambert_Y) VALUES (251189.66843942,6750088.90535459);
INSERT INTO Lieu (coord_Lambert_X,coord_Lambert_Y) VALUES (251566.750328034,6750553.31506225);
INSERT INTO Lieu (coord_Lambert_X,coord_Lambert_Y) VALUES (251626.587864163,6750598.2504792);
INSERT INTO Lieu (coord_Lambert_X,coord_Lambert_Y) VALUES (251196.287301721,6749965.69148398);
INSERT INTO Lieu (coord_Lambert_X,coord_Lambert_Y) VALUES (251613.069833637,6750765.39822197);
INSERT INTO Lieu (coord_Lambert_X,coord_Lambert_Y) VALUES (255856.690071673,6748199.90546789);
INSERT INTO Lieu (coord_Lambert_X,coord_Lambert_Y) VALUES (259196.380370835,6749352.78697829);
INSERT INTO Lieu (coord_Lambert_X,coord_Lambert_Y) VALUES (280516.67671856,6740652.80450794);
INSERT INTO Lieu (coord_Lambert_X,coord_Lambert_Y) VALUES (279819.341224511,6735448.58706579);
INSERT INTO Lieu (coord_Lambert_X,coord_Lambert_Y) VALUES (253920.935498951,6746631.97053635);
INSERT INTO Lieu (coord_Lambert_X,coord_Lambert_Y) VALUES (281611.813491391,6729685.02136587);
INSERT INTO Lieu (coord_Lambert_X,coord_Lambert_Y) VALUES (281602.286986616,6738677.2424321);
INSERT INTO Lieu (coord_Lambert_X,coord_Lambert_Y) VALUES (271986.709638572,6750473.84040521);
INSERT INTO Lieu (coord_Lambert_X,coord_Lambert_Y) VALUES (272085.318021173,6743455.39326949);
INSERT INTO Lieu (coord_Lambert_X,coord_Lambert_Y) VALUES (247466.579989543,6745007.05350782);
INSERT INTO Lieu (coord_Lambert_X,coord_Lambert_Y) VALUES (248455.262836567,6745156.33790294);
INSERT INTO Lieu (coord_Lambert_X,coord_Lambert_Y) VALUES (248522.371349969,6744810.61643484);
INSERT INTO Lieu (coord_Lambert_X,coord_Lambert_Y) VALUES (249587.466001282,6744684.01235712);
INSERT INTO Lieu (coord_Lambert_X,coord_Lambert_Y) VALUES (247282.099901811,6743269.55384846);
INSERT INTO Lieu (coord_Lambert_X,coord_Lambert_Y) VALUES (248839.729111621,6742994.77092453);
INSERT INTO Lieu (coord_Lambert_X,coord_Lambert_Y) VALUES (278453.957362351,6738154.92120585);
INSERT INTO Lieu (coord_Lambert_X,coord_Lambert_Y) VALUES (272731.830484238,6734717.03297354);
INSERT INTO Lieu (coord_Lambert_X,coord_Lambert_Y) VALUES (287569.635813707,6743655.70858837);
INSERT INTO Lieu (coord_Lambert_X,coord_Lambert_Y) VALUES (285909.131408485,6743390.9379588);
INSERT INTO Lieu (coord_Lambert_X,coord_Lambert_Y) VALUES (279287.16243406,6745951.45463039);
INSERT INTO Lieu (coord_Lambert_X,coord_Lambert_Y) VALUES (283330.561467117,6746080.10126362);
INSERT INTO Lieu (coord_Lambert_X,coord_Lambert_Y) VALUES (282944.61162942,6743010.30747608);
INSERT INTO Lieu (coord_Lambert_X,coord_Lambert_Y) VALUES (277448.885843425,6744831.77711759);
INSERT INTO Lieu (coord_Lambert_X,coord_Lambert_Y) VALUES (281939.480287004,6727716.27754504);
INSERT INTO Lieu (coord_Lambert_X,coord_Lambert_Y) VALUES (268351.746525565,6751737.82361573);
INSERT INTO Lieu (coord_Lambert_X,coord_Lambert_Y) VALUES (263351.477540258,6747977.71252771);
INSERT INTO Lieu (coord_Lambert_X,coord_Lambert_Y) VALUES (255175.280164223,6744449.99815923);
INSERT INTO Lieu (coord_Lambert_X,coord_Lambert_Y) VALUES (258052.467816139,6747257.15416071);
INSERT INTO Lieu (coord_Lambert_X,coord_Lambert_Y) VALUES (275712.112341732,6738861.21393822);
INSERT INTO Lieu (coord_Lambert_X,coord_Lambert_Y) VALUES (275170.760900335,6737596.73070874);
INSERT INTO Lieu (coord_Lambert_X,coord_Lambert_Y) VALUES (257283.073186516,6747318.62730445);


INSERT INTO Observation (idObs, dateObs, heureObs, lieu_Lambert_X, lieu_Lambert_Y) VALUES (1+680,'2018-04-12',null,256181.196287758,6746412.57662295);
INSERT INTO Observation (idObs,dateObs,heureObs,lieu_Lambert_X, lieu_Lambert_Y) VALUES (2+680,'2018-04-12',null,256484.160828571,6746545.0147185);
INSERT INTO Observation (idObs,dateObs,heureObs,lieu_Lambert_X, lieu_Lambert_Y) VALUES (3+680,'2018-04-12',null,256487.084450935,6744284.51982838);
INSERT INTO Observation (idObs,dateObs,heureObs,lieu_Lambert_X, lieu_Lambert_Y) VALUES (4+680,'2018-04-12',null,255693.961282439,6743888.81618488);
INSERT INTO Observation (idObs,dateObs,heureObs,lieu_Lambert_X, lieu_Lambert_Y) VALUES (5+680,'2018-04-12',null,255296.385032722,6749766.10202004);
INSERT INTO Observation (idObs,dateObs,heureObs,lieu_Lambert_X, lieu_Lambert_Y) VALUES (6+680,'2018-04-12',null,257270.954230277,6748852.46450187);
INSERT INTO Observation (idObs,dateObs,heureObs,lieu_Lambert_X, lieu_Lambert_Y) VALUES (7+680,'2018-04-12',null,257495.086282362,6748154.08830056);
INSERT INTO Observation (idObs,dateObs,heureObs,lieu_Lambert_X, lieu_Lambert_Y) VALUES (8+680,'2018-04-12',null,259126.05255836,6748305.62172009);
INSERT INTO Observation (idObs,dateObs,heureObs,lieu_Lambert_X, lieu_Lambert_Y) VALUES (9+680,'2018-04-12',null,262506.448469665,6750897.31491082);
INSERT INTO Observation (idObs,dateObs,heureObs,lieu_Lambert_X, lieu_Lambert_Y) VALUES (10+680,'2018-04-12',null,264293.597917921,6750275.19444111);
INSERT INTO Observation (idObs,dateObs,heureObs,lieu_Lambert_X, lieu_Lambert_Y) VALUES (11+680,'2016-04-21',null,264879.700679192,6752627.78092819);
INSERT INTO Observation (idObs,dateObs,heureObs,lieu_Lambert_X, lieu_Lambert_Y) VALUES (12+680,'2018-04-12',null,266303.507523272,6750608.2184933);
INSERT INTO Observation (idObs,dateObs,heureObs,lieu_Lambert_X, lieu_Lambert_Y) VALUES (13+680,'2018-04-12',null,266894.306508808,6748333.35214058);
INSERT INTO Observation (idObs,dateObs,heureObs,lieu_Lambert_X, lieu_Lambert_Y) VALUES (14+680,'2018-04-12',null,268975.612427463,6746543.75106537);
INSERT INTO Observation (idObs,dateObs,heureObs,lieu_Lambert_X, lieu_Lambert_Y) VALUES (15+680,'2018-04-12',null,268713.974442244,6747893.97301611);
INSERT INTO Observation (idObs,dateObs,heureObs,lieu_Lambert_X, lieu_Lambert_Y) VALUES (16+680,'2018-04-12',null,269406.729286786,6749476.45487984);
INSERT INTO Observation (idObs,dateObs,heureObs,lieu_Lambert_X, lieu_Lambert_Y) VALUES (17+680,'2018-04-12',null,268620.83013119,6749540.56305912);
INSERT INTO Observation (idObs,dateObs,heureObs,lieu_Lambert_X, lieu_Lambert_Y) VALUES (18+680,'2018-04-12',null,269137.371563662,6750417.50360473);
INSERT INTO Observation (idObs,dateObs,heureObs,lieu_Lambert_X, lieu_Lambert_Y) VALUES (19+680,'2018-04-12',null,263254.873155438,6747052.8405066);
INSERT INTO Observation (idObs,dateObs,heureObs,lieu_Lambert_X, lieu_Lambert_Y) VALUES (20+680,'2018-04-12',null,260666.920144404,6745880.24456189);
INSERT INTO Observation (idObs,dateObs,heureObs,lieu_Lambert_X, lieu_Lambert_Y) VALUES (21+680,'2018-04-12',null,264545.58328122,6747659.88842206);
INSERT INTO Observation (idObs,dateObs,heureObs,lieu_Lambert_X, lieu_Lambert_Y) VALUES (22+680,'2018-04-12',null,265698.266361654,6747303.77750586);
INSERT INTO Observation (idObs,dateObs,heureObs,lieu_Lambert_X, lieu_Lambert_Y) VALUES (23+680,'2016-04-21',null,267218.892141614,6745943.67888912);
INSERT INTO Observation (idObs,dateObs,heureObs,lieu_Lambert_X, lieu_Lambert_Y) VALUES (24+680,'2018-04-12',null,266577.045612426,6746915.89079179);
INSERT INTO Observation (idObs,dateObs,heureObs,lieu_Lambert_X, lieu_Lambert_Y) VALUES (25+680,'2018-04-12',null,267222.556630745,6745726.61230902);
INSERT INTO Observation (idObs,dateObs,heureObs,lieu_Lambert_X, lieu_Lambert_Y) VALUES (26+680,'2018-04-13',null,273317.644228331,6739269.86014592);
INSERT INTO Observation (idObs,dateObs,heureObs,lieu_Lambert_X, lieu_Lambert_Y) VALUES (27+680,'2018-04-13',null,274674.827515204,6737435.69970419);
INSERT INTO Observation (idObs,dateObs,heureObs,lieu_Lambert_X, lieu_Lambert_Y) VALUES (28+680,'2018-04-13',null,275850.550306641,6739892.26485632);
INSERT INTO Observation (idObs,dateObs,heureObs,lieu_Lambert_X, lieu_Lambert_Y) VALUES (29+680,'2018-04-13',null,277210.086628749,6739944.1160866);
INSERT INTO Observation (idObs,dateObs,heureObs,lieu_Lambert_X, lieu_Lambert_Y) VALUES (30+680,'2018-04-13',null,276305.488857822,6740383.65192626);
INSERT INTO Observation (idObs,dateObs,heureObs,lieu_Lambert_X, lieu_Lambert_Y) VALUES (31+680,'2018-04-13',null,276118.140525761,6741012.54961141);
INSERT INTO Observation (idObs,dateObs,heureObs,lieu_Lambert_X, lieu_Lambert_Y) VALUES (32+680,'2018-04-13',null,278467.110516477,6741710.09409166);
INSERT INTO Observation (idObs,dateObs,heureObs,lieu_Lambert_X, lieu_Lambert_Y) VALUES (33+680,'2018-04-13',null,278154.073050065,6741062.87970175);
INSERT INTO Observation (idObs,dateObs,heureObs,lieu_Lambert_X, lieu_Lambert_Y) VALUES (34+680,'2018-04-13',null,279216.598863169,6740367.32348907);
INSERT INTO Observation (idObs,dateObs,heureObs,lieu_Lambert_X, lieu_Lambert_Y) VALUES (35+680,'2018-04-13',null,280008.821455989,6740136.50488035);
INSERT INTO Observation (idObs,dateObs,heureObs,lieu_Lambert_X, lieu_Lambert_Y) VALUES (36+680,'2018-04-13',null,279225.37513846,6739297.56768046);
INSERT INTO Observation (idObs,dateObs,heureObs,lieu_Lambert_X, lieu_Lambert_Y) VALUES (37+680,'2018-04-13',null,276843.372301239,6733680.33250236);
INSERT INTO Observation (idObs,dateObs,heureObs,lieu_Lambert_X, lieu_Lambert_Y) VALUES (38+680,'2018-04-13',null,274251.752478539,6731805.50650646);
INSERT INTO Observation (idObs,dateObs,heureObs,lieu_Lambert_X, lieu_Lambert_Y) VALUES (39+680,'2018-04-13',null,274120.414610462,6733235.29700186);
INSERT INTO Observation (idObs,dateObs,heureObs,lieu_Lambert_X, lieu_Lambert_Y) VALUES (40+680,'2018-04-13',null,271896.664936052,6730708.95919398);
INSERT INTO Observation (idObs,dateObs,heureObs,lieu_Lambert_X, lieu_Lambert_Y) VALUES (41+680,'2018-04-13',null,282097.397488058,6736237.4422877);
INSERT INTO Observation (idObs,dateObs,heureObs,lieu_Lambert_X, lieu_Lambert_Y) VALUES (42+680,'2018-04-13',null,283312.127560283,6735880.96827418);
INSERT INTO Observation (idObs,dateObs,heureObs,lieu_Lambert_X, lieu_Lambert_Y) VALUES (43+680,'2018-04-13',null,282564.048288699,6732119.4358613);
INSERT INTO Observation (idObs,dateObs,heureObs,lieu_Lambert_X, lieu_Lambert_Y) VALUES (44+680,'2018-04-13',null,282053.100893865,6731354.47302786);
INSERT INTO Observation (idObs,dateObs,heureObs,lieu_Lambert_X, lieu_Lambert_Y) VALUES (45+680,'2018-04-13',null,280511.948176033,6733192.74262144);
INSERT INTO Observation (idObs,dateObs,heureObs,lieu_Lambert_X, lieu_Lambert_Y) VALUES (46+680,'2018-04-13',null,282013.307159259,6734198.03740931);
INSERT INTO Observation (idObs,dateObs,heureObs,lieu_Lambert_X, lieu_Lambert_Y) VALUES (47+680,'2018-04-13',null,283579.297658288,6737192.74154061);
INSERT INTO Observation (idObs,dateObs,heureObs,lieu_Lambert_X, lieu_Lambert_Y) VALUES (48+680,'2018-04-13',null,284080.831532785,6737725.06376144);
INSERT INTO Observation (idObs,dateObs,heureObs,lieu_Lambert_X, lieu_Lambert_Y) VALUES (49+680,'2018-07-13',null,284520.924985382,6739108.62906793);
INSERT INTO Observation (idObs,dateObs,heureObs,lieu_Lambert_X, lieu_Lambert_Y) VALUES (50+680,'2018-04-13',null,285454.301694992,6745292.15146777);
INSERT INTO Observation (idObs,dateObs,heureObs,lieu_Lambert_X, lieu_Lambert_Y) VALUES (51+680,'2018-04-14',null,282149.75660155,6751767.78812135);
INSERT INTO Observation (idObs,dateObs,heureObs,lieu_Lambert_X, lieu_Lambert_Y) VALUES (52+680,'2018-04-14',null,283743.336200172,6751577.90451023);
INSERT INTO Observation (idObs,dateObs,heureObs,lieu_Lambert_X, lieu_Lambert_Y) VALUES (53+680,'2018-04-14',null,283088.206543395,6753023.80144708);
INSERT INTO Observation (idObs,dateObs,heureObs,lieu_Lambert_X, lieu_Lambert_Y) VALUES (54+680,'2018-04-14',null,284483.693714908,6752665.24641262);
INSERT INTO Observation (idObs,dateObs,heureObs,lieu_Lambert_X, lieu_Lambert_Y) VALUES (55+680,'2018-04-14',null,285254.402315703,6752317.00884733);
INSERT INTO Observation (idObs,dateObs,heureObs,lieu_Lambert_X, lieu_Lambert_Y) VALUES (56+680,'2018-04-14',null,284940.9572405,6749769.08908174);
INSERT INTO Observation (idObs,dateObs,heureObs,lieu_Lambert_X, lieu_Lambert_Y) VALUES (57+680,'2018-04-14',null,285748.491031893,6750445.94061412);
INSERT INTO Observation (idObs,dateObs,heureObs,lieu_Lambert_X, lieu_Lambert_Y) VALUES (58+680,'2018-04-14',null,277907.849919078,6750638.98748354);
INSERT INTO Observation (idObs,dateObs,heureObs,lieu_Lambert_X, lieu_Lambert_Y) VALUES (59+680,'2018-04-14',null,278804.166641112,6752957.08401029);
INSERT INTO Observation (idObs,dateObs,heureObs,lieu_Lambert_X, lieu_Lambert_Y) VALUES (60+680,'2018-04-14',null,279454.374345242,6753802.49463411);
INSERT INTO Observation (idObs,dateObs,heureObs,lieu_Lambert_X, lieu_Lambert_Y) VALUES (61+680,'2018-04-14',null,279897.418250463,6754506.58434561);
INSERT INTO Observation (idObs,dateObs,heureObs,lieu_Lambert_X, lieu_Lambert_Y) VALUES (62+680,'2018-04-14',null,281959.142017046,6754419.41156037);
INSERT INTO Observation (idObs,dateObs,heureObs,lieu_Lambert_X, lieu_Lambert_Y) VALUES (63+680,'2018-04-14',null,281815.463196158,6753366.11871131);
INSERT INTO Observation (idObs,dateObs,heureObs,lieu_Lambert_X, lieu_Lambert_Y) VALUES (64+680,'2018-04-14',null,280988.071316848,6752026.27516417);
INSERT INTO Observation (idObs,dateObs,heureObs,lieu_Lambert_X, lieu_Lambert_Y) VALUES (65+680,'2018-04-14',null,275928.30566962,6755447.71693765);
INSERT INTO Observation (idObs,dateObs,heureObs,lieu_Lambert_X, lieu_Lambert_Y) VALUES (66+680,'2018-04-14',null,274211.307759508,6753590.22749353);
INSERT INTO Observation (idObs,dateObs,heureObs,lieu_Lambert_X, lieu_Lambert_Y) VALUES (67+680,'2018-04-14',null,275148.888276536,6755327.21419397);
INSERT INTO Observation (idObs,dateObs,heureObs,lieu_Lambert_X, lieu_Lambert_Y) VALUES (68+680,'2018-04-14',null,274419.723401009,6755736.87825238);
INSERT INTO Observation (idObs,dateObs,heureObs,lieu_Lambert_X, lieu_Lambert_Y) VALUES (69+680,'2018-04-14',null,275384.364136225,6752608.94047146);
INSERT INTO Observation (idObs,dateObs,heureObs,lieu_Lambert_X, lieu_Lambert_Y) VALUES (70+680,'2018-04-14',null,276755.664004057,6753929.57096175);
INSERT INTO Observation (idObs,dateObs,heureObs,lieu_Lambert_X, lieu_Lambert_Y) VALUES (71+680,'2018-04-14',null,278378.307568525,6755573.80397451);
INSERT INTO Observation (idObs,dateObs,heureObs,lieu_Lambert_X, lieu_Lambert_Y) VALUES (72+680,'2018-04-12',null,270938.196710669,6747028.80420733);
INSERT INTO Observation (idObs,dateObs,heureObs,lieu_Lambert_X, lieu_Lambert_Y) VALUES (73+680,'2018-04-12',null,270451.214225547,6748294.18327929);
INSERT INTO Observation (idObs,dateObs,heureObs,lieu_Lambert_X, lieu_Lambert_Y) VALUES (74+680,'2018-04-12',null,270929.563308697,6749170.37322967);
INSERT INTO Observation (idObs,dateObs,heureObs,lieu_Lambert_X, lieu_Lambert_Y) VALUES (75+680,'2018-04-12',null,271902.094349839,6748202.22728963);
INSERT INTO Observation (idObs,dateObs,heureObs,lieu_Lambert_X, lieu_Lambert_Y) VALUES (76+680,'2018-04-14',null,274357.025839926,6749181.98399494);
INSERT INTO Observation (idObs,dateObs,heureObs,lieu_Lambert_X, lieu_Lambert_Y) VALUES (77+680,'2018-04-14',null,275100.093761673,6749180.96600179);
INSERT INTO Observation (idObs,dateObs,heureObs,lieu_Lambert_X, lieu_Lambert_Y) VALUES (78+680,'2018-04-14',null,275913.045212203,6748817.0980072);
INSERT INTO Observation (idObs,dateObs,heureObs,lieu_Lambert_X, lieu_Lambert_Y) VALUES (79+680,'2018-04-14',null,277943.656303804,6748451.43938054);
INSERT INTO Observation (idObs,dateObs,heureObs,lieu_Lambert_X, lieu_Lambert_Y) VALUES (80+680,'2018-04-14',null,272751.743838675,6749396.00827872);
INSERT INTO Observation (idObs,dateObs,heureObs,lieu_Lambert_X, lieu_Lambert_Y) VALUES (81+680,'2018-04-14',null,273692.905557867,6749231.91995289);
INSERT INTO Observation (idObs,dateObs,heureObs,lieu_Lambert_X, lieu_Lambert_Y) VALUES (82+680,'2018-04-12',null,276422.196849223,6745170.43973385);
INSERT INTO Observation (idObs,dateObs,heureObs,lieu_Lambert_X, lieu_Lambert_Y) VALUES (83+680,'2018-04-12',null,275387.212112992,6743741.39105895);
INSERT INTO Observation (idObs,dateObs,heureObs,lieu_Lambert_X, lieu_Lambert_Y) VALUES (84+680,'2018-04-12',null,273368.668115993,6744282.68483483);
INSERT INTO Observation (idObs,dateObs,heureObs,lieu_Lambert_X, lieu_Lambert_Y) VALUES (85+680,'2018-04-13',null,271629.558505752,6743122.53143656);
INSERT INTO Observation (idObs,dateObs,heureObs,lieu_Lambert_X, lieu_Lambert_Y) VALUES (86+680,'2018-04-13',null,272146.068140814,6743553.1637736);
INSERT INTO Observation (idObs,dateObs,heureObs,lieu_Lambert_X, lieu_Lambert_Y) VALUES (87+680,'2016-04-21',null,273831.85752404,6742270.24555809);
INSERT INTO Observation (idObs,dateObs,heureObs,lieu_Lambert_X, lieu_Lambert_Y) VALUES (88+680,'2018-04-12',null,269723.437694595,6740871.86202256);
INSERT INTO Observation (idObs,dateObs,heureObs,lieu_Lambert_X, lieu_Lambert_Y) VALUES (89+680,'2018-04-12',null,270736.093873464,6743978.96316826);
INSERT INTO Observation (idObs,dateObs,heureObs,lieu_Lambert_X, lieu_Lambert_Y) VALUES (90+680,'2018-04-12',null,269410.577672983,6745541.29313393);
INSERT INTO Observation (idObs,dateObs,heureObs,lieu_Lambert_X, lieu_Lambert_Y) VALUES (91+680,'2018-04-12',null,269193.902978109,6744963.45712697);
INSERT INTO Observation (idObs,dateObs,heureObs,lieu_Lambert_X, lieu_Lambert_Y) VALUES (92+680,'2018-04-12',null,270205.845700555,6745281.16563073);
INSERT INTO Observation (idObs,dateObs,heureObs,lieu_Lambert_X, lieu_Lambert_Y) VALUES (93+680,'2018-04-12',null,269397.306448495,6745713.51166939);
INSERT INTO Observation (idObs,dateObs,heureObs,lieu_Lambert_X, lieu_Lambert_Y) VALUES (94+680,'2018-04-12',null,251189.66843942,6750088.90535459);
INSERT INTO Observation (idObs,dateObs,heureObs,lieu_Lambert_X, lieu_Lambert_Y) VALUES (95+680,'2018-04-12',null,251566.750328034,6750553.31506225);
INSERT INTO Observation (idObs,dateObs,heureObs,lieu_Lambert_X, lieu_Lambert_Y) VALUES (96+680,'2018-04-12',null,251626.587864163,6750598.2504792);
INSERT INTO Observation (idObs,dateObs,heureObs,lieu_Lambert_X, lieu_Lambert_Y) VALUES (97+680,'2018-04-12',null,251196.287301721,6749965.69148398);
INSERT INTO Observation (idObs,dateObs,heureObs,lieu_Lambert_X, lieu_Lambert_Y) VALUES (98+680,'2018-04-12',null,251613.069833637,6750765.39822197);
INSERT INTO Observation (idObs,dateObs,heureObs,lieu_Lambert_X, lieu_Lambert_Y) VALUES (99+680,'2018-04-12',null,255856.690071673,6748199.90546789);
INSERT INTO Observation (idObs,dateObs,heureObs,lieu_Lambert_X, lieu_Lambert_Y) VALUES (100+680,'2018-04-12',null,259196.380370835,6749352.78697829);
INSERT INTO Observation (idObs,dateObs,heureObs,lieu_Lambert_X, lieu_Lambert_Y) VALUES (101+680,'2018-04-13',null,280516.67671856,6740652.80450794);
INSERT INTO Observation (idObs,dateObs,heureObs,lieu_Lambert_X, lieu_Lambert_Y) VALUES (102+680,'2018-04-13',null,279819.341224511,6735448.58706579);
INSERT INTO Observation (idObs,dateObs,heureObs,lieu_Lambert_X, lieu_Lambert_Y) VALUES (103+680,'2018-04-12',null,253920.935498951,6746631.97053635);
INSERT INTO Observation (idObs,dateObs,heureObs,lieu_Lambert_X, lieu_Lambert_Y) VALUES (104+680,'2018-04-13',null,281611.813491391,6729685.02136587);
INSERT INTO Observation (idObs,dateObs,heureObs,lieu_Lambert_X, lieu_Lambert_Y) VALUES (105+680,'2018-04-13',null,281602.286986616,6738677.2424321);
INSERT INTO Observation (idObs,dateObs,heureObs,lieu_Lambert_X, lieu_Lambert_Y) VALUES (106+680,'2018-04-12',null,271986.709638572,6750473.84040521);
INSERT INTO Observation (idObs,dateObs,heureObs,lieu_Lambert_X, lieu_Lambert_Y) VALUES (107+680,'2018-04-12',null,272085.318021173,6743455.39326949);
INSERT INTO Observation (idObs,dateObs,heureObs,lieu_Lambert_X, lieu_Lambert_Y) VALUES (108+680,'2018-04-12',null,247466.579989543,6745007.05350782);
INSERT INTO Observation (idObs,dateObs,heureObs,lieu_Lambert_X, lieu_Lambert_Y) VALUES (109+680,'2018-04-12',null,248455.262836567,6745156.33790294);
INSERT INTO Observation (idObs,dateObs,heureObs,lieu_Lambert_X, lieu_Lambert_Y) VALUES (110+680,'2018-04-12',null,248522.371349969,6744810.61643484);
INSERT INTO Observation (idObs,dateObs,heureObs,lieu_Lambert_X, lieu_Lambert_Y) VALUES (111+680,'2018-04-12',null,249587.466001282,6744684.01235712);
INSERT INTO Observation (idObs,dateObs,heureObs,lieu_Lambert_X, lieu_Lambert_Y) VALUES (112+680,'2018-04-12',null,247282.099901811,6743269.55384846);
INSERT INTO Observation (idObs,dateObs,heureObs,lieu_Lambert_X, lieu_Lambert_Y) VALUES (113+680,'2018-04-12',null,248839.729111621,6742994.77092453);
INSERT INTO Observation (idObs,dateObs,heureObs,lieu_Lambert_X, lieu_Lambert_Y) VALUES (114+680,'2018-04-13',null,278453.957362351,6738154.92120585);
INSERT INTO Observation (idObs,dateObs,heureObs,lieu_Lambert_X, lieu_Lambert_Y) VALUES (115+680,'2018-04-13',null,272731.830484238,6734717.03297354);
INSERT INTO Observation (idObs,dateObs,heureObs,lieu_Lambert_X, lieu_Lambert_Y) VALUES (116+680,'2018-04-13',null,268975.612427463,6746543.75106537);
INSERT INTO Observation (idObs,dateObs,heureObs,lieu_Lambert_X, lieu_Lambert_Y) VALUES (117+680,'2018-04-13',null,273368.668115993,6744282.68483483);
INSERT INTO Observation (idObs,dateObs,heureObs,lieu_Lambert_X, lieu_Lambert_Y) VALUES (118+680,'2018-04-13',null,287569.635813707,6743655.70858837);
INSERT INTO Observation (idObs,dateObs,heureObs,lieu_Lambert_X, lieu_Lambert_Y) VALUES (119+680,'2018-04-13',null,285909.131408485,6743390.9379588);
INSERT INTO Observation (idObs,dateObs,heureObs,lieu_Lambert_X, lieu_Lambert_Y) VALUES (120+680,'2018-04-13',null,279287.16243406,6745951.45463039);
INSERT INTO Observation (idObs,dateObs,heureObs,lieu_Lambert_X, lieu_Lambert_Y) VALUES (121+680,'2018-04-13',null,283330.561467117,6746080.10126362);
INSERT INTO Observation (idObs,dateObs,heureObs,lieu_Lambert_X, lieu_Lambert_Y) VALUES (122+680,'2018-04-13',null,282944.61162942,6743010.30747608);
INSERT INTO Observation (idObs,dateObs,heureObs,lieu_Lambert_X, lieu_Lambert_Y) VALUES (123+680,'2018-04-13',null,277448.885843425,6744831.77711759);
INSERT INTO Observation (idObs,dateObs,heureObs,lieu_Lambert_X, lieu_Lambert_Y) VALUES (124+680,'2018-04-13',null,281939.480287004,6727716.27754504);
INSERT INTO Observation (idObs,dateObs,heureObs,lieu_Lambert_X, lieu_Lambert_Y) VALUES (125+680,'2018-04-12',null,268351.746525565,6751737.82361573);
INSERT INTO Observation (idObs,dateObs,heureObs,lieu_Lambert_X, lieu_Lambert_Y) VALUES (126+680,'2018-04-12',null,263351.477540258,6747977.71252771);
INSERT INTO Observation (idObs,dateObs,heureObs,lieu_Lambert_X, lieu_Lambert_Y) VALUES (127+680,'2018-04-13',null,255175.280164223,6744449.99815923);
INSERT INTO Observation (idObs,dateObs,heureObs,lieu_Lambert_X, lieu_Lambert_Y) VALUES (128+680,'2018-04-13',null,258052.467816139,6747257.15416071);
INSERT INTO Observation (idObs,dateObs,heureObs,lieu_Lambert_X, lieu_Lambert_Y) VALUES (129+680,'2018-04-13',null,275712.112341732,6738861.21393822);
INSERT INTO Observation (idObs,dateObs,heureObs,lieu_Lambert_X, lieu_Lambert_Y) VALUES (130+680,'2018-04-13',null,275170.760900335,6737596.73070874);
INSERT INTO Observation (idObs,dateObs,heureObs,lieu_Lambert_X, lieu_Lambert_Y) VALUES (131+680,'2018-04-13',null,257283.073186516,6747318.62730445);


INSERT INTO AObserve (lObservation,lObservateur) VALUES (5+680,6+42);
INSERT INTO AObserve (lObservation,lObservateur) VALUES (5+680,4+42);
INSERT INTO AObserve (lObservation,lObservateur) VALUES (5+680,2+42);
INSERT INTO AObserve (lObservation,lObservateur) VALUES (5+680,3+42);
INSERT INTO AObserve (lObservation,lObservateur) VALUES (6+680,6+42);
INSERT INTO AObserve (lObservation,lObservateur) VALUES (6+680,4+42);
INSERT INTO AObserve (lObservation,lObservateur) VALUES (6+680,2+42);
INSERT INTO AObserve (lObservation,lObservateur) VALUES (6+680,3+42);
INSERT INTO AObserve (lObservation,lObservateur) VALUES (7+680,6+42);
INSERT INTO AObserve (lObservation,lObservateur) VALUES (7+680,4+42);
INSERT INTO AObserve (lObservation,lObservateur) VALUES (7+680,2+42);
INSERT INTO AObserve (lObservation,lObservateur) VALUES (7+680,3+42);
INSERT INTO AObserve (lObservation,lObservateur) VALUES (9+680,1+42);
INSERT INTO AObserve (lObservation,lObservateur) VALUES (9+680,2+42);
INSERT INTO AObserve (lObservation,lObservateur) VALUES (9+680,5+42);
INSERT INTO AObserve (lObservation,lObservateur) VALUES (10+680,1+42);
INSERT INTO AObserve (lObservation,lObservateur) VALUES (10+680,2+42);
INSERT INTO AObserve (lObservation,lObservateur) VALUES (10+680,5+42);
INSERT INTO AObserve (lObservation,lObservateur) VALUES (11+680,7+42);
INSERT INTO AObserve (lObservation,lObservateur) VALUES (12+680,1+42);
INSERT INTO AObserve (lObservation,lObservateur) VALUES (12+680,2+42);
INSERT INTO AObserve (lObservation,lObservateur) VALUES (12+680,5+42);
INSERT INTO AObserve (lObservation,lObservateur) VALUES (13+680,8+42);
INSERT INTO AObserve (lObservation,lObservateur) VALUES (13+680,4+42);
INSERT INTO AObserve (lObservation,lObservateur) VALUES (13+680,9+42);
INSERT INTO AObserve (lObservation,lObservateur) VALUES (14+680,8+42);
INSERT INTO AObserve (lObservation,lObservateur) VALUES (14+680,4+42);
INSERT INTO AObserve (lObservation,lObservateur) VALUES (14+680,9+42);
INSERT INTO AObserve (lObservation,lObservateur) VALUES (15+680,8+42);
INSERT INTO AObserve (lObservation,lObservateur) VALUES (15+680,4+42);
INSERT INTO AObserve (lObservation,lObservateur) VALUES (15+680,9+42);
INSERT INTO AObserve (lObservation,lObservateur) VALUES (17+680,8+42);
INSERT INTO AObserve (lObservation,lObservateur) VALUES (17+680,4+42);
INSERT INTO AObserve (lObservation,lObservateur) VALUES (17+680,9+42);
INSERT INTO AObserve (lObservation,lObservateur) VALUES (18+680,7+42);
INSERT INTO AObserve (lObservation,lObservateur) VALUES (18+680,11+42);
INSERT INTO AObserve (lObservation,lObservateur) VALUES (18+680,12+42);
INSERT INTO AObserve (lObservation,lObservateur) VALUES (19+680,8+42);
INSERT INTO AObserve (lObservation,lObservateur) VALUES (19+680,13+42);
INSERT INTO AObserve (lObservation,lObservateur) VALUES (21+680,8+42);
INSERT INTO AObserve (lObservation,lObservateur) VALUES (21+680,13+42);
INSERT INTO AObserve (lObservation,lObservateur) VALUES (22+680,8+42);
INSERT INTO AObserve (lObservation,lObservateur) VALUES (22+680,13+42);
INSERT INTO AObserve (lObservation,lObservateur) VALUES (23+680,7+42);
INSERT INTO AObserve (lObservation,lObservateur) VALUES (24+680,8+42);
INSERT INTO AObserve (lObservation,lObservateur) VALUES (24+680,4+42);
INSERT INTO AObserve (lObservation,lObservateur) VALUES (24+680,9+42);
INSERT INTO AObserve (lObservation,lObservateur) VALUES (27+680,7+42);
INSERT INTO AObserve (lObservation,lObservateur) VALUES (28+680,7+42);
INSERT INTO AObserve (lObservation,lObservateur) VALUES (29+680,7+42);
INSERT INTO AObserve (lObservation,lObservateur) VALUES (30+680,7+42);
INSERT INTO AObserve (lObservation,lObservateur) VALUES (32+680,4+42);
INSERT INTO AObserve (lObservation,lObservateur) VALUES (32+680,14+42);
INSERT INTO AObserve (lObservation,lObservateur) VALUES (33+680,4+42);
INSERT INTO AObserve (lObservation,lObservateur) VALUES (33+680,14+42);
INSERT INTO AObserve (lObservation,lObservateur) VALUES (34+680,4+42);
INSERT INTO AObserve (lObservation,lObservateur) VALUES (34+680,14+42);
INSERT INTO AObserve (lObservation,lObservateur) VALUES (35+680,4+42);
INSERT INTO AObserve (lObservation,lObservateur) VALUES (35+680,14+42);
INSERT INTO AObserve (lObservation,lObservateur) VALUES (36+680,4+42);
INSERT INTO AObserve (lObservation,lObservateur) VALUES (36+680,14+42);
INSERT INTO AObserve (lObservation,lObservateur) VALUES (37+680,15+42);
INSERT INTO AObserve (lObservation,lObservateur) VALUES (37+680,16+42);
INSERT INTO AObserve (lObservation,lObservateur) VALUES (37+680,17+42);
INSERT INTO AObserve (lObservation,lObservateur) VALUES (38+680,15+42);
INSERT INTO AObserve (lObservation,lObservateur) VALUES (38+680,16+42);
INSERT INTO AObserve (lObservation,lObservateur) VALUES (38+680,17+42);
INSERT INTO AObserve (lObservation,lObservateur) VALUES (39+680,15+42);
INSERT INTO AObserve (lObservation,lObservateur) VALUES (39+680,16+42);
INSERT INTO AObserve (lObservation,lObservateur) VALUES (39+680,17+42);
INSERT INTO AObserve (lObservation,lObservateur) VALUES (40+680,15+42);
INSERT INTO AObserve (lObservation,lObservateur) VALUES (40+680,16+42);
INSERT INTO AObserve (lObservation,lObservateur) VALUES (40+680,17+42);
INSERT INTO AObserve (lObservation,lObservateur) VALUES (41+680,18+42);
INSERT INTO AObserve (lObservation,lObservateur) VALUES (41+680,2+42);
INSERT INTO AObserve (lObservation,lObservateur) VALUES (42+680,18+42);
INSERT INTO AObserve (lObservation,lObservateur) VALUES (42+680,2+42);
INSERT INTO AObserve (lObservation,lObservateur) VALUES (43+680,1+42);
INSERT INTO AObserve (lObservation,lObservateur) VALUES (43+680,27+42);
INSERT INTO AObserve (lObservation,lObservateur) VALUES (43+680,9+42);
INSERT INTO AObserve (lObservation,lObservateur) VALUES (45+680,1+42);
INSERT INTO AObserve (lObservation,lObservateur) VALUES (45+680,27+42);
INSERT INTO AObserve (lObservation,lObservateur) VALUES (45+680,9+42);
INSERT INTO AObserve (lObservation,lObservateur) VALUES (46+680,1+42);
INSERT INTO AObserve (lObservation,lObservateur) VALUES (46+680,27+42);
INSERT INTO AObserve (lObservation,lObservateur) VALUES (46+680,9+42);
INSERT INTO AObserve (lObservation,lObservateur) VALUES (47+680,18+42);
INSERT INTO AObserve (lObservation,lObservateur) VALUES (47+680,2+42);
INSERT INTO AObserve (lObservation,lObservateur) VALUES (48+680,18+42);
INSERT INTO AObserve (lObservation,lObservateur) VALUES (48+680,2+42);
INSERT INTO AObserve (lObservation,lObservateur) VALUES (49+680,18+42);
INSERT INTO AObserve (lObservation,lObservateur) VALUES (49+680,2+42);
INSERT INTO AObserve (lObservation,lObservateur) VALUES (50+680,25+42);
INSERT INTO AObserve (lObservation,lObservateur) VALUES (50+680,14+42);
INSERT INTO AObserve (lObservation,lObservateur) VALUES (51+680,1+42);
INSERT INTO AObserve (lObservation,lObservateur) VALUES (51+680,2+42);
INSERT INTO AObserve (lObservation,lObservateur) VALUES (51+680,4+42);
INSERT INTO AObserve (lObservation,lObservateur) VALUES (51+680,19+42);
INSERT INTO AObserve (lObservation,lObservateur) VALUES (52+680,1+42);
INSERT INTO AObserve (lObservation,lObservateur) VALUES (52+680,2+42);
INSERT INTO AObserve (lObservation,lObservateur) VALUES (52+680,4+42);
INSERT INTO AObserve (lObservation,lObservateur) VALUES (52+680,19+42);
INSERT INTO AObserve (lObservation,lObservateur) VALUES (53+680,1+42);
INSERT INTO AObserve (lObservation,lObservateur) VALUES (53+680,2+42);
INSERT INTO AObserve (lObservation,lObservateur) VALUES (53+680,4+42);
INSERT INTO AObserve (lObservation,lObservateur) VALUES (53+680,19+42);
INSERT INTO AObserve (lObservation,lObservateur) VALUES (54+680,20+42);
INSERT INTO AObserve (lObservation,lObservateur) VALUES (54+680,9+42);
INSERT INTO AObserve (lObservation,lObservateur) VALUES (54+680,21+42);
INSERT INTO AObserve (lObservation,lObservateur) VALUES (55+680,20+42);
INSERT INTO AObserve (lObservation,lObservateur) VALUES (55+680,9+42);
INSERT INTO AObserve (lObservation,lObservateur) VALUES (55+680,21+42);
INSERT INTO AObserve (lObservation,lObservateur) VALUES (56+680,20+42);
INSERT INTO AObserve (lObservation,lObservateur) VALUES (56+680,9+42);
INSERT INTO AObserve (lObservation,lObservateur) VALUES (56+680,21+42);
INSERT INTO AObserve (lObservation,lObservateur) VALUES (57+680,20+42);
INSERT INTO AObserve (lObservation,lObservateur) VALUES (57+680,9+42);
INSERT INTO AObserve (lObservation,lObservateur) VALUES (57+680,21+42);
INSERT INTO AObserve (lObservation,lObservateur) VALUES (58+680,16+42);
INSERT INTO AObserve (lObservation,lObservateur) VALUES (58+680,22+42);
INSERT INTO AObserve (lObservation,lObservateur) VALUES (58+680,14+42);
INSERT INTO AObserve (lObservation,lObservateur) VALUES (59+680,23+42);
INSERT INTO AObserve (lObservation,lObservateur) VALUES (59+680,17+42);
INSERT INTO AObserve (lObservation,lObservateur) VALUES (60+680,16+42);
INSERT INTO AObserve (lObservation,lObservateur) VALUES (60+680,22+42);
INSERT INTO AObserve (lObservation,lObservateur) VALUES (60+680,14+42);
INSERT INTO AObserve (lObservation,lObservateur) VALUES (61+680,16+42);
INSERT INTO AObserve (lObservation,lObservateur) VALUES (61+680,22+42);
INSERT INTO AObserve (lObservation,lObservateur) VALUES (61+680,14+42);
INSERT INTO AObserve (lObservation,lObservateur) VALUES (62+680,23+42);
INSERT INTO AObserve (lObservation,lObservateur) VALUES (63+680,23+42);
INSERT INTO AObserve (lObservation,lObservateur) VALUES (64+680,23+42);
INSERT INTO AObserve (lObservation,lObservateur) VALUES (64+680,17+42);
INSERT INTO AObserve (lObservation,lObservateur) VALUES (65+680,7+42);
INSERT INTO AObserve (lObservation,lObservateur) VALUES (66+680,15+42);
INSERT INTO AObserve (lObservation,lObservateur) VALUES (66+680,1+42);
INSERT INTO AObserve (lObservation,lObservateur) VALUES (67+680,15+42);
INSERT INTO AObserve (lObservation,lObservateur) VALUES (67+680,1+42);
INSERT INTO AObserve (lObservation,lObservateur) VALUES (68+680,15+42);
INSERT INTO AObserve (lObservation,lObservateur) VALUES (68+680,1+42);
INSERT INTO AObserve (lObservation,lObservateur) VALUES (69+680,15+42);
INSERT INTO AObserve (lObservation,lObservateur) VALUES (69+680,1+42);
INSERT INTO AObserve (lObservation,lObservateur) VALUES (70+680,7+42);
INSERT INTO AObserve (lObservation,lObservateur) VALUES (71+680,7+42);
INSERT INTO AObserve (lObservation,lObservateur) VALUES (72+680,15+42);
INSERT INTO AObserve (lObservation,lObservateur) VALUES (72+680,24+42);
INSERT INTO AObserve (lObservation,lObservateur) VALUES (72+680,14+42);
INSERT INTO AObserve (lObservation,lObservateur) VALUES (72+680,17+42);
INSERT INTO AObserve (lObservation,lObservateur) VALUES (73+680,15+42);
INSERT INTO AObserve (lObservation,lObservateur) VALUES (73+680,24+42);
INSERT INTO AObserve (lObservation,lObservateur) VALUES (73+680,14+42);
INSERT INTO AObserve (lObservation,lObservateur) VALUES (73+680,17+42);
INSERT INTO AObserve (lObservation,lObservateur) VALUES (74+680,15+42);
INSERT INTO AObserve (lObservation,lObservateur) VALUES (74+680,24+42);
INSERT INTO AObserve (lObservation,lObservateur) VALUES (74+680,14+42);
INSERT INTO AObserve (lObservation,lObservateur) VALUES (74+680,17+42);
INSERT INTO AObserve (lObservation,lObservateur) VALUES (75+680,15+42);
INSERT INTO AObserve (lObservation,lObservateur) VALUES (75+680,24+42);
INSERT INTO AObserve (lObservation,lObservateur) VALUES (75+680,14+42);
INSERT INTO AObserve (lObservation,lObservateur) VALUES (75+680,17+42);
INSERT INTO AObserve (lObservation,lObservateur) VALUES (76+680,25+42);
INSERT INTO AObserve (lObservation,lObservateur) VALUES (76+680,26+42);
INSERT INTO AObserve (lObservation,lObservateur) VALUES (77+680,25+42);
INSERT INTO AObserve (lObservation,lObservateur) VALUES (77+680,26+42);
INSERT INTO AObserve (lObservation,lObservateur) VALUES (78+680,25+42);
INSERT INTO AObserve (lObservation,lObservateur) VALUES (78+680,26+42);
INSERT INTO AObserve (lObservation,lObservateur) VALUES (79+680,25+42);
INSERT INTO AObserve (lObservation,lObservateur) VALUES (79+680,26+42);
INSERT INTO AObserve (lObservation,lObservateur) VALUES (80+680,25+42);
INSERT INTO AObserve (lObservation,lObservateur) VALUES (80+680,26+42);
INSERT INTO AObserve (lObservation,lObservateur) VALUES (81+680,25+42);
INSERT INTO AObserve (lObservation,lObservateur) VALUES (81+680,26+42);
INSERT INTO AObserve (lObservation,lObservateur) VALUES (84+680,7+42);
INSERT INTO AObserve (lObservation,lObservateur) VALUES (84+680,11+42);
INSERT INTO AObserve (lObservation,lObservateur) VALUES (84+680,12+42);
INSERT INTO AObserve (lObservation,lObservateur) VALUES (85+680,7+42);
INSERT INTO AObserve (lObservation,lObservateur) VALUES (85+680,27+42);
INSERT INTO AObserve (lObservation,lObservateur) VALUES (85+680,2+42);
INSERT INTO AObserve (lObservation,lObservateur) VALUES (88+680,14+42);
INSERT INTO AObserve (lObservation,lObservateur) VALUES (88+680,28+42);
INSERT INTO AObserve (lObservation,lObservateur) VALUES (88+680,29+42);
INSERT INTO AObserve (lObservation,lObservateur) VALUES (88+680,6+42);
INSERT INTO AObserve (lObservation,lObservateur) VALUES (89+680,14+42);
INSERT INTO AObserve (lObservation,lObservateur) VALUES (89+680,28+42);
INSERT INTO AObserve (lObservation,lObservateur) VALUES (89+680,29+42);
INSERT INTO AObserve (lObservation,lObservateur) VALUES (89+680,6+42);
INSERT INTO AObserve (lObservation,lObservateur) VALUES (90+680,14+42);
INSERT INTO AObserve (lObservation,lObservateur) VALUES (90+680,28+42);
INSERT INTO AObserve (lObservation,lObservateur) VALUES (90+680,29+42);
INSERT INTO AObserve (lObservation,lObservateur) VALUES (90+680,6+42);
INSERT INTO AObserve (lObservation,lObservateur) VALUES (91+680,14+42);
INSERT INTO AObserve (lObservation,lObservateur) VALUES (91+680,28+42);
INSERT INTO AObserve (lObservation,lObservateur) VALUES (91+680,29+42);
INSERT INTO AObserve (lObservation,lObservateur) VALUES (91+680,6+42);
INSERT INTO AObserve (lObservation,lObservateur) VALUES (92+680,14+42);
INSERT INTO AObserve (lObservation,lObservateur) VALUES (92+680,28+42);
INSERT INTO AObserve (lObservation,lObservateur) VALUES (92+680,29+42);
INSERT INTO AObserve (lObservation,lObservateur) VALUES (92+680,6+42);
INSERT INTO AObserve (lObservation,lObservateur) VALUES (93+680,14+42);
INSERT INTO AObserve (lObservation,lObservateur) VALUES (93+680,28+42);
INSERT INTO AObserve (lObservation,lObservateur) VALUES (93+680,29+42);
INSERT INTO AObserve (lObservation,lObservateur) VALUES (93+680,6+42);
INSERT INTO AObserve (lObservation,lObservateur) VALUES (94+680,1+42);
INSERT INTO AObserve (lObservation,lObservateur) VALUES (94+680,14+42);
INSERT INTO AObserve (lObservation,lObservateur) VALUES (94+680,18+42);
INSERT INTO AObserve (lObservation,lObservateur) VALUES (95+680,1+42);
INSERT INTO AObserve (lObservation,lObservateur) VALUES (95+680,14+42);
INSERT INTO AObserve (lObservation,lObservateur) VALUES (95+680,18+42);
INSERT INTO AObserve (lObservation,lObservateur) VALUES (96+680,1+42);
INSERT INTO AObserve (lObservation,lObservateur) VALUES (96+680,14+42);
INSERT INTO AObserve (lObservation,lObservateur) VALUES (96+680,18+42);
INSERT INTO AObserve (lObservation,lObservateur) VALUES (97+680,1+42);
INSERT INTO AObserve (lObservation,lObservateur) VALUES (97+680,14+42);
INSERT INTO AObserve (lObservation,lObservateur) VALUES (97+680,18+42);
INSERT INTO AObserve (lObservation,lObservateur) VALUES (98+680,1+42);
INSERT INTO AObserve (lObservation,lObservateur) VALUES (98+680,14+42);
INSERT INTO AObserve (lObservation,lObservateur) VALUES (98+680,18+42);
INSERT INTO AObserve (lObservation,lObservateur) VALUES (99+680,6+42);
INSERT INTO AObserve (lObservation,lObservateur) VALUES (99+680,4+42);
INSERT INTO AObserve (lObservation,lObservateur) VALUES (99+680,2+42);
INSERT INTO AObserve (lObservation,lObservateur) VALUES (99+680,3+42);
INSERT INTO AObserve (lObservation,lObservateur) VALUES (100+680,6+42);
INSERT INTO AObserve (lObservation,lObservateur) VALUES (100+680,4+42);
INSERT INTO AObserve (lObservation,lObservateur) VALUES (100+680,2+42);
INSERT INTO AObserve (lObservation,lObservateur) VALUES (100+680,3+42);
INSERT INTO AObserve (lObservation,lObservateur) VALUES (101+680,4+42);
INSERT INTO AObserve (lObservation,lObservateur) VALUES (101+680,14+42);
INSERT INTO AObserve (lObservation,lObservateur) VALUES (102+680,1+42);
INSERT INTO AObserve (lObservation,lObservateur) VALUES (102+680,27+42);
INSERT INTO AObserve (lObservation,lObservateur) VALUES (102+680,9+42);
INSERT INTO AObserve (lObservation,lObservateur) VALUES (103+680,6+42);
INSERT INTO AObserve (lObservation,lObservateur) VALUES (103+680,4+42);
INSERT INTO AObserve (lObservation,lObservateur) VALUES (103+680,2+42);
INSERT INTO AObserve (lObservation,lObservateur) VALUES (103+680,3+42);
INSERT INTO AObserve (lObservation,lObservateur) VALUES (104+680,1+42);
INSERT INTO AObserve (lObservation,lObservateur) VALUES (104+680,4+42);
INSERT INTO AObserve (lObservation,lObservateur) VALUES (104+680,14+42);
INSERT INTO AObserve (lObservation,lObservateur) VALUES (106+680,15+42);
INSERT INTO AObserve (lObservation,lObservateur) VALUES (106+680,24+42);
INSERT INTO AObserve (lObservation,lObservateur) VALUES (106+680,14+42);
INSERT INTO AObserve (lObservation,lObservateur) VALUES (106+680,17+42);
INSERT INTO AObserve (lObservation,lObservateur) VALUES (108+680,15+42);
INSERT INTO AObserve (lObservation,lObservateur) VALUES (108+680,9+42);
INSERT INTO AObserve (lObservation,lObservateur) VALUES (109+680,15+42);
INSERT INTO AObserve (lObservation,lObservateur) VALUES (109+680,9+42);
INSERT INTO AObserve (lObservation,lObservateur) VALUES (110+680,15+42);
INSERT INTO AObserve (lObservation,lObservateur) VALUES (110+680,9+42);
INSERT INTO AObserve (lObservation,lObservateur) VALUES (111+680,15+42);
INSERT INTO AObserve (lObservation,lObservateur) VALUES (111+680,9+42);
INSERT INTO AObserve (lObservation,lObservateur) VALUES (112+680,15+42);
INSERT INTO AObserve (lObservation,lObservateur) VALUES (112+680,9+42);
INSERT INTO AObserve (lObservation,lObservateur) VALUES (113+680,15+42);
INSERT INTO AObserve (lObservation,lObservateur) VALUES (113+680,9+42);
INSERT INTO AObserve (lObservation,lObservateur) VALUES (115+680,15+42);
INSERT INTO AObserve (lObservation,lObservateur) VALUES (115+680,16+42);
INSERT INTO AObserve (lObservation,lObservateur) VALUES (115+680,17+42);
INSERT INTO AObserve (lObservation,lObservateur) VALUES (118+680,25+42);
INSERT INTO AObserve (lObservation,lObservateur) VALUES (118+680,14+42);
INSERT INTO AObserve (lObservation,lObservateur) VALUES (119+680,25+42);
INSERT INTO AObserve (lObservation,lObservateur) VALUES (119+680,14+42);
INSERT INTO AObserve (lObservation,lObservateur) VALUES (120+680,25+42);
INSERT INTO AObserve (lObservation,lObservateur) VALUES (120+680,14+42);
INSERT INTO AObserve (lObservation,lObservateur) VALUES (121+680,25+42);
INSERT INTO AObserve (lObservation,lObservateur) VALUES (121+680,14+42);
INSERT INTO AObserve (lObservation,lObservateur) VALUES (122+680,25+42);
INSERT INTO AObserve (lObservation,lObservateur) VALUES (122+680,14+42);
INSERT INTO AObserve (lObservation,lObservateur) VALUES (124+680,1+42);
INSERT INTO AObserve (lObservation,lObservateur) VALUES (124+680,14+42);
INSERT INTO AObserve (lObservation,lObservateur) VALUES (124+680,9+42);
INSERT INTO AObserve (lObservation,lObservateur) VALUES (124+680,17+42);
INSERT INTO AObserve (lObservation,lObservateur) VALUES (125+680,1+42);
INSERT INTO AObserve (lObservation,lObservateur) VALUES (125+680,2+42);
INSERT INTO AObserve (lObservation,lObservateur) VALUES (125+680,5+42);
INSERT INTO AObserve (lObservation,lObservateur) VALUES (126+680,1+42);
INSERT INTO AObserve (lObservation,lObservateur) VALUES (126+680,2+42);
INSERT INTO AObserve (lObservation,lObservateur) VALUES (126+680,5+42);
INSERT INTO AObserve (lObservation,lObservateur) VALUES (129+680,7+42);
INSERT INTO AObserve (lObservation,lObservateur) VALUES (130+680,7+42);

INSERT INTO Obs_Loutre (ObsL,commune,lieuDit,indice) VALUES (1+680,'PLOUGOUMELEN','Pont Sal','negatif');
INSERT INTO Obs_Loutre (ObsL,commune,lieuDit,indice) VALUES (2+680,'PLOUGOUMELEN','Pont Sal','negatif');
INSERT INTO Obs_Loutre (ObsL,commune,lieuDit,indice) VALUES (3+680,'PLOUGOUMELEN','Pont-er-Len','negatif');
INSERT INTO Obs_Loutre (ObsL,commune,lieuDit,indice) VALUES (4+680,'PLOUGOUMELEN','Bequerel','negatif');
INSERT INTO Obs_Loutre (ObsL,commune,lieuDit,indice) VALUES (5+680,'PLUNERET','Lescrezan','positif');
INSERT INTO Obs_Loutre (ObsL,commune,lieuDit,indice) VALUES (6+680,'PLUNERET','Leran','positif');
INSERT INTO Obs_Loutre (ObsL,commune,lieuDit,indice) VALUES (7+680,'PLUNERET','Moulin de Kervilio','positif');
INSERT INTO Obs_Loutre (ObsL,commune,lieuDit,indice) VALUES (8+680,'PLUNERET','Marvillo','positif');
INSERT INTO Obs_Loutre (ObsL,commune,lieuDit,indice) VALUES (9+680,'PLESCOP','Beaumarchais','positif');
INSERT INTO Obs_Loutre (ObsL,commune,lieuDit,indice) VALUES (10+680,'PLESCOP','Pont de Menessal','negatif');
INSERT INTO Obs_Loutre (ObsL,commune,lieuDit,indice) VALUES (11+680,null,'Le moustoir des fleurs','negatif');
INSERT INTO Obs_Loutre (ObsL,commune,lieuDit,indice) VALUES (12+680,'PLESCOP','Trezelo','negatif');
INSERT INTO Obs_Loutre (ObsL,commune,lieuDit,indice) VALUES (13+680,'PLESCOP','Moulin de Bot Lann','positif');
INSERT INTO Obs_Loutre (ObsL,commune,lieuDit,indice) VALUES (14+680,'SAINT AVE','La briqueterie','positif');
INSERT INTO Obs_Loutre (ObsL,commune,lieuDit,indice) VALUES (15+680,'SAINT AVE','le moulin de calric','positif');
INSERT INTO Obs_Loutre (ObsL,commune,lieuDit,indice) VALUES (16+680,'SAINT AVE','Burguin','non prospection');
INSERT INTO Obs_Loutre (ObsL,commune,lieuDit,indice) VALUES (17+680,'SAINT AVE','Lezellec','positif');
INSERT INTO Obs_Loutre (ObsL,commune,lieuDit,indice) VALUES (18+680,'SAINT AVE','Trehont','positif');
INSERT INTO Obs_Loutre (ObsL,commune,lieuDit,indice) VALUES (19+680,'PLOEREN','Le Garo','negatif');
INSERT INTO Obs_Loutre (ObsL,commune,lieuDit,indice) VALUES (20+680,'PLOEREN','Kenneurier','non prospection');
INSERT INTO Obs_Loutre (ObsL,commune,lieuDit,indice) VALUES (21+680,'PLESCOP','Le moustoire','negatif');
INSERT INTO Obs_Loutre (ObsL,commune,lieuDit,indice) VALUES (22+680,'PLESCOP','Trehuinec','positif');
INSERT INTO Obs_Loutre (ObsL,commune,lieuDit,indice) VALUES (23+680,'VANNES','Bodelhannec','negatif');
INSERT INTO Obs_Loutre (ObsL,commune,lieuDit,indice) VALUES (24+680,'VANNES','Le tenenio','negatif');
INSERT INTO Obs_Loutre (ObsL,commune,lieuDit,indice) VALUES (25+680,'VANNES','Kermesquel','negatif');
INSERT INTO Obs_Loutre (ObsL,commune,lieuDit,indice) VALUES (26+680,'NOYALO','Le pont de noyalo','positif');
INSERT INTO Obs_Loutre (ObsL,commune,lieuDit,indice) VALUES (27+680,'NOYALO','Pont grandic','positif');
INSERT INTO Obs_Loutre (ObsL,commune,lieuDit,indice) VALUES (28+680,'THEIX','Pont roz','positif');
INSERT INTO Obs_Loutre (ObsL,commune,lieuDit,indice) VALUES (29+680,'THEIX','Le moustoir','positif');
INSERT INTO Obs_Loutre (ObsL,commune,lieuDit,indice) VALUES (30+680,'THEIX','kercroix','positif');
INSERT INTO Obs_Loutre (ObsL,commune,lieuDit,indice) VALUES (31+680,'THEIX','Pont Malgoin','positif');
INSERT INTO Obs_Loutre (ObsL,commune,lieuDit,indice) VALUES (32+680,'THEIX','calzac moulin','negatif');
INSERT INTO Obs_Loutre (ObsL,commune,lieuDit,indice) VALUES (33+680,'THEIX','ker antoine','positif');
INSERT INTO Obs_Loutre (ObsL,commune,lieuDit,indice) VALUES (34+680,'THEIX','kergoual','positif');
INSERT INTO Obs_Loutre (ObsL,commune,lieuDit,indice) VALUES (35+680,'THEIX','le pontu','negatif');
INSERT INTO Obs_Loutre (ObsL,commune,lieuDit,indice) VALUES (36+680,'THEIX','le net','positif');
INSERT INTO Obs_Loutre (ObsL,commune,lieuDit,indice) VALUES (37+680,'SURZUR','kerbossen','negatif');
INSERT INTO Obs_Loutre (ObsL,commune,lieuDit,indice) VALUES (38+680,'SURZUR','lambre','negatif');
INSERT INTO Obs_Loutre (ObsL,commune,lieuDit,indice) VALUES (39+680,'SURZUR','kerbiren','positif');
INSERT INTO Obs_Loutre (ObsL,commune,lieuDit,indice) VALUES (40+680,'SARZEAU','quintin','positif');
INSERT INTO Obs_Loutre (ObsL,commune,lieuDit,indice) VALUES (41+680,'AMBON','pont de sule','negatif');
INSERT INTO Obs_Loutre (ObsL,commune,lieuDit,indice) VALUES (42+680,'AMBON','tremeret','negatif');
INSERT INTO Obs_Loutre (ObsL,commune,lieuDit,indice) VALUES (43+680,'AMBON','pont treube','negatif');
INSERT INTO Obs_Loutre (ObsL,commune,lieuDit,indice) VALUES (44+680,'AMBON','le prieure','negatif');
INSERT INTO Obs_Loutre (ObsL,commune,lieuDit,indice) VALUES (45+680,'AMBON','billion','negatif');
INSERT INTO Obs_Loutre (ObsL,commune,lieuDit,indice) VALUES (46+680,'AMBON','la lande du scloff','negatif');
INSERT INTO Obs_Loutre (ObsL,commune,lieuDit,indice) VALUES (47+680,'LAUZACH','pont de puil','negatif');
INSERT INTO Obs_Loutre (ObsL,commune,lieuDit,indice) VALUES (48+680,'LAUZACH','kerlonien','positif');
INSERT INTO Obs_Loutre (ObsL,commune,lieuDit,indice) VALUES (49+680,'BERRIC','le flahec','negatif');
INSERT INTO Obs_Loutre (ObsL,commune,lieuDit,indice) VALUES (50+680,'SULNIAC','le pont guil','positif');
INSERT INTO Obs_Loutre (ObsL,commune,lieuDit,indice) VALUES (51+680,'ELVEN','kerhelene','negatif');
INSERT INTO Obs_Loutre (ObsL,commune,lieuDit,indice) VALUES (52+680,'ELVEN','le goulet','negatif');
INSERT INTO Obs_Loutre (ObsL,commune,lieuDit,indice) VALUES (53+680,'ELVEN','le pont guilmet','positif');
INSERT INTO Obs_Loutre (ObsL,commune,lieuDit,indice) VALUES (54+680,'ELVEN','le moulin du helfau','positif');
INSERT INTO Obs_Loutre (ObsL,commune,lieuDit,indice) VALUES (55+680,'ELVEN','le lermont','positif');
INSERT INTO Obs_Loutre (ObsL,commune,lieuDit,indice) VALUES (56+680,'ELVEN','logodec','negatif');
INSERT INTO Obs_Loutre (ObsL,commune,lieuDit,indice) VALUES (57+680,'ELVEN','castel de tremegan','positif');
INSERT INTO Obs_Loutre (ObsL,commune,lieuDit,indice) VALUES (58+680,'ELVEN','largouet','positif');
INSERT INTO Obs_Loutre (ObsL,commune,lieuDit,indice) VALUES (59+680,'ELVEN','kerfuntel','negatif');
INSERT INTO Obs_Loutre (ObsL,commune,lieuDit,indice) VALUES (60+680,'ELVEN','lederin','positif');
INSERT INTO Obs_Loutre (ObsL,commune,lieuDit,indice) VALUES (61+680,'ELVEN','kerdure','positif');
INSERT INTO Obs_Loutre (ObsL,commune,lieuDit,indice) VALUES (62+680,'ELVEN','le clestro','positif');
INSERT INTO Obs_Loutre (ObsL,commune,lieuDit,indice) VALUES (63+680,'ELVEN','la cour','negatif');
INSERT INTO Obs_Loutre (ObsL,commune,lieuDit,indice) VALUES (64+680,'ELVEN','le moulin d elven','negatif');
INSERT INTO Obs_Loutre (ObsL,commune,lieuDit,indice) VALUES (65+680,'ELVEN','pont er guel','positif');
INSERT INTO Obs_Loutre (ObsL,commune,lieuDit,indice) VALUES (66+680,'MONTERBLANC','le bourg','negatif');
INSERT INTO Obs_Loutre (ObsL,commune,lieuDit,indice) VALUES (67+680,'MONTERBLANC','le procureur','positif');
INSERT INTO Obs_Loutre (ObsL,commune,lieuDit,indice) VALUES (68+680,'MONTERBLANC','kerdaneguy','positif');
INSERT INTO Obs_Loutre (ObsL,commune,lieuDit,indice) VALUES (69+680,'MONTERBLANC','kerveu','positif');
INSERT INTO Obs_Loutre (ObsL,commune,lieuDit,indice) VALUES (70+680,'ELVEN','le resto','negatif');
INSERT INTO Obs_Loutre (ObsL,commune,lieuDit,indice) VALUES (71+680,'ELVEN','moulin de clidan','positif');
INSERT INTO Obs_Loutre (ObsL,commune,lieuDit,indice) VALUES (72+680,'SAINT AVE','le porlair','positif');
INSERT INTO Obs_Loutre (ObsL,commune,lieuDit,indice) VALUES (73+680,'SAINT AVE','kerozer','negatif');
INSERT INTO Obs_Loutre (ObsL,commune,lieuDit,indice) VALUES (74+680,'SAINT AVE','feten hont','positif');
INSERT INTO Obs_Loutre (ObsL,commune,lieuDit,indice) VALUES (75+680,'SAINT AVE','moulin de lesneue','positif');
INSERT INTO Obs_Loutre (ObsL,commune,lieuDit,indice) VALUES (76+680,'SAINT NOLFF','le moulin du val','non prospection');
INSERT INTO Obs_Loutre (ObsL,commune,lieuDit,indice) VALUES (77+680,'SAINT NOLFF','le foulon','positif');
INSERT INTO Obs_Loutre (ObsL,commune,lieuDit,indice) VALUES (78+680,'SAINT NOLFF','le bourg','negatif');
INSERT INTO Obs_Loutre (ObsL,commune,lieuDit,indice) VALUES (79+680,'SAINT NOLFF','le vieux moulin','positif');
INSERT INTO Obs_Loutre (ObsL,commune,lieuDit,indice) VALUES (80+680,'SAINT NOLFF','gornay','negatif');
INSERT INTO Obs_Loutre (ObsL,commune,lieuDit,indice) VALUES (81+680,'SAINT NOLFF','lascouit','positif');
INSERT INTO Obs_Loutre (ObsL,commune,lieuDit,indice) VALUES (82+680,'TREFFLEAN','bizole','negatif');
INSERT INTO Obs_Loutre (ObsL,commune,lieuDit,indice) VALUES (83+680,'THEIX','corn er houet','positif');
INSERT INTO Obs_Loutre (ObsL,commune,lieuDit,indice) VALUES (84+680,'THEIX','le saindo','negatif');
INSERT INTO Obs_Loutre (ObsL,commune,lieuDit,indice) VALUES (85+680,'THEIX','saint leonard','positif');
INSERT INTO Obs_Loutre (ObsL,commune,lieuDit,indice) VALUES (86+680,'THEIX','kerpayen','positif');
INSERT INTO Obs_Loutre (ObsL,commune,lieuDit,indice) VALUES (87+680,'THEIX','bonnervo','non prospection');
INSERT INTO Obs_Loutre (ObsL,commune,lieuDit,indice) VALUES (88+680,'SENE','cantizac','negatif');
INSERT INTO Obs_Loutre (ObsL,commune,lieuDit,indice) VALUES (89+680,'VANNES','le prat','negatif');
INSERT INTO Obs_Loutre (ObsL,commune,lieuDit,indice) VALUES (90+680,'VANNES','poignan','positif');
INSERT INTO Obs_Loutre (ObsL,commune,lieuDit,indice) VALUES (91+680,'VANNES','etang au duc','positif');
INSERT INTO Obs_Loutre (ObsL,commune,lieuDit,indice) VALUES (92+680,'VANNES','liziec','positif');
INSERT INTO Obs_Loutre (ObsL,commune,lieuDit,indice) VALUES (93+680,'VANNES','poignan','negatif');
INSERT INTO Obs_Loutre (ObsL,commune,lieuDit,indice) VALUES (94+680,'PLUNERET','station pompage','positif');
INSERT INTO Obs_Loutre (ObsL,commune,lieuDit,indice) VALUES (95+680,'PLUNERET','moulin d estaing','positif');
INSERT INTO Obs_Loutre (ObsL,commune,lieuDit,indice) VALUES (96+680,'PLUNERET','moulin d estaing','positif');
INSERT INTO Obs_Loutre (ObsL,commune,lieuDit,indice) VALUES (97+680,'PLUNERET','treauray','negatif');
INSERT INTO Obs_Loutre (ObsL,commune,lieuDit,indice) VALUES (98+680,'PLUNERET','moulin d estaing','positif');
INSERT INTO Obs_Loutre (ObsL,commune,lieuDit,indice) VALUES (99+680,'PLUNERET','Treveiven','negatif');
INSERT INTO Obs_Loutre (ObsL,commune,lieuDit,indice) VALUES (100+680,'PLESCOP','Luzern','positif');
INSERT INTO Obs_Loutre (ObsL,commune,lieuDit,indice) VALUES (101+680,'SULNIAC','Pebeyec','negatif');
INSERT INTO Obs_Loutre (ObsL,commune,lieuDit,indice) VALUES (102+680,'SURZUR','Cosqueric','negatif');
INSERT INTO Obs_Loutre (ObsL,commune,lieuDit,indice) VALUES (103+680,'PLUNERET','Kergoho','negatif');
INSERT INTO Obs_Loutre (ObsL,commune,lieuDit,indice) VALUES (104+680,'DAMGAN','station de lagunage','negatif');
INSERT INTO Obs_Loutre (ObsL,commune,lieuDit,indice) VALUES (105+680,'LAUZACH','Le Cosuero','negatif');
INSERT INTO Obs_Loutre (ObsL,commune,lieuDit,indice) VALUES (106+680,'MONTERBLANC','Mongolerian','negatif');
INSERT INTO Obs_Loutre (ObsL,commune,lieuDit,indice) VALUES (107+680,'THEIX','kerpayen','positif');
INSERT INTO Obs_Loutre (ObsL,commune,lieuDit,indice) VALUES (108+680,'CRACH','Pontroual','negatif');
INSERT INTO Obs_Loutre (ObsL,commune,lieuDit,indice) VALUES (109+680,'CRACH','Toul er Hah','negatif');
INSERT INTO Obs_Loutre (ObsL,commune,lieuDit,indice) VALUES (110+680,'CRACH','Pont Pesked','negatif');
INSERT INTO Obs_Loutre (ObsL,commune,lieuDit,indice) VALUES (111+680,'CRACH','Pont Varec','negatif');
INSERT INTO Obs_Loutre (ObsL,commune,lieuDit,indice) VALUES (112+680,'CRACH','Bequerel','negatif');
INSERT INTO Obs_Loutre (ObsL,commune,lieuDit,indice) VALUES (113+680,'CRACH','Les quatre chemins','negatif');
INSERT INTO Obs_Loutre (ObsL,commune,lieuDit,indice) VALUES (114+680,'THEIX','Pont Bugat','negatif');
INSERT INTO Obs_Loutre (ObsL,commune,lieuDit,indice) VALUES (115+680,'LE HEZO','Etang de lezuis','positif');
INSERT INTO Obs_Loutre (ObsL,commune,lieuDit,indice) VALUES (116+680,'SAINT AVE','La briqueterie','positif');
INSERT INTO Obs_Loutre (ObsL,commune,lieuDit,indice) VALUES (117+680,'THEIX','le saindo','negatif');
INSERT INTO Obs_Loutre (ObsL,commune,lieuDit,indice) VALUES (118+680,'SULNIAC','La Hallaye','negatif');
INSERT INTO Obs_Loutre (ObsL,commune,lieuDit,indice) VALUES (119+680,'SULNIAC','Ste Margueritte','negatif');
INSERT INTO Obs_Loutre (ObsL,commune,lieuDit,indice) VALUES (120+680,'TREFFLEAN','Lanvoz','negatif');
INSERT INTO Obs_Loutre (ObsL,commune,lieuDit,indice) VALUES (121+680,'SULNIAC','Trino','positif');
INSERT INTO Obs_Loutre (ObsL,commune,lieuDit,indice) VALUES (122+680,'SULNIAC','Moulin de Treguere','negatif');
INSERT INTO Obs_Loutre (ObsL,commune,lieuDit,indice) VALUES (123+680,'SULNIAC','Tregal','positif');
INSERT INTO Obs_Loutre (ObsL,commune,lieuDit,indice) VALUES (124+680,'DAMGAN','Loch','negatif');
INSERT INTO Obs_Loutre (ObsL,commune,lieuDit,indice) VALUES (125+680,'MEUCON','Le Guerneve','negatif');
INSERT INTO Obs_Loutre (ObsL,commune,lieuDit,indice) VALUES (126+680,'PLESCOP','Leslegot','negatif');
INSERT INTO Obs_Loutre (ObsL,commune,lieuDit,indice) VALUES (127+680,'PLOUGOUMELEN','Le Moulin de Kervilio','non prospection');
INSERT INTO Obs_Loutre (ObsL,commune,lieuDit,indice) VALUES (128+680,'PLOUGOUMELEN','Tremodec','positif');
INSERT INTO Obs_Loutre (ObsL,commune,lieuDit,indice) VALUES (129+680,'NOYALO','Kernicole','positif');
INSERT INTO Obs_Loutre (ObsL,commune,lieuDit,indice) VALUES (130+680,'NOYALO','Per Prad Bily','positif');
INSERT INTO Obs_Loutre (ObsL,commune,lieuDit,indice) VALUES (131+680,'PLOUGOUMELEN','Treverno','positif');