
-- Basé sur le travail du groupe 2C2, modifs de LNAERT
-- Rajouter le lien entre observateur et observation

DELETE FROM Obs_Hippocampe;


INSERT INTO Lieu VALUES(266355.27, 6732979.36);
INSERT INTO Observation VALUES(1+889,'2015-01-01',NULL,266355.27,6732979.36);
INSERT INTO Obs_Hippocampe VALUES(1+889,'Syngnathus acus','femelle',10,'casierCrevettes',NULL,0);
INSERT INTO Observation VALUES(2+889,'2015-01-01',NULL,266355.27,6732979.36);
INSERT INTO Obs_Hippocampe VALUES(2+889,'Syngnathus acus','femelle',10,'casierCrevettes',NULL,0);
INSERT INTO Observation VALUES(3+889,'2015-01-01',NULL,266355.27,6732979.36);
INSERT INTO Obs_Hippocampe VALUES(3+889,'Syngnathus acus','femelle',10,'casierCrevettes',NULL,0);
INSERT INTO Observation VALUES(4+889,'2015-01-01',NULL,266355.27,6732979.36);
INSERT INTO Obs_Hippocampe VALUES(4+889,'Syngnathus acus','femelle',10,'casierCrevettes',NULL,0);
INSERT INTO Observation VALUES(5+889,'2015-01-01',NULL,266355.27,6732979.36);
INSERT INTO Obs_Hippocampe VALUES(5+889,'Syngnathus acus','femelle',10,'casierCrevettes',NULL,0);
INSERT INTO Observation VALUES(6+889,'2015-01-01',NULL,266355.27,6732979.36);
INSERT INTO Obs_Hippocampe VALUES(6+889,'Syngnathus acus','femelle',10,'casierCrevettes',NULL,0);
INSERT INTO Observation VALUES(7+889,'2015-01-01',NULL,266355.27,6732979.36);
INSERT INTO Obs_Hippocampe VALUES(7+889,'Syngnathus acus','male',10,'casierCrevettes',NULL,0);

INSERT INTO Lieu VALUES(269079.75, 6737861.11);
INSERT INTO Observation VALUES(8+889,'2015-01-01',NULL,269079.75,6737861.11);
INSERT INTO Obs_Hippocampe VALUES(8+889,'Syngnathus acus','femelle',10,'casierCrevettes',NULL,0);
INSERT INTO Observation VALUES(9+889,'2015-01-01',NULL,269079.75,6737861.11);
INSERT INTO Obs_Hippocampe VALUES(9+889,'Syngnathus acus','femelle',10,'casierCrevettes',NULL,0);
INSERT INTO Observation VALUES(10+889,'2015-01-01',NULL,269079.75,6737861.11);
INSERT INTO Obs_Hippocampe VALUES(10+889,'Syngnathus acus','femelle',10,'casierCrevettes',NULL,0);
INSERT INTO Observation VALUES(11+889,'2015-01-01',NULL,269079.75,6737861.11);
INSERT INTO Obs_Hippocampe VALUES(11+889,'Syngnathus acus','male',10,'casierCrevettes',NULL,0);

INSERT INTO Lieu VALUES(267568.22, 6741489.57);
INSERT INTO Observation VALUES(12+889,'2015-01-01',NULL,267568.22,6741489.57);
INSERT INTO Obs_Hippocampe VALUES(12+889,'Hippocampus guttulatus','femelle',11,'casierMorgates',NULL,0);

INSERT INTO Lieu VALUES(268043.33, 6734211.25);
INSERT INTO Observation VALUES(13+889,'2015-01-01',NULL,268043.33,6734211.25);
INSERT INTO Obs_Hippocampe VALUES(13+889,'Hippocampus guttulatus','femelle',11,'casierMorgates',NULL,0);

INSERT INTO Lieu VALUES(266793.51, 6734302.55);
INSERT INTO Observation VALUES(14+889,'2015-01-01',NULL,266793.51,6734302.55);
INSERT INTO Obs_Hippocampe VALUES(14+889,'Hippocampus guttulatus','male',11,'casierMorgates',NULL,0);

INSERT INTO Lieu VALUES(267613.71, 6734264.26);
INSERT INTO Observation VALUES(15+889,'2015-01-01',NULL,267613.71,6734264.26);
INSERT INTO Obs_Hippocampe VALUES(15+889,'Hippocampus guttulatus','male',15,'verveuxAnguilles',NULL,0);
INSERT INTO Observation VALUES(16+889,'2015-01-01',NULL,267613.71,6734264.26);
INSERT INTO Obs_Hippocampe VALUES(16+889,'Hippocampus guttulatus','male',15,'verveuxAnguilles',NULL,0);
INSERT INTO Observation VALUES(17+889,'2015-01-01',NULL,267613.71,6734264.26);
INSERT INTO Obs_Hippocampe VALUES(17+889,'Hippocampus guttulatus','male',15,'verveuxAnguilles',NULL,0);
INSERT INTO Observation VALUES(18+889,'2015-01-01',NULL,267613.71,6734264.26);
INSERT INTO Obs_Hippocampe VALUES(18+889,'Hippocampus guttulatus','male',15,'verveuxAnguilles',NULL,0);
INSERT INTO Observation VALUES(19+889,'2015-01-01',NULL,267613.71,6734264.26);
INSERT INTO Obs_Hippocampe VALUES(19+889,'Hippocampus guttulatus','male',15,'verveuxAnguilles',NULL,0);
INSERT INTO Observation VALUES(20+889,'2015-01-01',NULL,267613.71,6734264.26);
INSERT INTO Obs_Hippocampe VALUES(20+889,'Hippocampus guttulatus','femelle',15,'verveuxAnguilles',NULL,0);
INSERT INTO Observation VALUES(21+889,'2015-01-01',NULL,267613.71,6734264.26);
INSERT INTO Obs_Hippocampe VALUES(21+889,'Hippocampus guttulatus','femelle',15,'verveuxAnguilles',NULL,0);
INSERT INTO Observation VALUES(22+889,'2015-01-01',NULL,267613.71,6734264.26);
INSERT INTO Obs_Hippocampe VALUES(22+889,'Hippocampus guttulatus','male',15,'verveuxAnguilles',NULL,0);
INSERT INTO Observation VALUES(23+889,'2015-01-01',NULL,267613.71,6734264.26);
INSERT INTO Obs_Hippocampe VALUES(23+889,'Hippocampus guttulatus','male',15,'verveuxAnguilles',NULL,0);
INSERT INTO Observation VALUES(24+889,'2015-01-01',NULL,267613.71,6734264.26);
INSERT INTO Obs_Hippocampe VALUES(24+889,'Hippocampus guttulatus','femelle',15,'verveuxAnguilles',NULL,0);
INSERT INTO Observation VALUES(25+889,'2015-01-01',NULL,267613.71,6734264.26);
INSERT INTO Obs_Hippocampe VALUES(25+889,'Hippocampus guttulatus','femelle',15,'verveuxAnguilles',NULL,0);
INSERT INTO Observation VALUES(26+889,'2015-01-01',NULL,267613.71,6734264.26);
INSERT INTO Obs_Hippocampe VALUES(26+889,'Hippocampus guttulatus','femelle',15,'verveuxAnguilles',NULL,0);
INSERT INTO Observation VALUES(27+889,'2015-01-01',NULL,267613.71,6734264.26);
INSERT INTO Obs_Hippocampe VALUES(27+889,'Hippocampus guttulatus','male',15,'verveuxAnguilles',NULL,0);
INSERT INTO Observation VALUES(28+889,'2015-01-01',NULL,267613.71,6734264.26);
INSERT INTO Obs_Hippocampe VALUES(28+889,'Syngnathus acus','femelle',15,'verveuxAnguilles',NULL,0);
INSERT INTO Observation VALUES(29+889,'2015-01-01',NULL,267613.71,6734264.26);
INSERT INTO Obs_Hippocampe VALUES(29+889,'Hippocampus guttulatus','male',15,'verveuxAnguilles',NULL,0);
INSERT INTO Observation VALUES(30+889,'2015-01-01',NULL,267613.71,6734264.26);
INSERT INTO Obs_Hippocampe VALUES(30+889,'Hippocampus guttulatus','male',15,'verveuxAnguilles',NULL,0);
INSERT INTO Observation VALUES(31+889,'2015-01-01',NULL,267613.71,6734264.26);
INSERT INTO Obs_Hippocampe VALUES(31+889,'Hippocampus guttulatus','male',15,'verveuxAnguilles',NULL,0);
INSERT INTO Observation VALUES(32+889,'2015-01-01',NULL,267613.71,6734264.26);
INSERT INTO Obs_Hippocampe VALUES(32+889,'Hippocampus guttulatus','male',15,'verveuxAnguilles',NULL,0);
INSERT INTO Observation VALUES(33+889,'2015-01-01',NULL,267613.71,6734264.26);
INSERT INTO Obs_Hippocampe VALUES(33+889,'Hippocampus guttulatus','male',15,'verveuxAnguilles',NULL,0);
INSERT INTO Observation VALUES(34+889,'2015-01-01',NULL,267613.71,6734264.26);
INSERT INTO Obs_Hippocampe VALUES(34+889,'Hippocampus guttulatus','femelle',15,'verveuxAnguilles',NULL,0);
INSERT INTO Observation VALUES(35+889,'2015-01-01',NULL,267613.71,6734264.26);
INSERT INTO Obs_Hippocampe VALUES(35+889,'Hippocampus guttulatus','femelle',15,'verveuxAnguilles',NULL,0);

INSERT INTO Lieu VALUES(268411.72, 6734184.38);
INSERT INTO Observation VALUES(36+889,'2015-01-01',NULL,268411.72,6734184.38);
INSERT INTO Obs_Hippocampe VALUES(36+889,'Hippocampus guttulatus','male',15,'verveuxAnguilles',NULL,0);
INSERT INTO Observation VALUES(37+889,'2015-01-01',NULL,268411.72,6734184.38);
INSERT INTO Obs_Hippocampe VALUES(37+889,'Hippocampus guttulatus','male',15,'verveuxAnguilles',NULL,0);
INSERT INTO Observation VALUES(38+889,'2015-01-01',NULL,268411.72,6734184.38);
INSERT INTO Obs_Hippocampe VALUES(38+889,'Hippocampus guttulatus','male',15,'verveuxAnguilles',NULL,0);
INSERT INTO Observation VALUES(39+889,'2015-01-01',NULL,268411.72,6734184.38);
INSERT INTO Obs_Hippocampe VALUES(39+889,'Hippocampus guttulatus','femelle',15,'verveuxAnguilles',NULL,0);
INSERT INTO Observation VALUES(40+889,'2015-01-01',NULL,268411.72,6734184.38);
INSERT INTO Obs_Hippocampe VALUES(40+889,'Syngnathus acus','femelle',15,'verveuxAnguilles',NULL,0);

INSERT INTO Lieu VALUES(268190.31, 6734200.53);
INSERT INTO Observation VALUES(41+889,'2015-01-01',NULL,268190.31,6734200.53);
INSERT INTO Obs_Hippocampe VALUES(41+889,'Hippocampus guttulatus','male',15,'verveuxAnguilles',NULL,0);
INSERT INTO Observation VALUES(42+889,'2015-01-01',NULL,268190.31,6734200.53);
INSERT INTO Obs_Hippocampe VALUES(42+889,'Hippocampus guttulatus','male',15,'verveuxAnguilles',NULL,0);
INSERT INTO Observation VALUES(43+889,'2015-01-01',NULL,268190.31,6734200.53);
INSERT INTO Obs_Hippocampe VALUES(43+889,'Hippocampus guttulatus','femelle',15,'verveuxAnguilles',NULL,0);
INSERT INTO Observation VALUES(44+889,'2015-01-01',NULL,268190.31,6734200.53);
INSERT INTO Obs_Hippocampe VALUES(44+889,'Syngnathus acus','femelle',15,'verveuxAnguilles',NULL,0);
INSERT INTO Observation VALUES(45+889,'2015-01-01',NULL,268190.31,6734200.53);
INSERT INTO Obs_Hippocampe VALUES(45+889,'Syngnathus acus','femelle',15,'verveuxAnguilles',NULL,0);
INSERT INTO Observation VALUES(46+889,'2015-01-01',NULL,268190.31,6734200.53);
INSERT INTO Obs_Hippocampe VALUES(46+889,'Syngnathus acus','femelle',15,'verveuxAnguilles',NULL,0);
INSERT INTO Observation VALUES(47+889,'2015-01-01',NULL,268190.31,6734200.53);
INSERT INTO Obs_Hippocampe VALUES(47+889,'Hippocampus guttulatus','male',15,'verveuxAnguilles',NULL,0);
INSERT INTO Observation VALUES(48+889,'2015-01-01',NULL,268190.31,6734200.53);
INSERT INTO Obs_Hippocampe VALUES(48+889,'Hippocampus guttulatus','male',15,'verveuxAnguilles',NULL,0);
INSERT INTO Observation VALUES(49+889,'2015-01-01',NULL,268190.31,6734200.53);
INSERT INTO Obs_Hippocampe VALUES(49+889,'Hippocampus guttulatus','male',15,'verveuxAnguilles',NULL,0);
INSERT INTO Observation VALUES(50+889,'2015-01-01',NULL,268190.31,6734200.53);
INSERT INTO Obs_Hippocampe VALUES(50+889,'Hippocampus guttulatus','femelle',15,'verveuxAnguilles',NULL,0);
INSERT INTO Observation VALUES(51+889,'2015-01-01',NULL,268190.31,6734200.53);
INSERT INTO Obs_Hippocampe VALUES(51+889,'Syngnathus acus','femelle',15,'verveuxAnguilles',NULL,0);

INSERT INTO Lieu VALUES(268215.99, 6734712.29);
INSERT INTO Observation VALUES(52+889,'2015-01-01',NULL,268215.99,6734712.29);
INSERT INTO Obs_Hippocampe VALUES(52+889,'Hippocampus guttulatus','male',15,'verveuxAnguilles',NULL,0);
INSERT INTO Observation VALUES(53+889,'2015-01-01',NULL,268215.99,6734712.29);
INSERT INTO Obs_Hippocampe VALUES(53+889,'Hippocampus guttulatus','male',15,'verveuxAnguilles',NULL,0);
INSERT INTO Observation VALUES(54+889,'2015-01-01',NULL,268215.99,6734712.29);
INSERT INTO Obs_Hippocampe VALUES(54+889,'Hippocampus guttulatus','male',15,'verveuxAnguilles',NULL,0);
INSERT INTO Observation VALUES(55+889,'2015-01-01',NULL,268215.99,6734712.29);
INSERT INTO Obs_Hippocampe VALUES(55+889,'Hippocampus guttulatus','male',15,'verveuxAnguilles',NULL,0);
INSERT INTO Observation VALUES(56+889,'2015-01-01',NULL,268215.99,6734712.29);
INSERT INTO Obs_Hippocampe VALUES(56+889,'Hippocampus guttulatus','femelle',15,'verveuxAnguilles',NULL,0);
INSERT INTO Observation VALUES(57+889,'2015-01-01',NULL,268215.99,6734712.29);
INSERT INTO Obs_Hippocampe VALUES(57+889,'Hippocampus guttulatus','male',15,'verveuxAnguilles',NULL,0);

INSERT INTO Lieu VALUES(269158.85, 6732273.51);
INSERT INTO Observation VALUES(58+889,'2015-01-01',NULL,269158.85,6732273.51);
INSERT INTO Obs_Hippocampe VALUES(58+889,'Hippocampus guttulatus','male',15,'verveuxAnguilles',NULL,0);
INSERT INTO Observation VALUES(59+889,'2015-01-01',NULL,269158.85,6732273.51);
INSERT INTO Obs_Hippocampe VALUES(59+889,'Hippocampus guttulatus','male',15,'verveuxAnguilles',NULL,0);
INSERT INTO Observation VALUES(60+889,'2015-01-01',NULL,269158.85,6732273.51);
INSERT INTO Obs_Hippocampe VALUES(60+889,'Hippocampus guttulatus','male',15,'verveuxAnguilles',NULL,0);
INSERT INTO Observation VALUES(61+889,'2015-01-01',NULL,269158.85,6732273.51);
INSERT INTO Obs_Hippocampe VALUES(61+889,'Hippocampus guttulatus','male',15,'verveuxAnguilles',NULL,0);
INSERT INTO Observation VALUES(62+889,'2015-01-01',NULL,269158.85,6732273.51);
INSERT INTO Obs_Hippocampe VALUES(62+889,'Hippocampus guttulatus','male',15,'verveuxAnguilles',NULL,0);
INSERT INTO Observation VALUES(63+889,'2015-01-01',NULL,269158.85,6732273.51);
INSERT INTO Obs_Hippocampe VALUES(63+889,'Hippocampus guttulatus','femelle',15,'verveuxAnguilles',NULL,0);
INSERT INTO Observation VALUES(64+889,'2015-01-01',NULL,269158.85,6732273.51);
INSERT INTO Obs_Hippocampe VALUES(64+889,'Hippocampus guttulatus','male',15,'verveuxAnguilles',NULL,0);
INSERT INTO Observation VALUES(65+889,'2015-01-01',NULL,269158.85,6732273.51);
INSERT INTO Obs_Hippocampe VALUES(65+889,'Hippocampus guttulatus','male',15,'verveuxAnguilles',NULL,0);
INSERT INTO Observation VALUES(66+889,'2015-01-01',NULL,269158.85,6732273.51);
INSERT INTO Obs_Hippocampe VALUES(66+889,'Syngnathus acus','femelle',15,'verveuxAnguilles',NULL,0);
INSERT INTO Observation VALUES(67+889,'2015-01-01',NULL,269158.85,6732273.51);
INSERT INTO Obs_Hippocampe VALUES(67+889,'Hippocampus guttulatus','male',15,'verveuxAnguilles',NULL,0);
INSERT INTO Observation VALUES(68+889,'2015-01-01',NULL,269158.85,6732273.51);
INSERT INTO Obs_Hippocampe VALUES(68+889,'Hippocampus guttulatus','male',15,'verveuxAnguilles',NULL,0);
INSERT INTO Observation VALUES(69+889,'2015-01-01',NULL,269158.85,6732273.51);
INSERT INTO Obs_Hippocampe VALUES(69+889,'Hippocampus guttulatus','male',15,'verveuxAnguilles',NULL,0);

INSERT INTO Lieu VALUES(264293.91, 6734485.95);
INSERT INTO Observation VALUES(70+889,'2015-01-01',NULL,264293.91,6734485.95);
INSERT INTO Obs_Hippocampe VALUES(70+889,'Hippocampus guttulatus','male',NULL,'casierMorgates',NULL,0);

INSERT INTO Lieu VALUES(265679.19, 6736240.75);
INSERT INTO Observation VALUES(71+889,'2015-01-01',NULL,265679.19,6736240.75);
INSERT INTO Obs_Hippocampe VALUES(71+889,'Hippocampus guttulatus','male',12,'casierMorgates',NULL,0);
INSERT INTO Observation VALUES(72+889,'2015-01-01',NULL,265679.19,6736240.75);
INSERT INTO Obs_Hippocampe VALUES(72+889,'Hippocampus guttulatus','male',12,'casierMorgates',NULL,0);
INSERT INTO Observation VALUES(73+889,'2015-01-01',NULL,265679.19,6736240.75);
INSERT INTO Obs_Hippocampe VALUES(73+889,'Hippocampus guttulatus','femelle',12,'casierMorgates',NULL,0);
INSERT INTO Observation VALUES(74+889,'2015-01-01',NULL,266793.51,6734302.55);
INSERT INTO Obs_Hippocampe VALUES(74+889,'Hippocampus guttulatus','femelle',12,'casierMorgates',NULL,0);
INSERT INTO Observation VALUES(75+889,'2015-01-01',NULL,266793.51,6734302.55);
INSERT INTO Obs_Hippocampe VALUES(75+889,'Hippocampus hippocampus','male',12,'casierMorgates',NULL,0);

INSERT INTO Lieu VALUES(269293.18, 6734120.2);
INSERT INTO Observation VALUES(76+889,'2015-01-01',NULL,269293.18,6734120.2);
INSERT INTO Obs_Hippocampe VALUES(76+889,'Hippocampus guttulatus','male',12,'casierMorgates',NULL,0);

INSERT INTO Lieu VALUES(266658.41, 6732455.91);
INSERT INTO Observation VALUES(77+889,'2015-01-01',NULL,266658.41,6732455.91);
INSERT INTO Obs_Hippocampe VALUES(77+889,'Hippocampus guttulatus','femelle',17,'verveuxAnguilles',NULL,0);

INSERT INTO Lieu VALUES(267908.62, 6732364.58);
INSERT INTO Observation VALUES(78+889,'2015-01-01',NULL,267908.62,6732364.58);
INSERT INTO Obs_Hippocampe VALUES(78+889,'Hippocampus guttulatus','male',17,'verveuxAnguilles',NULL,0);
INSERT INTO Observation VALUES(79+889,'2015-01-01',NULL,267908.62,6732364.58);
INSERT INTO Obs_Hippocampe VALUES(79+889,'Hippocampus guttulatus','male',17,'verveuxAnguilles',NULL,0);
INSERT INTO Observation VALUES(80+889,'2015-01-01',NULL,267908.62,6732364.58);
INSERT INTO Obs_Hippocampe VALUES(80+889,'Hippocampus guttulatus','femelle',17,'verveuxAnguilles',NULL,0);
INSERT INTO Observation VALUES(81+889,'2015-01-01',NULL,267908.62,6732364.58);
INSERT INTO Obs_Hippocampe VALUES(81+889,'Hippocampus guttulatus','femelle',17,'verveuxAnguilles',NULL,0);
INSERT INTO Observation VALUES(82+889,'2015-01-01',NULL,267908.62,6732364.58);
INSERT INTO Obs_Hippocampe VALUES(82+889,'Hippocampus guttulatus','femelle',17,'verveuxAnguilles',NULL,0);
INSERT INTO Observation VALUES(83+889,'2015-01-01',NULL,267908.62,6732364.58);
INSERT INTO Obs_Hippocampe VALUES(83+889,'Hippocampus guttulatus','male',17,'verveuxAnguilles',NULL,0);
INSERT INTO Observation VALUES(84+889,'2015-01-01',NULL,267908.62,6732364.58);
INSERT INTO Obs_Hippocampe VALUES(84+889,'Hippocampus guttulatus','male',17,'verveuxAnguilles',NULL,0);
INSERT INTO Observation VALUES(85+889,'2015-01-01',NULL,267908.62,6732364.58);
INSERT INTO Obs_Hippocampe VALUES(85+889,'Hippocampus guttulatus','male',17,'verveuxAnguilles',NULL,0);
INSERT INTO Observation VALUES(86+889,'2015-01-01',NULL,267908.62,6732364.58);
INSERT INTO Obs_Hippocampe VALUES(86+889,'Hippocampus guttulatus','male',17,'verveuxAnguilles',NULL,0);
INSERT INTO Observation VALUES(87+889,'2015-01-01',NULL,267908.62,6732364.58);
INSERT INTO Obs_Hippocampe VALUES(87+889,'Hippocampus guttulatus','male',17,'verveuxAnguilles',NULL,0);
INSERT INTO Observation VALUES(88+889,'2015-01-01',NULL,267908.62,6732364.58);
INSERT INTO Obs_Hippocampe VALUES(88+889,'Hippocampus guttulatus','femelle',17,'verveuxAnguilles',NULL,0);
INSERT INTO Observation VALUES(89+889,'2015-01-01',NULL,267908.62,6732364.58);
INSERT INTO Obs_Hippocampe VALUES(89+889,'Hippocampus guttulatus','male',17,'verveuxAnguilles',NULL,0);
INSERT INTO Observation VALUES(90+889,'2015-01-01',NULL,267908.62,6732364.58);
INSERT INTO Obs_Hippocampe VALUES(90+889,'Hippocampus guttulatus','femelle',17,'verveuxAnguilles',NULL,0);
INSERT INTO Observation VALUES(91+889,'2015-01-01',NULL,267908.62,6732364.58);
INSERT INTO Obs_Hippocampe VALUES(91+889,'Hippocampus guttulatus','femelle',17,'verveuxAnguilles',NULL,0);
INSERT INTO Observation VALUES(92+889,'2015-01-01',NULL,267908.62,6732364.58);
INSERT INTO Obs_Hippocampe VALUES(92+889,'Hippocampus guttulatus','femelle',17,'verveuxAnguilles',NULL,0);
INSERT INTO Observation VALUES(93+889,'2015-01-01',NULL,267908.62,6732364.58);
INSERT INTO Obs_Hippocampe VALUES(93+889,'Syngnathus acus','femelle',17,'verveuxAnguilles',NULL,0);
INSERT INTO Observation VALUES(94+889,'2015-01-01',NULL,267908.62,6732364.58);
INSERT INTO Obs_Hippocampe VALUES(94+889,'Hippocampus guttulatus','male',17,'verveuxAnguilles',NULL,0);
INSERT INTO Observation VALUES(95+889,'2015-01-01',NULL,267908.62,6732364.58);
INSERT INTO Obs_Hippocampe VALUES(95+889,'Hippocampus guttulatus','male',17,'verveuxAnguilles',NULL,0);
INSERT INTO Observation VALUES(96+889,'2015-01-01',NULL,267908.62,6732364.58);
INSERT INTO Obs_Hippocampe VALUES(96+889,'Hippocampus guttulatus','male',17,'verveuxAnguilles',NULL,0);
INSERT INTO Observation VALUES(97+889,'2015-01-01',NULL,267908.62,6732364.58);
INSERT INTO Obs_Hippocampe VALUES(97+889,'Hippocampus guttulatus','male',17,'verveuxAnguilles',NULL,0);
INSERT INTO Observation VALUES(98+889,'2015-01-01',NULL,267908.62,6732364.58);
INSERT INTO Obs_Hippocampe VALUES(98+889,'Hippocampus guttulatus','femelle',17,'verveuxAnguilles',NULL,0);
INSERT INTO Observation VALUES(99+889,'2015-01-01',NULL,267908.62,6732364.58);
INSERT INTO Obs_Hippocampe VALUES(99+889,'Hippocampus guttulatus','femelle',17,'verveuxAnguilles',NULL,0);
INSERT INTO Observation VALUES(100+889,'2015-01-01',NULL,267908.62,6732364.58);
INSERT INTO Obs_Hippocampe VALUES(100+889,'Hippocampus guttulatus','male',17,'verveuxAnguilles',NULL,0);
INSERT INTO Observation VALUES(101+889,'2015-01-01',NULL,267908.62,6732364.58);
INSERT INTO Obs_Hippocampe VALUES(101+889,'Hippocampus guttulatus','male',17,'verveuxAnguilles',NULL,0);
INSERT INTO Observation VALUES(102+889,'2015-01-01',NULL,267908.62,6732364.58);
INSERT INTO Obs_Hippocampe VALUES(102+889,'Hippocampus guttulatus','male',17,'verveuxAnguilles',NULL,0);
INSERT INTO Observation VALUES(103+889,'2015-01-01',NULL,267908.62,6732364.58);
INSERT INTO Obs_Hippocampe VALUES(103+889,'Hippocampus guttulatus','male',17,'verveuxAnguilles',NULL,0);
INSERT INTO Observation VALUES(104+889,'2015-01-01',NULL,267908.62,6732364.58);
INSERT INTO Obs_Hippocampe VALUES(104+889,'Hippocampus guttulatus','male',17,'verveuxAnguilles',NULL,0);
INSERT INTO Observation VALUES(105+889,'2015-01-01',NULL,267908.62,6732364.58);
INSERT INTO Obs_Hippocampe VALUES(105+889,'Hippocampus guttulatus','male',17,'verveuxAnguilles',NULL,0);
INSERT INTO Observation VALUES(106+889,'2015-01-01',NULL,269158.85,6732273.51);
INSERT INTO Obs_Hippocampe VALUES(106+889,'Hippocampus guttulatus','femelle',17,'verveuxAnguilles',NULL,0);
INSERT INTO Observation VALUES(107+889,'2015-01-01',NULL,269158.85,6732273.51);
INSERT INTO Obs_Hippocampe VALUES(107+889,'Hippocampus guttulatus','male',17,'verveuxAnguilles',NULL,0);
INSERT INTO Observation VALUES(108+889,'2015-01-01',NULL,267908.62,6732364.58);
INSERT INTO Obs_Hippocampe VALUES(108+889,'Hippocampus guttulatus','male',17,'verveuxAnguilles',NULL,0);
INSERT INTO Observation VALUES(109+889,'2015-01-01',NULL,267908.62,6732364.58);
INSERT INTO Obs_Hippocampe VALUES(109+889,'Hippocampus guttulatus','male',17,'verveuxAnguilles',NULL,0);
INSERT INTO Observation VALUES(110+889,'2015-01-01',NULL,267908.62,6732364.58);
INSERT INTO Obs_Hippocampe VALUES(110+889,'Hippocampus guttulatus','femelle',17,'verveuxAnguilles',NULL,0);
INSERT INTO Observation VALUES(111+889,'2015-01-01',NULL,267908.62,6732364.58);
INSERT INTO Obs_Hippocampe VALUES(111+889,'Hippocampus hippocampus','male',17,'verveuxAnguilles',NULL,0);
INSERT INTO Observation VALUES(112+889,'2015-01-01',NULL,269158.85,6732273.51);
INSERT INTO Obs_Hippocampe VALUES(112+889,'Hippocampus guttulatus','male',17,'verveuxAnguilles',NULL,0);
INSERT INTO Observation VALUES(113+889,'2015-01-01',NULL,269158.85,6732273.51);
INSERT INTO Obs_Hippocampe VALUES(113+889,'Hippocampus guttulatus','male',17,'verveuxAnguilles',NULL,0);
INSERT INTO Observation VALUES(114+889,'2015-01-01',NULL,269158.85,6732273.51);
INSERT INTO Obs_Hippocampe VALUES(114+889,'Hippocampus guttulatus','male',17,'verveuxAnguilles',NULL,0);
INSERT INTO Observation VALUES(115+889,'2015-01-01',NULL,269158.85,6732273.51);
INSERT INTO Obs_Hippocampe VALUES(115+889,'Hippocampus guttulatus','male',17,'verveuxAnguilles',NULL,0);
INSERT INTO Observation VALUES(116+889,'2015-01-01',NULL,269158.85,6732273.51);
INSERT INTO Obs_Hippocampe VALUES(116+889,'Hippocampus guttulatus','femelle',17,'verveuxAnguilles',NULL,0);
INSERT INTO Observation VALUES(117+889,'2015-01-01',NULL,269158.85,6732273.51);
INSERT INTO Obs_Hippocampe VALUES(117+889,'Hippocampus guttulatus','femelle',17,'verveuxAnguilles',NULL,0);
INSERT INTO Observation VALUES(118+889,'2015-01-01',NULL,269158.85,6732273.51);
INSERT INTO Obs_Hippocampe VALUES(118+889,'Syngnathus acus','femelle',17,'verveuxAnguilles',NULL,0);
INSERT INTO Observation VALUES(119+889,'2015-01-01',NULL,269158.85,6732273.51);
INSERT INTO Obs_Hippocampe VALUES(119+889,'Hippocampus guttulatus','male',17,'verveuxAnguilles',NULL,0);
INSERT INTO Observation VALUES(120+889,'2015-01-01',NULL,269158.85,6732273.51);
INSERT INTO Obs_Hippocampe VALUES(120+889,'Hippocampus guttulatus','femelle',17,'verveuxAnguilles',NULL,0);
INSERT INTO Observation VALUES(121+889,'2015-01-01',NULL,269158.85,6732273.51);
INSERT INTO Obs_Hippocampe VALUES(121+889,'Hippocampus guttulatus','femelle',17,'verveuxAnguilles',NULL,0);
INSERT INTO Observation VALUES(122+889,'2015-01-01',NULL,269158.85,6732273.51);
INSERT INTO Obs_Hippocampe VALUES(122+889,'Syngnathus acus','femelle',17,'verveuxAnguilles',NULL,0);
INSERT INTO Observation VALUES(123+889,'2015-01-01',NULL,269158.85,6732273.51);
INSERT INTO Obs_Hippocampe VALUES(123+889,'Hippocampus guttulatus','male',17,'verveuxAnguilles',NULL,0);
INSERT INTO Observation VALUES(124+889,'2015-01-01',NULL,269158.85,6732273.51);
INSERT INTO Obs_Hippocampe VALUES(124+889,'Hippocampus guttulatus','male',17,'verveuxAnguilles',NULL,0);
INSERT INTO Observation VALUES(125+889,'2015-01-01',NULL,269158.85,6732273.51);
INSERT INTO Obs_Hippocampe VALUES(125+889,'Hippocampus guttulatus','femelle',17,'verveuxAnguilles',NULL,0);
INSERT INTO Observation VALUES(126+889,'2015-01-01',NULL,269158.85,6732273.51);
INSERT INTO Obs_Hippocampe VALUES(126+889,'Hippocampus guttulatus','femelle',17,'verveuxAnguilles',NULL,0);
INSERT INTO Observation VALUES(127+889,'2015-01-01',NULL,269158.85,6732273.51);
INSERT INTO Obs_Hippocampe VALUES(127+889,'Hippocampus guttulatus','male',17,'verveuxAnguilles',NULL,0);
INSERT INTO Observation VALUES(128+889,'2015-01-01',NULL,269158.85,6732273.51);
INSERT INTO Obs_Hippocampe VALUES(128+889,'Hippocampus guttulatus','male',17,'verveuxAnguilles',NULL,0);
INSERT INTO Observation VALUES(129+889,'2015-01-01',NULL,269158.85,6732273.51);
INSERT INTO Obs_Hippocampe VALUES(129+889,'Hippocampus guttulatus','male',17,'verveuxAnguilles',NULL,0);
INSERT INTO Observation VALUES(130+889,'2015-01-01',NULL,269158.85,6732273.51);
INSERT INTO Obs_Hippocampe VALUES(130+889,'Hippocampus guttulatus','femelle',17,'verveuxAnguilles',NULL,0);
INSERT INTO Observation VALUES(131+889,'2015-01-01',NULL,269158.85,6732273.51);
INSERT INTO Obs_Hippocampe VALUES(131+889,'Hippocampus guttulatus','femelle',17,'verveuxAnguilles',NULL,0);
INSERT INTO Observation VALUES(132+889,'2015-01-01',NULL,269158.85,6732273.51);
INSERT INTO Obs_Hippocampe VALUES(132+889,'Hippocampus guttulatus','femelle',17,'verveuxAnguilles',NULL,0);
INSERT INTO Observation VALUES(133+889,'2015-01-01',NULL,269158.85,6732273.51);
INSERT INTO Obs_Hippocampe VALUES(133+889,'Hippocampus guttulatus','femelle',17,'verveuxAnguilles',NULL,0);
INSERT INTO Observation VALUES(134+889,'2015-01-01',NULL,267908.62,6732364.58);
INSERT INTO Obs_Hippocampe VALUES(134+889,'Hippocampus guttulatus','male',17,'verveuxAnguilles',NULL,0);
INSERT INTO Observation VALUES(135+889,'2015-01-01',NULL,267908.62,6732364.58);
INSERT INTO Obs_Hippocampe VALUES(135+889,'Hippocampus guttulatus','femelle',17,'verveuxAnguilles',NULL,0);
INSERT INTO Observation VALUES(136+889,'2015-01-01',NULL,269158.85,6732273.51);
INSERT INTO Obs_Hippocampe VALUES(136+889,'Hippocampus guttulatus','femelle',17,'verveuxAnguilles',NULL,0);
INSERT INTO Observation VALUES(137+889,'2015-01-01',NULL,269158.85,6732273.51);
INSERT INTO Obs_Hippocampe VALUES(137+889,'Hippocampus guttulatus','male',17,'verveuxAnguilles',NULL,0);
INSERT INTO Observation VALUES(138+889,'2015-01-01',NULL,269158.85,6732273.51);
INSERT INTO Obs_Hippocampe VALUES(138+889,'Hippocampus guttulatus','male',17,'verveuxAnguilles',NULL,0);
INSERT INTO Observation VALUES(139+889,'2015-01-01',NULL,269158.85,6732273.51);
INSERT INTO Obs_Hippocampe VALUES(139+889,'Hippocampus guttulatus','male',17,'verveuxAnguilles',NULL,0);
INSERT INTO Observation VALUES(140+889,'2015-01-01',NULL,264293.91,6734485.95);
INSERT INTO Obs_Hippocampe VALUES(140+889,'Hippocampus guttulatus','male',NULL,'casierCrevettes',NULL,0);
INSERT INTO Observation VALUES(141+889,'2015-01-01',NULL,264293.91,6734485.95);
INSERT INTO Obs_Hippocampe VALUES(141+889,'Hippocampus guttulatus','femelle',NULL,'casierCrevettes',NULL,0);
INSERT INTO Observation VALUES(142+889,'2015-01-01',NULL,264293.91,6734485.95);
INSERT INTO Obs_Hippocampe VALUES(142+889,'Hippocampus guttulatus','femelle',NULL,'casierCrevettes',NULL,0);
INSERT INTO Observation VALUES(143+889,'2015-01-01',NULL,264293.91,6734485.95);
INSERT INTO Obs_Hippocampe VALUES(143+889,'Hippocampus guttulatus','femelle',NULL,'casierCrevettes',NULL,0);
INSERT INTO Observation VALUES(144+889,'2015-01-01',NULL,264293.91,6734485.95);
INSERT INTO Obs_Hippocampe VALUES(144+889,'Hippocampus guttulatus','femelle',NULL,'casierCrevettes',NULL,0);
INSERT INTO Observation VALUES(145+889,'2015-01-01',NULL,264293.91,6734485.95);
INSERT INTO Obs_Hippocampe VALUES(145+889,'Hippocampus guttulatus','male',NULL,'casierCrevettes',NULL,0);
INSERT INTO Observation VALUES(146+889,'2015-01-01',NULL,264293.91,6734485.95);
INSERT INTO Obs_Hippocampe VALUES(146+889,'Hippocampus guttulatus','femelle',NULL,'casierCrevettes',NULL,0);
INSERT INTO Observation VALUES(147+889,'2015-01-01',NULL,264293.91,6734485.95);
INSERT INTO Obs_Hippocampe VALUES(147+889,'Hippocampus guttulatus','male',NULL,'petitFilet',NULL,0);
INSERT INTO Observation VALUES(148+889,'2015-01-01',NULL,269158.85,6732273.51);
INSERT INTO Obs_Hippocampe VALUES(148+889,'Hippocampus guttulatus','femelle',20,'verveuxAnguilles',NULL,0);
INSERT INTO Observation VALUES(149+889,'2015-01-01',NULL,269158.85,6732273.51);
INSERT INTO Obs_Hippocampe VALUES(149+889,'Hippocampus guttulatus','male',20,'verveuxAnguilles',NULL,0);
INSERT INTO Observation VALUES(150+889,'2015-01-01',NULL,269158.85,6732273.51);
INSERT INTO Obs_Hippocampe VALUES(150+889,'Hippocampus guttulatus','femelle',20,'verveuxAnguilles',NULL,0);
INSERT INTO Observation VALUES(151+889,'2015-01-01',NULL,269158.85,6732273.51);
INSERT INTO Obs_Hippocampe VALUES(151+889,'Hippocampus guttulatus','femelle',20,'verveuxAnguilles',NULL,0);
INSERT INTO Observation VALUES(152+889,'2015-01-01',NULL,269158.85,6732273.51);
INSERT INTO Obs_Hippocampe VALUES(152+889,'Hippocampus guttulatus','male',20,'verveuxAnguilles',NULL,0);
INSERT INTO Observation VALUES(153+889,'2015-01-01',NULL,269158.85,6732273.51);
INSERT INTO Obs_Hippocampe VALUES(153+889,'Hippocampus guttulatus','femelle',20,'verveuxAnguilles',NULL,0);
INSERT INTO Observation VALUES(154+889,'2015-01-01',NULL,269293.18,6734120.2);
INSERT INTO Obs_Hippocampe VALUES(154+889,'Hippocampus guttulatus','male',20,'verveuxAnguilles',NULL,0);
INSERT INTO Observation VALUES(155+889,'2015-01-01',NULL,269293.18,6734120.2);
INSERT INTO Obs_Hippocampe VALUES(155+889,'Hippocampus guttulatus','femelle',20,'verveuxAnguilles',NULL,0);
INSERT INTO Observation VALUES(156+889,'2015-01-01',NULL,269293.18,6734120.2);
INSERT INTO Obs_Hippocampe VALUES(156+889,'Hippocampus guttulatus','femelle',20,'verveuxAnguilles',NULL,0);
INSERT INTO Observation VALUES(157+889,'2015-01-01',NULL,269293.18,6734120.2);
INSERT INTO Obs_Hippocampe VALUES(157+889,'Hippocampus guttulatus','femelle',20,'verveuxAnguilles',NULL,0);
INSERT INTO Observation VALUES(158+889,'2015-01-01',NULL,269293.18,6734120.2);
INSERT INTO Obs_Hippocampe VALUES(158+889,'Hippocampus guttulatus','femelle',20,'verveuxAnguilles',NULL,0);
INSERT INTO Observation VALUES(159+889,'2015-01-01',NULL,269293.18,6734120.2);
INSERT INTO Obs_Hippocampe VALUES(159+889,'Hippocampus guttulatus','male',20,'verveuxAnguilles',NULL,0);
INSERT INTO Observation VALUES(160+889,'2015-01-01',NULL,269293.18,6734120.2);
INSERT INTO Obs_Hippocampe VALUES(160+889,'Hippocampus guttulatus','male',20,'verveuxAnguilles',NULL,0);
INSERT INTO Observation VALUES(161+889,'2015-01-01',NULL,269293.18,6734120.2);
INSERT INTO Obs_Hippocampe VALUES(161+889,'Hippocampus guttulatus','femelle',20,'verveuxAnguilles',NULL,0);
INSERT INTO Observation VALUES(162+889,'2015-01-01',NULL,269293.18,6734120.2);
INSERT INTO Obs_Hippocampe VALUES(162+889,'Hippocampus guttulatus','femelle',20,'verveuxAnguilles',NULL,0);
INSERT INTO Observation VALUES(163+889,'2015-01-01',NULL,269293.18,6734120.2);
INSERT INTO Obs_Hippocampe VALUES(163+889,'Hippocampus guttulatus','femelle',20,'verveuxAnguilles',NULL,0);
INSERT INTO Observation VALUES(164+889,'2015-01-01',NULL,269293.18,6734120.2);
INSERT INTO Obs_Hippocampe VALUES(164+889,'Hippocampus guttulatus','femelle',20,'verveuxAnguilles',NULL,0);
INSERT INTO Observation VALUES(165+889,'2015-01-01',NULL,269293.18,6734120.2);
INSERT INTO Obs_Hippocampe VALUES(165+889,'Hippocampus guttulatus','femelle',20,'verveuxAnguilles',NULL,0);
INSERT INTO Observation VALUES(166+889,'2015-01-01',NULL,269293.18,6734120.2);
INSERT INTO Obs_Hippocampe VALUES(166+889,'Hippocampus guttulatus','femelle',20,'verveuxAnguilles',NULL,0);
INSERT INTO Observation VALUES(167+889,'2015-01-01',NULL,269293.18,6734120.2);
INSERT INTO Obs_Hippocampe VALUES(167+889,'Hippocampus guttulatus','male',20,'verveuxAnguilles',NULL,0);
INSERT INTO Observation VALUES(168+889,'2015-01-01',NULL,269293.18,6734120.2);
INSERT INTO Obs_Hippocampe VALUES(168+889,'Hippocampus guttulatus','femelle',20,'verveuxAnguilles',NULL,0);
INSERT INTO Observation VALUES(169+889,'2015-01-01',NULL,269293.18,6734120.2);
INSERT INTO Obs_Hippocampe VALUES(169+889,'Syngnathus acus','femelle',20,'verveuxAnguilles',NULL,0);
INSERT INTO Observation VALUES(170+889,'2015-01-01',NULL,269293.18,6734120.2);
INSERT INTO Obs_Hippocampe VALUES(170+889,'Syngnathus acus','femelle',20,'verveuxAnguilles',NULL,0);
INSERT INTO Observation VALUES(171+889,'2015-01-01',NULL,269293.18,6734120.2);
INSERT INTO Obs_Hippocampe VALUES(171+889,'Hippocampus guttulatus','male',20,'verveuxAnguilles',NULL,0);
INSERT INTO Observation VALUES(172+889,'2015-01-01',NULL,269293.18,6734120.2);
INSERT INTO Obs_Hippocampe VALUES(172+889,'Hippocampus guttulatus','femelle',20,'verveuxAnguilles',NULL,0);
INSERT INTO Observation VALUES(173+889,'2015-01-01',NULL,269293.18,6734120.2);
INSERT INTO Obs_Hippocampe VALUES(173+889,'Hippocampus guttulatus','femelle',20,'verveuxAnguilles',NULL,0);
INSERT INTO Observation VALUES(174+889,'2015-01-01',NULL,269293.18,6734120.2);
INSERT INTO Obs_Hippocampe VALUES(174+889,'Hippocampus guttulatus','femelle',20,'verveuxAnguilles',NULL,0);
INSERT INTO Observation VALUES(175+889,'2015-01-01',NULL,269293.18,6734120.2);
INSERT INTO Obs_Hippocampe VALUES(175+889,'Hippocampus guttulatus','male',20,'verveuxAnguilles',NULL,0);
INSERT INTO Observation VALUES(176+889,'2015-01-01',NULL,269293.18,6734120.2);
INSERT INTO Obs_Hippocampe VALUES(176+889,'Hippocampus guttulatus','male',20,'verveuxAnguilles',NULL,0);
INSERT INTO Observation VALUES(177+889,'2015-01-01',NULL,269293.18,6734120.2);
INSERT INTO Obs_Hippocampe VALUES(177+889,'Hippocampus guttulatus','male',20,'verveuxAnguilles',NULL,0);
INSERT INTO Observation VALUES(178+889,'2015-01-01',NULL,269293.18,6734120.2);
INSERT INTO Obs_Hippocampe VALUES(178+889,'Hippocampus guttulatus','femelle',20,'verveuxAnguilles',NULL,0);
INSERT INTO Observation VALUES(179+889,'2015-01-01',NULL,269293.18,6734120.2);
INSERT INTO Obs_Hippocampe VALUES(179+889,'Hippocampus guttulatus','femelle',20,'verveuxAnguilles',NULL,0);
INSERT INTO Observation VALUES(180+889,'2015-01-01',NULL,269293.18,6734120.2);
INSERT INTO Obs_Hippocampe VALUES(180+889,'Hippocampus guttulatus','male',20,'verveuxAnguilles',NULL,0);
INSERT INTO Observation VALUES(181+889,'2015-01-01',NULL,269293.18,6734120.2);
INSERT INTO Obs_Hippocampe VALUES(181+889,'Hippocampus guttulatus','femelle',20,'verveuxAnguilles',NULL,0);
INSERT INTO Observation VALUES(182+889,'2015-01-01',NULL,269293.18,6734120.2);
INSERT INTO Obs_Hippocampe VALUES(182+889,'Hippocampus guttulatus','femelle',20,'verveuxAnguilles',NULL,0);
INSERT INTO Observation VALUES(183+889,'2015-01-01',NULL,269293.18,6734120.2);
INSERT INTO Obs_Hippocampe VALUES(183+889,'Hippocampus guttulatus','femelle',20,'verveuxAnguilles',NULL,0);
INSERT INTO Observation VALUES(184+889,'2015-01-01',NULL,269293.18,6734120.2);
INSERT INTO Obs_Hippocampe VALUES(184+889,'Hippocampus guttulatus','femelle',20,'verveuxAnguilles',NULL,0);
INSERT INTO Observation VALUES(185+889,'2015-01-01',NULL,269293.18,6734120.2);
INSERT INTO Obs_Hippocampe VALUES(185+889,'Hippocampus guttulatus','femelle',20,'verveuxAnguilles',NULL,0);
INSERT INTO Observation VALUES(186+889,'2015-01-01',NULL,269293.18,6734120.2);
INSERT INTO Obs_Hippocampe VALUES(186+889,'Hippocampus guttulatus','femelle',20,'verveuxAnguilles',NULL,0);
INSERT INTO Observation VALUES(187+889,'2015-01-01',NULL,269293.18,6734120.2);
INSERT INTO Obs_Hippocampe VALUES(187+889,'Hippocampus guttulatus','male',20,'verveuxAnguilles',NULL,0);
INSERT INTO Observation VALUES(188+889,'2015-01-01',NULL,269293.18,6734120.2);
INSERT INTO Obs_Hippocampe VALUES(188+889,'Hippocampus guttulatus','femelle',20,'verveuxAnguilles',NULL,0);
INSERT INTO Observation VALUES(189+889,'2015-01-01',NULL,269293.18,6734120.2);
INSERT INTO Obs_Hippocampe VALUES(189+889,'Hippocampus guttulatus','male',20,'verveuxAnguilles',NULL,0);
INSERT INTO Observation VALUES(190+889,'2015-01-01',NULL,269293.18,6734120.2);
INSERT INTO Obs_Hippocampe VALUES(190+889,'Hippocampus guttulatus','femelle',20,'verveuxAnguilles',NULL,0);
INSERT INTO Observation VALUES(191+889,'2015-01-01',NULL,269293.18,6734120.2);
INSERT INTO Obs_Hippocampe VALUES(191+889,'Hippocampus guttulatus','male',20,'verveuxAnguilles',NULL,0);
INSERT INTO Observation VALUES(192+889,'2015-01-01',NULL,269293.18,6734120.2);
INSERT INTO Obs_Hippocampe VALUES(192+889,'Hippocampus guttulatus','femelle',20,'verveuxAnguilles',NULL,0);
INSERT INTO Observation VALUES(193+889,'2015-01-01',NULL,269293.18,6734120.2);
INSERT INTO Obs_Hippocampe VALUES(193+889,'Hippocampus guttulatus','male',20,'verveuxAnguilles',NULL,0);
INSERT INTO Observation VALUES(194+889,'2015-01-01',NULL,269293.18,6734120.2);
INSERT INTO Obs_Hippocampe VALUES(194+889,'Hippocampus guttulatus','femelle',20,'verveuxAnguilles',NULL,0);
INSERT INTO Observation VALUES(195+889,'2015-01-01',NULL,269293.18,6734120.2);
INSERT INTO Obs_Hippocampe VALUES(195+889,'Hippocampus guttulatus','femelle',20,'verveuxAnguilles',NULL,0);
INSERT INTO Observation VALUES(196+889,'2015-01-01',NULL,269293.18,6734120.2);
INSERT INTO Obs_Hippocampe VALUES(196+889,'Hippocampus guttulatus','femelle',20,'verveuxAnguilles',NULL,0);
INSERT INTO Observation VALUES(197+889,'2015-01-01',NULL,269293.18,6734120.2);
INSERT INTO Obs_Hippocampe VALUES(197+889,'Hippocampus guttulatus','femelle',20,'verveuxAnguilles',NULL,0);
INSERT INTO Observation VALUES(198+889,'2015-01-01',NULL,269293.18,6734120.2);
INSERT INTO Obs_Hippocampe VALUES(198+889,'Hippocampus guttulatus','femelle',20,'verveuxAnguilles',NULL,0);
INSERT INTO Observation VALUES(199+889,'2015-01-01',NULL,269293.18,6734120.2);
INSERT INTO Obs_Hippocampe VALUES(199+889,'Syngnathus acus','femelle',20,'verveuxAnguilles',NULL,0);
INSERT INTO Observation VALUES(200+889,'2015-01-01',NULL,269293.18,6734120.2);
INSERT INTO Obs_Hippocampe VALUES(200+889,'Hippocampus guttulatus','male',20,'verveuxAnguilles',NULL,0);
INSERT INTO Observation VALUES(201+889,'2015-01-01',NULL,269293.18,6734120.2);
INSERT INTO Obs_Hippocampe VALUES(201+889,'Hippocampus guttulatus','femelle',20,'verveuxAnguilles',NULL,0);
INSERT INTO Observation VALUES(202+889,'2015-01-01',NULL,269293.18,6734120.2);
INSERT INTO Obs_Hippocampe VALUES(202+889,'Hippocampus guttulatus','femelle',20,'verveuxAnguilles',NULL,0);
INSERT INTO Observation VALUES(203+889,'2015-01-01',NULL,269293.18,6734120.2);
INSERT INTO Obs_Hippocampe VALUES(203+889,'Hippocampus guttulatus','male',20,'verveuxAnguilles',NULL,0);
INSERT INTO Observation VALUES(204+889,'2015-01-01',NULL,269293.18,6734120.2);
INSERT INTO Obs_Hippocampe VALUES(204+889,'Hippocampus guttulatus','femelle',20,'verveuxAnguilles',NULL,0);
INSERT INTO Observation VALUES(205+889,'2015-01-01',NULL,269293.18,6734120.2);
INSERT INTO Obs_Hippocampe VALUES(205+889,'Hippocampus guttulatus','femelle',20,'verveuxAnguilles',NULL,0);
INSERT INTO Observation VALUES(206+889,'2015-01-01',NULL,269293.18,6734120.2);
INSERT INTO Obs_Hippocampe VALUES(206+889,'Hippocampus guttulatus','femelle',20,'verveuxAnguilles',NULL,0);
INSERT INTO Observation VALUES(207+889,'2015-01-01',NULL,269293.18,6734120.2);
INSERT INTO Obs_Hippocampe VALUES(207+889,'Hippocampus guttulatus','femelle',20,'verveuxAnguilles',NULL,0);
INSERT INTO Observation VALUES(208+889,'2015-01-01',NULL,269293.18,6734120.2);
INSERT INTO Obs_Hippocampe VALUES(208+889,'Hippocampus guttulatus','male',20,'verveuxAnguilles',NULL,0);
INSERT INTO Observation VALUES(209+889,'2015-01-01',NULL,269293.18,6734120.2);
INSERT INTO Obs_Hippocampe VALUES(209+889,'Hippocampus guttulatus','male',20,'verveuxAnguilles',NULL,0);
INSERT INTO Observation VALUES(210+889,'2015-01-01',NULL,269293.18,6734120.2);
INSERT INTO Obs_Hippocampe VALUES(210+889,'Hippocampus guttulatus','femelle',20,'verveuxAnguilles',NULL,0);
INSERT INTO Observation VALUES(211+889,'2015-01-01',NULL,269293.18,6734120.2);
INSERT INTO Obs_Hippocampe VALUES(211+889,'Hippocampus guttulatus','femelle',20,'verveuxAnguilles',NULL,0);
INSERT INTO Observation VALUES(212+889,'2015-01-01',NULL,269293.18,6734120.2);
INSERT INTO Obs_Hippocampe VALUES(212+889,'Hippocampus guttulatus','femelle',20,'verveuxAnguilles',NULL,0);
INSERT INTO Observation VALUES(213+889,'2015-01-01',NULL,269293.18,6734120.2);
INSERT INTO Obs_Hippocampe VALUES(213+889,'Hippocampus guttulatus','male',20,'verveuxAnguilles',NULL,0);
INSERT INTO Observation VALUES(214+889,'2015-01-01',NULL,269293.18,6734120.2);
INSERT INTO Obs_Hippocampe VALUES(214+889,'Hippocampus guttulatus','male',20,'verveuxAnguilles',NULL,0);
INSERT INTO Observation VALUES(215+889,'2015-01-01',NULL,269293.18,6734120.2);
INSERT INTO Obs_Hippocampe VALUES(215+889,'Hippocampus guttulatus','male',20,'verveuxAnguilles',NULL,0);
INSERT INTO Observation VALUES(216+889,'2015-01-01',NULL,269293.18,6734120.2);
INSERT INTO Obs_Hippocampe VALUES(216+889,'Hippocampus guttulatus','male',20,'verveuxAnguilles',NULL,0);
INSERT INTO Observation VALUES(217+889,'2015-01-01',NULL,269293.18,6734120.2);
INSERT INTO Obs_Hippocampe VALUES(217+889,'Hippocampus guttulatus','femelle',20,'verveuxAnguilles',NULL,0);
INSERT INTO Observation VALUES(218+889,'2015-01-01',NULL,269293.18,6734120.2);
INSERT INTO Obs_Hippocampe VALUES(218+889,'Hippocampus guttulatus','femelle',20,'verveuxAnguilles',NULL,0);
INSERT INTO Observation VALUES(219+889,'2015-01-01',NULL,269293.18,6734120.2);
INSERT INTO Obs_Hippocampe VALUES(219+889,'Hippocampus guttulatus','male',20,'verveuxAnguilles',NULL,0);
INSERT INTO Observation VALUES(220+889,'2015-01-01',NULL,269293.18,6734120.2);
INSERT INTO Obs_Hippocampe VALUES(220+889,'Hippocampus guttulatus','femelle',20,'verveuxAnguilles',NULL,0);
INSERT INTO Observation VALUES(221+889,'2015-01-01',NULL,269293.18,6734120.2);
INSERT INTO Obs_Hippocampe VALUES(221+889,'Hippocampus guttulatus','femelle',20,'verveuxAnguilles',NULL,0);
INSERT INTO Observation VALUES(222+889,'2015-01-01',NULL,269293.18,6734120.2);
INSERT INTO Obs_Hippocampe VALUES(222+889,'Hippocampus guttulatus','femelle',20,'verveuxAnguilles',NULL,0);
INSERT INTO Observation VALUES(223+889,'2015-01-01',NULL,269293.18,6734120.2);
INSERT INTO Obs_Hippocampe VALUES(223+889,'Hippocampus guttulatus','femelle',20,'verveuxAnguilles',NULL,0);
INSERT INTO Observation VALUES(224+889,'2015-01-01',NULL,269293.18,6734120.2);
INSERT INTO Obs_Hippocampe VALUES(224+889,'Hippocampus guttulatus','femelle',20,'verveuxAnguilles',NULL,0);
INSERT INTO Observation VALUES(225+889,'2015-01-01',NULL,269293.18,6734120.2);
INSERT INTO Obs_Hippocampe VALUES(225+889,'Hippocampus guttulatus','male',20,'verveuxAnguilles',NULL,0);
INSERT INTO Observation VALUES(226+889,'2015-01-01',NULL,269293.18,6734120.2);
INSERT INTO Obs_Hippocampe VALUES(226+889,'Hippocampus guttulatus','male',20,'verveuxAnguilles',NULL,0);
INSERT INTO Observation VALUES(227+889,'2015-01-01',NULL,269293.18,6734120.2);
INSERT INTO Obs_Hippocampe VALUES(227+889,'Hippocampus guttulatus','male',20,'verveuxAnguilles',NULL,0);
INSERT INTO Observation VALUES(228+889,'2015-01-01',NULL,269293.18,6734120.2);
INSERT INTO Obs_Hippocampe VALUES(228+889,'Hippocampus guttulatus','male',20,'verveuxAnguilles',NULL,0);
INSERT INTO Observation VALUES(229+889,'2015-01-01',NULL,269293.18,6734120.2);
INSERT INTO Obs_Hippocampe VALUES(229+889,'Hippocampus guttulatus','femelle',20,'verveuxAnguilles',NULL,0);
INSERT INTO Observation VALUES(230+889,'2015-01-01',NULL,269293.18,6734120.2);
INSERT INTO Obs_Hippocampe VALUES(230+889,'Hippocampus guttulatus','femelle',20,'verveuxAnguilles',NULL,0);
INSERT INTO Observation VALUES(231+889,'2015-01-01',NULL,269293.18,6734120.2);
INSERT INTO Obs_Hippocampe VALUES(231+889,'Syngnathus acus','femelle',20,'verveuxAnguilles',NULL,0);
INSERT INTO Observation VALUES(232+889,'2015-01-01',NULL,269293.18,6734120.2);
INSERT INTO Obs_Hippocampe VALUES(232+889,'Hippocampus guttulatus','femelle',20,'verveuxAnguilles',NULL,0);
INSERT INTO Observation VALUES(233+889,'2015-01-01',NULL,269293.18,6734120.2);
INSERT INTO Obs_Hippocampe VALUES(233+889,'Hippocampus guttulatus','male',20,'verveuxAnguilles',NULL,0);
INSERT INTO Observation VALUES(234+889,'2015-01-01',NULL,269293.18,6734120.2);
INSERT INTO Obs_Hippocampe VALUES(234+889,'Hippocampus guttulatus','femelle',20,'verveuxAnguilles',NULL,0);
INSERT INTO Observation VALUES(235+889,'2015-01-01',NULL,269293.18,6734120.2);
INSERT INTO Obs_Hippocampe VALUES(235+889,'Hippocampus guttulatus','femelle',20,'verveuxAnguilles',NULL,0);
INSERT INTO Observation VALUES(236+889,'2015-01-01',NULL,269293.18,6734120.2);
INSERT INTO Obs_Hippocampe VALUES(236+889,'Hippocampus guttulatus','femelle',20,'verveuxAnguilles',NULL,0);
INSERT INTO Observation VALUES(237+889,'2015-01-01',NULL,269293.18,6734120.2);
INSERT INTO Obs_Hippocampe VALUES(237+889,'Hippocampus guttulatus','femelle',20,'verveuxAnguilles',NULL,0);
INSERT INTO Observation VALUES(238+889,'2015-01-01',NULL,269293.18,6734120.2);
INSERT INTO Obs_Hippocampe VALUES(238+889,'Hippocampus hippocampus','femelle',20,'verveuxAnguilles',NULL,0);
INSERT INTO Observation VALUES(239+889,'2015-01-01',NULL,269293.18,6734120.2);
INSERT INTO Obs_Hippocampe VALUES(239+889,'Hippocampus guttulatus','femelle',20,'verveuxAnguilles',NULL,0);
INSERT INTO Observation VALUES(240+889,'2015-01-01',NULL,269293.18,6734120.2);
INSERT INTO Obs_Hippocampe VALUES(240+889,'Hippocampus guttulatus','femelle',20,'verveuxAnguilles',NULL,0);
INSERT INTO Observation VALUES(241+889,'2015-01-01',NULL,269293.18,6734120.2);
INSERT INTO Obs_Hippocampe VALUES(241+889,'Hippocampus guttulatus','femelle',20,'verveuxAnguilles',NULL,0);
INSERT INTO Observation VALUES(242+889,'2015-01-01',NULL,269293.18,6734120.2);
INSERT INTO Obs_Hippocampe VALUES(242+889,'Hippocampus guttulatus','femelle',20,'verveuxAnguilles',NULL,0);
INSERT INTO Observation VALUES(243+889,'2015-01-01',NULL,269293.18,6734120.2);
INSERT INTO Obs_Hippocampe VALUES(243+889,'Hippocampus guttulatus','male',20,'verveuxAnguilles',NULL,0);
INSERT INTO Observation VALUES(244+889,'2015-01-01',NULL,269293.18,6734120.2);
INSERT INTO Obs_Hippocampe VALUES(244+889,'Syngnathus acus','femelle',20,'verveuxAnguilles',NULL,0);
INSERT INTO Observation VALUES(245+889,'2015-01-01',NULL,269293.18,6734120.2);
INSERT INTO Obs_Hippocampe VALUES(245+889,'Hippocampus guttulatus','male',20,'verveuxAnguilles',NULL,0);
INSERT INTO Observation VALUES(246+889,'2015-01-01',NULL,269293.18,6734120.2);
INSERT INTO Obs_Hippocampe VALUES(246+889,'Hippocampus guttulatus','femelle',20,'verveuxAnguilles',NULL,0);
INSERT INTO Observation VALUES(247+889,'2015-01-01',NULL,269293.18,6734120.2);
INSERT INTO Obs_Hippocampe VALUES(247+889,'Hippocampus guttulatus','femelle',20,'verveuxAnguilles',NULL,0);
INSERT INTO Observation VALUES(248+889,'2015-01-01',NULL,269293.18,6734120.2);
INSERT INTO Obs_Hippocampe VALUES(248+889,'Hippocampus guttulatus','femelle',20,'verveuxAnguilles',NULL,0);
INSERT INTO Observation VALUES(249+889,'2015-01-01',NULL,269293.18,6734120.2);
INSERT INTO Obs_Hippocampe VALUES(249+889,'Hippocampus guttulatus','femelle',20,'verveuxAnguilles',NULL,0);
INSERT INTO Observation VALUES(250+889,'2015-01-01',NULL,269293.18,6734120.2);
INSERT INTO Obs_Hippocampe VALUES(250+889,'Hippocampus guttulatus','femelle',20,'verveuxAnguilles',NULL,0);
INSERT INTO Observation VALUES(251+889,'2015-01-01',NULL,269293.18,6734120.2);
INSERT INTO Obs_Hippocampe VALUES(251+889,'Syngnathus acus','femelle',20,'verveuxAnguilles',NULL,0);
INSERT INTO Observation VALUES(252+889,'2015-01-01',NULL,269293.18,6734120.2);
INSERT INTO Obs_Hippocampe VALUES(252+889,'Hippocampus guttulatus','male',20,'verveuxAnguilles',NULL,0);
INSERT INTO Observation VALUES(253+889,'2015-01-01',NULL,269293.18,6734120.2);
INSERT INTO Obs_Hippocampe VALUES(253+889,'Hippocampus guttulatus','femelle',20,'verveuxAnguilles',NULL,0);
INSERT INTO Observation VALUES(254+889,'2015-01-01',NULL,269293.18,6734120.2);
INSERT INTO Obs_Hippocampe VALUES(254+889,'Hippocampus guttulatus','femelle',20,'verveuxAnguilles',NULL,0);

INSERT INTO Lieu VALUES(268172.85, 6734522.11);
INSERT INTO Observation VALUES(255+889,'2015-01-01',NULL,268172.85,6734522.11);
INSERT INTO Obs_Hippocampe VALUES(255+889,'Hippocampus guttulatus','femelle',20,'verveuxAnguilles',NULL,0);
INSERT INTO Observation VALUES(256+889,'2015-01-01',NULL,268172.85,6734522.11);
INSERT INTO Obs_Hippocampe VALUES(256+889,'Hippocampus guttulatus','femelle',20,'verveuxAnguilles',NULL,0);
INSERT INTO Observation VALUES(257+889,'2015-01-01',NULL,268172.85,6734522.11);
INSERT INTO Obs_Hippocampe VALUES(257+889,'Hippocampus guttulatus','male',20,'verveuxAnguilles',NULL,0);
INSERT INTO Observation VALUES(258+889,'2015-01-01',NULL,268172.85,6734522.11);
INSERT INTO Obs_Hippocampe VALUES(258+889,'Hippocampus guttulatus','femelle',20,'verveuxAnguilles',NULL,0);
INSERT INTO Observation VALUES(259+889,'2015-01-01',NULL,268172.85,6734522.11);
INSERT INTO Obs_Hippocampe VALUES(259+889,'Syngnathus acus','femelle',20,'verveuxAnguilles',NULL,0);

INSERT INTO Lieu VALUES(268149.9, 6734459.64);
INSERT INTO Observation VALUES(260+889,'2015-01-01',NULL,268149.9,6734459.64);
INSERT INTO Obs_Hippocampe VALUES(260+889,'Syngnathus acus','femelle',20,'verveuxAnguilles',NULL,0);
INSERT INTO Observation VALUES(261+889,'2015-01-01',NULL,268149.9,6734459.64);
INSERT INTO Obs_Hippocampe VALUES(261+889,'Hippocampus guttulatus','femelle',20,'verveuxAnguilles',NULL,0);
INSERT INTO Observation VALUES(262+889,'2015-01-01',NULL,268149.9,6734459.64);
INSERT INTO Obs_Hippocampe VALUES(262+889,'Hippocampus guttulatus','femelle',20,'verveuxAnguilles',NULL,0);
INSERT INTO Observation VALUES(263+889,'2015-01-01',NULL,268149.9,6734459.64);
INSERT INTO Obs_Hippocampe VALUES(263+889,'Hippocampus guttulatus','femelle',20,'verveuxAnguilles',NULL,0);
INSERT INTO Observation VALUES(264+889,'2015-01-01',NULL,268149.9,6734459.64);
INSERT INTO Obs_Hippocampe VALUES(264+889,'Hippocampus guttulatus','male',20,'verveuxAnguilles',NULL,0);
INSERT INTO Observation VALUES(265+889,'2015-01-01',NULL,268149.9,6734459.64);
INSERT INTO Obs_Hippocampe VALUES(265+889,'Hippocampus guttulatus','male',20,'verveuxAnguilles',NULL,0);
INSERT INTO Observation VALUES(266+889,'2015-01-01',NULL,268149.9,6734459.64);
INSERT INTO Obs_Hippocampe VALUES(266+889,'Hippocampus guttulatus','male',20,'verveuxAnguilles',NULL,0);
INSERT INTO Observation VALUES(267+889,'2015-01-01',NULL,268149.9,6734459.64);
INSERT INTO Obs_Hippocampe VALUES(267+889,'Hippocampus guttulatus','femelle',20,'verveuxAnguilles',NULL,0);
INSERT INTO Observation VALUES(268+889,'2015-01-01',NULL,268149.9,6734459.64);
INSERT INTO Obs_Hippocampe VALUES(268+889,'Hippocampus guttulatus','femelle',20,'verveuxAnguilles',NULL,0);
INSERT INTO Observation VALUES(269+889,'2015-01-01',NULL,268149.9,6734459.64);
INSERT INTO Obs_Hippocampe VALUES(269+889,'Hippocampus guttulatus','male',20,'verveuxAnguilles',NULL,0);
INSERT INTO Observation VALUES(270+889,'2015-01-01',NULL,268149.9,6734459.64);
INSERT INTO Obs_Hippocampe VALUES(270+889,'Hippocampus guttulatus','femelle',20,'verveuxAnguilles',NULL,0);
INSERT INTO Observation VALUES(271+889,'2015-01-01',NULL,268149.9,6734459.64);
INSERT INTO Obs_Hippocampe VALUES(271+889,'Hippocampus guttulatus','femelle',20,'verveuxAnguilles',NULL,0);
INSERT INTO Observation VALUES(272+889,'2015-01-01',NULL,268149.9,6734459.64);
INSERT INTO Obs_Hippocampe VALUES(272+889,'Hippocampus guttulatus','femelle',20,'verveuxAnguilles',NULL,0);

INSERT INTO Lieu VALUES(268862.54, 6737443.74);
INSERT INTO Observation VALUES(273+889,'2015-01-01',NULL,268862.54,6737443.74);
INSERT INTO Obs_Hippocampe VALUES(273+889,'Syngnathus acus','femelle',20,'verveuxAnguilles',NULL,0);

INSERT INTO Lieu VALUES(0,0);
INSERT INTO Observation VALUES(274+889,'2015-01-01',NULL,0,0);
INSERT INTO Obs_Hippocampe VALUES(274+889,'Hippocampus guttulatus','femelle',NULL,'petitFilet',NULL,0);
INSERT INTO Observation VALUES(275+889,'2015-01-01',NULL,0,0);
INSERT INTO Obs_Hippocampe VALUES(275+889,'Hippocampus guttulatus','femelle',NULL,'petitFilet',NULL,0);
INSERT INTO Observation VALUES(276+889,'2015-01-01',NULL,0,0);
INSERT INTO Obs_Hippocampe VALUES(276+889,'Hippocampus guttulatus','male',NULL,'petitFilet',NULL,0);

INSERT INTO Lieu VALUES(264299.13, 6736216.38);
INSERT INTO Observation VALUES(277+889,'2015-01-01',NULL,264299.13,6736216.38);
INSERT INTO Obs_Hippocampe VALUES(277+889,'Hippocampus guttulatus','femelle',NULL,'casierCrevettes',NULL,0);

INSERT INTO Lieu VALUES(263459.75, 6738508.18);
INSERT INTO Observation VALUES(278+889,'2016-04-11',NULL,263459.75,6738508.18);
INSERT INTO Obs_Hippocampe VALUES(278+889,'Hippocampus guttulatus','male',NULL,'casierCrevettes',NULL,0);
INSERT INTO Observation VALUES(279+889,'2016-04-11',NULL,263459.75,6738508.18);
INSERT INTO Obs_Hippocampe VALUES(279+889,'Hippocampus guttulatus','femelle',NULL,'casierCrevettes',NULL,0);
INSERT INTO Observation VALUES(280+889,'2016-04-11',NULL,263459.75,6738508.18);
INSERT INTO Obs_Hippocampe VALUES(280+889,'Syngnathus acus','femelle',NULL,'casierCrevettes',NULL,0);

INSERT INTO Lieu VALUES(267829.63, 6736733.07);
INSERT INTO Observation VALUES(281+889,'2016-04-14',NULL,267829.63,6736733.07);
INSERT INTO Obs_Hippocampe VALUES(281+889,'Hippocampus guttulatus','femelle',NULL,'casierMorgates',NULL,0);

INSERT INTO Lieu VALUES(267522.38, 6736538.96);
INSERT INTO Observation VALUES(282+889,'2016-04-14',NULL,267522.38,6736538.96);
INSERT INTO Obs_Hippocampe VALUES(282+889,'Hippocampus guttulatus','femelle',NULL,'casierMorgates',NULL,0);

INSERT INTO Lieu VALUES(267482.96, 6736572.81);
INSERT INTO Observation VALUES(283+889,'2016-04-14',NULL,267482.96,6736572.81);
INSERT INTO Obs_Hippocampe VALUES(283+889,'Hippocampus guttulatus','femelle',NULL,'casierMorgates',NULL,0);
INSERT INTO Observation VALUES(284+889,'2016-04-14',NULL,267829.63,6736733.07);
INSERT INTO Obs_Hippocampe VALUES(284+889,'Hippocampus guttulatus','femelle',NULL,'casierMorgates',NULL,0);
INSERT INTO Observation VALUES(285+889,'2016-04-14',NULL,267522.38,6736538.96);
INSERT INTO Obs_Hippocampe VALUES(285+889,'Hippocampus guttulatus','femelle',NULL,'casierMorgates',NULL,0);
INSERT INTO Observation VALUES(286+889,'2016-04-14',NULL,267482.96,6736572.81);
INSERT INTO Obs_Hippocampe VALUES(286+889,'Hippocampus guttulatus','femelle',NULL,'casierMorgates',NULL,0);
INSERT INTO Observation VALUES(287+889,'2016-04-14',NULL,267829.63,6736733.07);
INSERT INTO Obs_Hippocampe VALUES(287+889,'Hippocampus guttulatus','male',NULL,'casierMorgates',NULL,0);
INSERT INTO Observation VALUES(288+889,'2016-04-14',NULL,267522.38,6736538.96);
INSERT INTO Obs_Hippocampe VALUES(288+889,'Hippocampus guttulatus','male',NULL,'casierMorgates',NULL,0);
INSERT INTO Observation VALUES(289+889,'2016-04-14',NULL,267482.96,6736572.81);
INSERT INTO Obs_Hippocampe VALUES(289+889,'Hippocampus guttulatus','male',NULL,'casierMorgates',NULL,0);

INSERT INTO Lieu VALUES(266533.55, 6735899.6);
INSERT INTO Observation VALUES(290+889,'2016-04-14',NULL,266533.55,6735899.6);
INSERT INTO Obs_Hippocampe VALUES(290+889,'Hippocampus guttulatus','male',NULL,'casierMorgates',NULL,0);

INSERT INTO Lieu VALUES(266244.25, 6735951.76);
INSERT INTO Observation VALUES(291+889,'2016-04-14',NULL,266244.25,6735951.76);
INSERT INTO Obs_Hippocampe VALUES(291+889,'Hippocampus guttulatus','male',NULL,'casierMorgates',NULL,0);

INSERT INTO Lieu VALUES(266685.48, 6736259.75);
INSERT INTO Observation VALUES(292+889,'2016-04-14',NULL,266685.48,6736259.75);
INSERT INTO Obs_Hippocampe VALUES(292+889,'Hippocampus guttulatus','male',NULL,'casierMorgates',NULL,0);
INSERT INTO Observation VALUES(293+889,'2016-04-14',NULL,266533.55,6735899.6);
INSERT INTO Obs_Hippocampe VALUES(293+889,'Hippocampus guttulatus','femelle',NULL,'casierMorgates',NULL,0);
INSERT INTO Observation VALUES(294+889,'2016-04-14',NULL,266244.25,6735951.76);
INSERT INTO Obs_Hippocampe VALUES(294+889,'Hippocampus guttulatus','femelle',NULL,'casierMorgates',NULL,0);
INSERT INTO Observation VALUES(295+889,'2016-04-14',NULL,266685.48,6736259.75);
INSERT INTO Obs_Hippocampe VALUES(295+889,'Hippocampus guttulatus','femelle',NULL,'casierMorgates',NULL,0);
INSERT INTO Observation VALUES(296+889,'2016-04-14',NULL,266533.55,6735899.6);
INSERT INTO Obs_Hippocampe VALUES(296+889,'Hippocampus guttulatus','male',NULL,'casierMorgates',NULL,0);
INSERT INTO Observation VALUES(297+889,'2016-04-14',NULL,266244.25,6735951.76);
INSERT INTO Obs_Hippocampe VALUES(297+889,'Hippocampus guttulatus','male',NULL,'casierMorgates',NULL,0);
INSERT INTO Observation VALUES(298+889,'2016-04-14',NULL,266685.48,6736259.75);
INSERT INTO Obs_Hippocampe VALUES(298+889,'Hippocampus guttulatus','male',NULL,'casierMorgates',NULL,0);
INSERT INTO Observation VALUES(299+889,'2016-04-14',NULL,266533.55,6735899.6);
INSERT INTO Obs_Hippocampe VALUES(299+889,'Hippocampus guttulatus','femelle',NULL,'casierMorgates',NULL,0);
INSERT INTO Observation VALUES(300+889,'2016-04-14',NULL,266244.25,6735951.76);
INSERT INTO Obs_Hippocampe VALUES(300+889,'Hippocampus guttulatus','femelle',NULL,'casierMorgates',NULL,0);
INSERT INTO Observation VALUES(301+889,'2016-04-14',NULL,266685.48,6736259.75);
INSERT INTO Obs_Hippocampe VALUES(301+889,'Hippocampus guttulatus','femelle',NULL,'casierMorgates',NULL,0);

INSERT INTO Lieu VALUES(266524.53, 6735776.51);
INSERT INTO Observation VALUES(302+889,'2016-04-14',NULL,266524.53,6735776.51);
INSERT INTO Obs_Hippocampe VALUES(302+889,'Hippocampus guttulatus','male',NULL,'casierMorgates',NULL,0);

INSERT INTO Lieu VALUES(266989.44, 6734690.38);
INSERT INTO Observation VALUES(303+889,'2016-04-14',NULL,266989.44,6734690.38);
INSERT INTO Obs_Hippocampe VALUES(303+889,'Hippocampus guttulatus','male',NULL,'casierMorgates',NULL,0);

INSERT INTO Lieu VALUES(266602.68, 6734842.44);
INSERT INTO Observation VALUES(304+889,'2016-04-14',NULL,266602.68,6734842.44);
INSERT INTO Obs_Hippocampe VALUES(304+889,'Hippocampus guttulatus','male',NULL,'casierMorgates',NULL,0);
INSERT INTO Observation VALUES(305+889,'2016-04-14',NULL,266524.53,6735776.51);
INSERT INTO Obs_Hippocampe VALUES(305+889,'Hippocampus guttulatus','femelle',NULL,'casierMorgates',NULL,0);
INSERT INTO Observation VALUES(306+889,'2016-04-14',NULL,266989.44,6734690.38);
INSERT INTO Obs_Hippocampe VALUES(306+889,'Hippocampus guttulatus','femelle',NULL,'casierMorgates',NULL,0);
INSERT INTO Observation VALUES(307+889,'2016-04-14',NULL,266602.68,6734842.44);
INSERT INTO Obs_Hippocampe VALUES(307+889,'Hippocampus guttulatus','femelle',NULL,'casierMorgates',NULL,0);
INSERT INTO Observation VALUES(308+889,'2016-04-14',NULL,266524.53,6735776.51);
INSERT INTO Obs_Hippocampe VALUES(308+889,'Hippocampus guttulatus','male',NULL,'casierMorgates',NULL,0);
INSERT INTO Observation VALUES(309+889,'2016-04-14',NULL,266989.44,6734690.38);
INSERT INTO Obs_Hippocampe VALUES(309+889,'Hippocampus guttulatus','male',NULL,'casierMorgates',NULL,0);
INSERT INTO Observation VALUES(310+889,'2016-04-14',NULL,266602.68,6734842.44);
INSERT INTO Obs_Hippocampe VALUES(310+889,'Hippocampus guttulatus','male',NULL,'casierMorgates',NULL,0);
INSERT INTO Observation VALUES(311+889,'2016-04-14',NULL,266524.53,6735776.51);
INSERT INTO Obs_Hippocampe VALUES(311+889,'Hippocampus guttulatus','male',NULL,'casierMorgates',NULL,0);
INSERT INTO Observation VALUES(312+889,'2016-04-14',NULL,266989.44,6734690.38);
INSERT INTO Obs_Hippocampe VALUES(312+889,'Hippocampus guttulatus','male',NULL,'casierMorgates',NULL,0);
INSERT INTO Observation VALUES(313+889,'2016-04-14',NULL,266602.68,6734842.44);
INSERT INTO Obs_Hippocampe VALUES(313+889,'Hippocampus guttulatus','male',NULL,'casierMorgates',NULL,0);
INSERT INTO Observation VALUES(314+889,'2016-04-14',NULL,266524.53,6735776.51);
INSERT INTO Obs_Hippocampe VALUES(314+889,'Hippocampus guttulatus','femelle',NULL,'casierMorgates',NULL,0);
INSERT INTO Observation VALUES(315+889,'2016-04-14',NULL,266989.44,6734690.38);
INSERT INTO Obs_Hippocampe VALUES(315+889,'Hippocampus guttulatus','femelle',NULL,'casierMorgates',NULL,0);
INSERT INTO Observation VALUES(316+889,'2016-04-14',NULL,266602.68,6734842.44);
INSERT INTO Obs_Hippocampe VALUES(316+889,'Hippocampus guttulatus','femelle',NULL,'casierMorgates',NULL,0);
INSERT INTO Observation VALUES(317+889,'2016-04-14',NULL,266524.53,6735776.51);
INSERT INTO Obs_Hippocampe VALUES(317+889,'Hippocampus guttulatus','femelle',NULL,'casierMorgates',NULL,0);
INSERT INTO Observation VALUES(318+889,'2016-04-14',NULL,266989.44,6734690.38);
INSERT INTO Obs_Hippocampe VALUES(318+889,'Hippocampus guttulatus','femelle',NULL,'casierMorgates',NULL,0);
INSERT INTO Observation VALUES(319+889,'2016-04-14',NULL,266602.68,6734842.44);
INSERT INTO Obs_Hippocampe VALUES(319+889,'Hippocampus guttulatus','femelle',NULL,'casierMorgates',NULL,0);
INSERT INTO Observation VALUES(320+889,'2016-04-14',NULL,266524.53,6735776.51);
INSERT INTO Obs_Hippocampe VALUES(320+889,'Hippocampus guttulatus','male',NULL,'casierMorgates',NULL,0);
INSERT INTO Observation VALUES(321+889,'2016-04-14',NULL,266989.44,6734690.38);
INSERT INTO Obs_Hippocampe VALUES(321+889,'Hippocampus guttulatus','male',NULL,'casierMorgates',NULL,0);
INSERT INTO Observation VALUES(322+889,'2016-04-14',NULL,266602.68,6734842.44);
INSERT INTO Obs_Hippocampe VALUES(322+889,'Hippocampus guttulatus','male',NULL,'casierMorgates',NULL,0);
INSERT INTO Observation VALUES(323+889,'2016-04-14',NULL,266524.53,6735776.51);
INSERT INTO Obs_Hippocampe VALUES(323+889,'Hippocampus guttulatus','male',NULL,'casierMorgates',NULL,0);
INSERT INTO Observation VALUES(324+889,'2016-04-14',NULL,266989.44,6734690.38);
INSERT INTO Obs_Hippocampe VALUES(324+889,'Hippocampus guttulatus','male',NULL,'casierMorgates',NULL,0);
INSERT INTO Observation VALUES(325+889,'2016-04-14',NULL,266602.68,6734842.44);
INSERT INTO Obs_Hippocampe VALUES(325+889,'Hippocampus guttulatus','male',NULL,'casierMorgates',NULL,0);
INSERT INTO Observation VALUES(326+889,'2016-04-14',NULL,266524.53,6735776.51);
INSERT INTO Obs_Hippocampe VALUES(326+889,'Hippocampus guttulatus','femelle',NULL,'casierMorgates',NULL,0);
INSERT INTO Observation VALUES(327+889,'2016-04-14',NULL,266989.44,6734690.38);
INSERT INTO Obs_Hippocampe VALUES(327+889,'Hippocampus guttulatus','femelle',NULL,'casierMorgates',NULL,0);
INSERT INTO Observation VALUES(328+889,'2016-04-14',NULL,266602.68,6734842.44);
INSERT INTO Obs_Hippocampe VALUES(328+889,'Hippocampus guttulatus','femelle',NULL,'casierMorgates',NULL,0);
INSERT INTO Observation VALUES(329+889,'2016-04-14',NULL,266524.53,6735776.51);
INSERT INTO Obs_Hippocampe VALUES(329+889,'Hippocampus guttulatus','male',NULL,'casierMorgates',NULL,0);
INSERT INTO Observation VALUES(330+889,'2016-04-14',NULL,266989.44,6734690.38);
INSERT INTO Obs_Hippocampe VALUES(330+889,'Hippocampus guttulatus','male',NULL,'casierMorgates',NULL,0);
INSERT INTO Observation VALUES(331+889,'2016-04-14',NULL,266602.68,6734842.44);
INSERT INTO Obs_Hippocampe VALUES(331+889,'Hippocampus guttulatus','male',NULL,'casierMorgates',NULL,0);
INSERT INTO Observation VALUES(332+889,'2016-04-14',NULL,266524.53,6735776.51);
INSERT INTO Obs_Hippocampe VALUES(332+889,'Hippocampus guttulatus','femelle',NULL,'casierMorgates',NULL,0);
INSERT INTO Observation VALUES(333+889,'2016-04-14',NULL,266989.44,6734690.38);
INSERT INTO Obs_Hippocampe VALUES(333+889,'Hippocampus guttulatus','femelle',NULL,'casierMorgates',NULL,0);
INSERT INTO Observation VALUES(334+889,'2016-04-14',NULL,266602.68,6734842.44);
INSERT INTO Obs_Hippocampe VALUES(334+889,'Hippocampus guttulatus','femelle',NULL,'casierMorgates',NULL,0);
INSERT INTO Observation VALUES(335+889,'2016-04-14',NULL,266524.53,6735776.51);
INSERT INTO Obs_Hippocampe VALUES(335+889,'Hippocampus guttulatus','male',NULL,'casierMorgates',NULL,0);
INSERT INTO Observation VALUES(336+889,'2016-04-14',NULL,266989.44,6734690.38);
INSERT INTO Obs_Hippocampe VALUES(336+889,'Hippocampus guttulatus','male',NULL,'casierMorgates',NULL,0);
INSERT INTO Observation VALUES(337+889,'2016-04-14',NULL,266602.68,6734842.44);
INSERT INTO Obs_Hippocampe VALUES(337+889,'Hippocampus guttulatus','male',NULL,'casierMorgates',NULL,0);
INSERT INTO Observation VALUES(338+889,'2016-04-14',NULL,266524.53,6735776.51);
INSERT INTO Obs_Hippocampe VALUES(338+889,'Hippocampus guttulatus','femelle',NULL,'casierMorgates',NULL,0);
INSERT INTO Observation VALUES(339+889,'2016-04-14',NULL,266989.44,6734690.38);
INSERT INTO Obs_Hippocampe VALUES(339+889,'Hippocampus guttulatus','femelle',NULL,'casierMorgates',NULL,0);
INSERT INTO Observation VALUES(340+889,'2016-04-14',NULL,266602.68,6734842.44);
INSERT INTO Obs_Hippocampe VALUES(340+889,'Hippocampus guttulatus','femelle',NULL,'casierMorgates',NULL,0);

INSERT INTO Lieu VALUES(265840.82, 6736445.4);
INSERT INTO Observation VALUES(341+889,'2016-04-14',NULL,265840.82,6736445.4);
INSERT INTO Obs_Hippocampe VALUES(341+889,'Hippocampus guttulatus','male',NULL,'casierMorgates',NULL,0);

INSERT INTO Lieu VALUES(265643.87, 6736614.58);
INSERT INTO Observation VALUES(342+889,'2016-04-14',NULL,265643.87,6736614.58);
INSERT INTO Obs_Hippocampe VALUES(342+889,'Hippocampus guttulatus','male',NULL,'casierMorgates',NULL,0);

INSERT INTO Lieu VALUES(265273.6, 6736703.7);
INSERT INTO Observation VALUES(343+889,'2016-04-14',NULL,265273.6,6736703.7);
INSERT INTO Obs_Hippocampe VALUES(343+889,'Hippocampus guttulatus','male',NULL,'casierMorgates',NULL,0);
INSERT INTO Observation VALUES(344+889,'2016-04-14',NULL,265840.82,6736445.4);
INSERT INTO Obs_Hippocampe VALUES(344+889,'Hippocampus guttulatus','male',NULL,'casierMorgates',NULL,0);
INSERT INTO Observation VALUES(345+889,'2016-04-14',NULL,265643.87,6736614.58);
INSERT INTO Obs_Hippocampe VALUES(345+889,'Hippocampus guttulatus','male',NULL,'casierMorgates',NULL,0);
INSERT INTO Observation VALUES(346+889,'2016-04-14',NULL,265273.6,6736703.7);
INSERT INTO Obs_Hippocampe VALUES(346+889,'Hippocampus guttulatus','male',NULL,'casierMorgates',NULL,0);
INSERT INTO Observation VALUES(347+889,'2016-04-14',NULL,265840.82,6736445.4);
INSERT INTO Obs_Hippocampe VALUES(347+889,'Hippocampus guttulatus','male',NULL,'casierMorgates',NULL,0);
INSERT INTO Observation VALUES(348+889,'2016-04-14',NULL,265643.87,6736614.58);
INSERT INTO Obs_Hippocampe VALUES(348+889,'Hippocampus guttulatus','male',NULL,'casierMorgates',NULL,0);
INSERT INTO Observation VALUES(349+889,'2016-04-14',NULL,265273.6,6736703.7);
INSERT INTO Obs_Hippocampe VALUES(349+889,'Hippocampus guttulatus','male',NULL,'casierMorgates',NULL,0);
INSERT INTO Observation VALUES(350+889,'2016-04-14',NULL,265840.82,6736445.4);
INSERT INTO Obs_Hippocampe VALUES(350+889,'Hippocampus guttulatus','male',NULL,'casierMorgates',NULL,0);
INSERT INTO Observation VALUES(351+889,'2016-04-14',NULL,265643.87,6736614.58);
INSERT INTO Obs_Hippocampe VALUES(351+889,'Hippocampus guttulatus','male',NULL,'casierMorgates',NULL,0);
INSERT INTO Observation VALUES(352+889,'2016-04-14',NULL,265273.6,6736703.7);
INSERT INTO Obs_Hippocampe VALUES(352+889,'Hippocampus guttulatus','male',NULL,'casierMorgates',NULL,0);
INSERT INTO Observation VALUES(353+889,'2016-04-14',NULL,265840.82,6736445.4);
INSERT INTO Obs_Hippocampe VALUES(353+889,'Hippocampus guttulatus','femelle',NULL,'casierMorgates',NULL,0);
INSERT INTO Observation VALUES(354+889,'2016-04-14',NULL,265643.87,6736614.58);
INSERT INTO Obs_Hippocampe VALUES(354+889,'Hippocampus guttulatus','femelle',NULL,'casierMorgates',NULL,0);
INSERT INTO Observation VALUES(355+889,'2016-04-14',NULL,265273.6,6736703.7);
INSERT INTO Obs_Hippocampe VALUES(355+889,'Hippocampus guttulatus','femelle',NULL,'casierMorgates',NULL,0);
INSERT INTO Observation VALUES(356+889,'2016-04-14',NULL,265840.82,6736445.4);
INSERT INTO Obs_Hippocampe VALUES(356+889,'Hippocampus guttulatus','femelle',NULL,'casierMorgates',NULL,0);
INSERT INTO Observation VALUES(357+889,'2016-04-14',NULL,265643.87,6736614.58);
INSERT INTO Obs_Hippocampe VALUES(357+889,'Hippocampus guttulatus','femelle',NULL,'casierMorgates',NULL,0);
INSERT INTO Observation VALUES(358+889,'2016-04-14',NULL,265273.6,6736703.7);
INSERT INTO Obs_Hippocampe VALUES(358+889,'Hippocampus guttulatus','femelle',NULL,'casierMorgates',NULL,0);
INSERT INTO Observation VALUES(359+889,'2016-04-14',NULL,265840.82,6736445.4);
INSERT INTO Obs_Hippocampe VALUES(359+889,'Hippocampus guttulatus','femelle',NULL,'casierMorgates',NULL,0);
INSERT INTO Observation VALUES(360+889,'2016-04-14',NULL,265643.87,6736614.58);
INSERT INTO Obs_Hippocampe VALUES(360+889,'Hippocampus guttulatus','femelle',NULL,'casierMorgates',NULL,0);
INSERT INTO Observation VALUES(361+889,'2016-04-14',NULL,265273.6,6736703.7);
INSERT INTO Obs_Hippocampe VALUES(361+889,'Hippocampus guttulatus','femelle',NULL,'casierMorgates',NULL,0);
INSERT INTO Observation VALUES(362+889,'2016-04-14',NULL,265840.82,6736445.4);
INSERT INTO Obs_Hippocampe VALUES(362+889,'Hippocampus guttulatus','male',NULL,'casierMorgates',NULL,0);
INSERT INTO Observation VALUES(363+889,'2016-04-14',NULL,265643.87,6736614.58);
INSERT INTO Obs_Hippocampe VALUES(363+889,'Hippocampus guttulatus','male',NULL,'casierMorgates',NULL,0);
INSERT INTO Observation VALUES(364+889,'2016-04-14',NULL,265273.6,6736703.7);
INSERT INTO Obs_Hippocampe VALUES(364+889,'Hippocampus guttulatus','male',NULL,'casierMorgates',NULL,0);

INSERT INTO Lieu VALUES(267166.32, 6741113.55);
INSERT INTO Observation VALUES(365+889,'2016-04-15',NULL,267166.32,6741113.55);
INSERT INTO Obs_Hippocampe VALUES(365+889,'Hippocampus guttulatus','femelle',NULL,'casierMorgates',NULL,0);

INSERT INTO Lieu VALUES(267270.36, 6741105.93);
INSERT INTO Observation VALUES(366+889,'2016-04-15',NULL,267270.36,6741105.93);
INSERT INTO Obs_Hippocampe VALUES(366+889,'Hippocampus guttulatus','femelle',NULL,'casierMorgates',NULL,0);

INSERT INTO Lieu VALUES(267397.48, 6741127.6);
INSERT INTO Observation VALUES(367+889,'2016-04-15',NULL,267397.48,6741127.6);
INSERT INTO Obs_Hippocampe VALUES(367+889,'Hippocampus guttulatus','femelle',NULL,'casierMorgates',NULL,0);

INSERT INTO Lieu VALUES(267434.54, 6741062.96);
INSERT INTO Observation VALUES(368+889,'2016-04-15',NULL,267434.54,6741062.96);
INSERT INTO Obs_Hippocampe VALUES(368+889,'Hippocampus guttulatus','femelle',NULL,'casierMorgates',NULL,0);

INSERT INTO Lieu VALUES(263870.8, 6738972.92);
INSERT INTO Observation VALUES(369+889,'2016-04-15',NULL,263870.8,6738972.92);
INSERT INTO Obs_Hippocampe VALUES(369+889,'Hippocampus guttulatus','male',NULL,'casierMorgates',NULL,0);

INSERT INTO Lieu VALUES(264055.86, 6738928.31);
INSERT INTO Observation VALUES(370+889,'2016-04-15',NULL,264055.86,6738928.31);
INSERT INTO Obs_Hippocampe VALUES(370+889,'Hippocampus guttulatus','male',NULL,'casierMorgates',NULL,0);

INSERT INTO Lieu VALUES(264076.61, 6738926.79);
INSERT INTO Observation VALUES(371+889,'2016-04-15',NULL,264076.61,6738926.79);
INSERT INTO Obs_Hippocampe VALUES(371+889,'Hippocampus guttulatus','male',NULL,'casierMorgates',NULL,0);

INSERT INTO Lieu VALUES(263951.78, 6738935.98);
INSERT INTO Observation VALUES(372+889,'2016-04-15',NULL,263951.78,6738935.98);
INSERT INTO Obs_Hippocampe VALUES(372+889,'Hippocampus guttulatus','male',NULL,'casierMorgates',NULL,0);

INSERT INTO Lieu VALUES(266978.83, 6732872.92);
INSERT INTO Observation VALUES(373+889,'2016-04-18',NULL,266978.83,6732872.92);
INSERT INTO Obs_Hippocampe VALUES(373+889,'Hippocampus guttulatus','male',NULL,'verveuxAnguilles',NULL,0);
INSERT INTO Observation VALUES(374+889,'2016-04-18',NULL,266978.83,6732872.92);
INSERT INTO Obs_Hippocampe VALUES(374+889,'Hippocampus guttulatus','femelle',NULL,'verveuxAnguilles',NULL,0);
INSERT INTO Observation VALUES(375+889,'2016-04-18',NULL,266978.83,6732872.92);
INSERT INTO Obs_Hippocampe VALUES(375+889,'Hippocampus guttulatus','femelle',NULL,'verveuxAnguilles',NULL,0);

INSERT INTO Lieu VALUES(266973.94, 6732954.48);
INSERT INTO Observation VALUES(376+889,'2016-04-18',NULL,266973.94,6732954.48);
INSERT INTO Obs_Hippocampe VALUES(376+889,'Hippocampus guttulatus','femelle',NULL,'verveuxAnguilles',NULL,0);

INSERT INTO Lieu VALUES(267042.05, 6732892.8);
INSERT INTO Observation VALUES(377+889,'2016-04-18',NULL,267042.05,6732892.8);
INSERT INTO Obs_Hippocampe VALUES(377+889,'Hippocampus guttulatus','male',NULL,'verveuxAnguilles',NULL,0);
INSERT INTO Observation VALUES(378+889,'2016-04-18',NULL,267042.05,6732892.8);
INSERT INTO Obs_Hippocampe VALUES(378+889,'Hippocampus guttulatus','male',NULL,'verveuxAnguilles',NULL,0);
INSERT INTO Observation VALUES(379+889,'2016-04-18',NULL,267042.05,6732892.8);
INSERT INTO Obs_Hippocampe VALUES(379+889,'Hippocampus guttulatus','male',NULL,'verveuxAnguilles',NULL,0);
INSERT INTO Observation VALUES(380+889,'2016-04-18',NULL,267042.05,6732892.8);
INSERT INTO Obs_Hippocampe VALUES(380+889,'Hippocampus guttulatus','male',NULL,'verveuxAnguilles',NULL,0);

INSERT INTO Lieu VALUES(268287.99, 6732874.26);
INSERT INTO Observation VALUES(381+889,'2016-04-18',NULL,268287.99,6732874.26);
INSERT INTO Obs_Hippocampe VALUES(381+889,'Hippocampus guttulatus','femelle',NULL,'verveuxAnguilles',NULL,0);
INSERT INTO Observation VALUES(382+889,'2016-04-18',NULL,268287.99,6732874.26);
INSERT INTO Obs_Hippocampe VALUES(382+889,'Hippocampus guttulatus','femelle',NULL,'verveuxAnguilles',NULL,0);
INSERT INTO Observation VALUES(383+889,'2016-04-18',NULL,268287.99,6732874.26);
INSERT INTO Obs_Hippocampe VALUES(383+889,'Hippocampus guttulatus','femelle',NULL,'verveuxAnguilles',NULL,0);

INSERT INTO Lieu VALUES(266900.21, 6732852.6);
INSERT INTO Observation VALUES(384+889,'2016-04-18',NULL,266900.21,6732852.6);
INSERT INTO Obs_Hippocampe VALUES(384+889,'Hippocampus hippocampus','male',NULL,'verveuxAnguilles',NULL,0);
INSERT INTO Observation VALUES(385+889,'2016-04-18',NULL,266900.21,6732852.6);
INSERT INTO Obs_Hippocampe VALUES(385+889,'Hippocampus guttulatus','male',NULL,'verveuxAnguilles',NULL,0);

INSERT INTO Lieu VALUES(266903.27, 6732932.69);
INSERT INTO Observation VALUES(386+889,'2016-04-18',NULL,266903.27,6732932.69);
INSERT INTO Obs_Hippocampe VALUES(386+889,'Hippocampus guttulatus','femelle',NULL,'verveuxAnguilles',NULL,0);
INSERT INTO Observation VALUES(387+889,'2016-04-18',NULL,266903.27,6732932.69);
INSERT INTO Obs_Hippocampe VALUES(387+889,'Hippocampus guttulatus','male',NULL,'verveuxAnguilles',NULL,0);

INSERT INTO Lieu VALUES(266833.54, 6732851.57);
INSERT INTO Observation VALUES(388+889,'2016-04-18',NULL,266833.54,6732851.57);
INSERT INTO Obs_Hippocampe VALUES(388+889,'Hippocampus guttulatus','femelle',NULL,'verveuxAnguilles',NULL,0);
INSERT INTO Observation VALUES(389+889,'2016-04-18',NULL,266833.54,6732851.57);
INSERT INTO Obs_Hippocampe VALUES(389+889,'Hippocampus guttulatus','male',NULL,'verveuxAnguilles',NULL,0);
INSERT INTO Observation VALUES(390+889,'2016-04-18',NULL,266833.54,6732851.57);
INSERT INTO Obs_Hippocampe VALUES(390+889,'Hippocampus guttulatus','male',NULL,'verveuxAnguilles',NULL,0);
INSERT INTO Observation VALUES(391+889,'2016-04-18',NULL,266833.54,6732851.57);
INSERT INTO Obs_Hippocampe VALUES(391+889,'Hippocampus guttulatus','femelle',NULL,'verveuxAnguilles',NULL,0);
INSERT INTO Observation VALUES(392+889,'2016-04-18',NULL,266833.54,6732851.57);
INSERT INTO Obs_Hippocampe VALUES(392+889,'Hippocampus guttulatus','femelle',NULL,'verveuxAnguilles',NULL,0);
INSERT INTO Observation VALUES(393+889,'2016-04-18',NULL,266833.54,6732851.57);
INSERT INTO Obs_Hippocampe VALUES(393+889,'Hippocampus guttulatus','male',NULL,'verveuxAnguilles',NULL,0);

INSERT INTO Lieu VALUES(268126.72, 6734205.09);
INSERT INTO Observation VALUES(394+889,'2016-04-20',NULL,268126.72,6734205.09);
INSERT INTO Obs_Hippocampe VALUES(394+889,'Syngnathus acus','femelle',NULL,'casierMorgates',NULL,0);

INSERT INTO Lieu VALUES(268409.31, 6734060.73);
INSERT INTO Observation VALUES(395+889,'2016-04-20',NULL,268409.31,6734060.73);
INSERT INTO Obs_Hippocampe VALUES(395+889,'Syngnathus acus','femelle',NULL,'casierMorgates',NULL,0);

INSERT INTO Lieu VALUES(268427.25, 6734306.93);
INSERT INTO Observation VALUES(396+889,'2016-04-20',NULL,268427.25,6734306.93);
INSERT INTO Obs_Hippocampe VALUES(396+889,'Syngnathus acus','femelle',NULL,'casierMorgates',NULL,0);

INSERT INTO Lieu VALUES(268123.83, 6734452.81);
INSERT INTO Observation VALUES(397+889,'2016-04-20',NULL,268123.83,6734452.81);
INSERT INTO Obs_Hippocampe VALUES(397+889,'Syngnathus acus','femelle',NULL,'casierMorgates',NULL,0);
INSERT INTO Observation VALUES(398+889,'2016-04-20',NULL,268126.72,6734205.09);
INSERT INTO Obs_Hippocampe VALUES(398+889,'Syngnathus acus','femelle',NULL,'casierMorgates',NULL,0);
INSERT INTO Observation VALUES(399+889,'2016-04-20',NULL,268409.31,6734060.73);
INSERT INTO Obs_Hippocampe VALUES(399+889,'Syngnathus acus','femelle',NULL,'casierMorgates',NULL,0);
INSERT INTO Observation VALUES(400+889,'2016-04-20',NULL,268427.25,6734306.93);
INSERT INTO Obs_Hippocampe VALUES(400+889,'Syngnathus acus','femelle',NULL,'casierMorgates',NULL,0);
INSERT INTO Observation VALUES(401+889,'2016-04-20',NULL,268123.83,6734452.81);
INSERT INTO Obs_Hippocampe VALUES(401+889,'Syngnathus acus','femelle',NULL,'casierMorgates',NULL,0);
INSERT INTO Observation VALUES(402+889,'2016-04-20',NULL,268126.72,6734205.09);
INSERT INTO Obs_Hippocampe VALUES(402+889,'Syngnathus acus','femelle',NULL,'casierMorgates',NULL,0);
INSERT INTO Observation VALUES(403+889,'2016-04-20',NULL,268409.31,6734060.73);
INSERT INTO Obs_Hippocampe VALUES(403+889,'Syngnathus acus','femelle',NULL,'casierMorgates',NULL,0);
INSERT INTO Observation VALUES(404+889,'2016-04-20',NULL,268427.25,6734306.93);
INSERT INTO Obs_Hippocampe VALUES(404+889,'Syngnathus acus','femelle',NULL,'casierMorgates',NULL,0);
INSERT INTO Observation VALUES(405+889,'2016-04-20',NULL,268123.83,6734452.81);
INSERT INTO Obs_Hippocampe VALUES(405+889,'Syngnathus acus','femelle',NULL,'casierMorgates',NULL,0);
INSERT INTO Observation VALUES(406+889,'2016-04-20',NULL,268126.72,6734205.09);
INSERT INTO Obs_Hippocampe VALUES(406+889,'Syngnathus acus','femelle',NULL,'casierMorgates',NULL,0);
INSERT INTO Observation VALUES(407+889,'2016-04-20',NULL,268409.31,6734060.73);
INSERT INTO Obs_Hippocampe VALUES(407+889,'Syngnathus acus','femelle',NULL,'casierMorgates',NULL,0);
INSERT INTO Observation VALUES(408+889,'2016-04-20',NULL,268427.25,6734306.93);
INSERT INTO Obs_Hippocampe VALUES(408+889,'Syngnathus acus','femelle',NULL,'casierMorgates',NULL,0);
INSERT INTO Observation VALUES(409+889,'2016-04-20',NULL,268123.83,6734452.81);
INSERT INTO Obs_Hippocampe VALUES(409+889,'Syngnathus acus','femelle',NULL,'casierMorgates',NULL,0);
INSERT INTO Observation VALUES(410+889,'2016-04-20',NULL,268126.72,6734205.09);
INSERT INTO Obs_Hippocampe VALUES(410+889,'Syngnathus acus','femelle',NULL,'casierMorgates',NULL,0);
INSERT INTO Observation VALUES(411+889,'2016-04-20',NULL,268409.31,6734060.73);
INSERT INTO Obs_Hippocampe VALUES(411+889,'Syngnathus acus','femelle',NULL,'casierMorgates',NULL,0);
INSERT INTO Observation VALUES(412+889,'2016-04-20',NULL,268427.25,6734306.93);
INSERT INTO Obs_Hippocampe VALUES(412+889,'Syngnathus acus','femelle',NULL,'casierMorgates',NULL,0);
INSERT INTO Observation VALUES(413+889,'2016-04-20',NULL,268123.83,6734452.81);
INSERT INTO Obs_Hippocampe VALUES(413+889,'Syngnathus acus','femelle',NULL,'casierMorgates',NULL,0);
INSERT INTO Observation VALUES(414+889,'2016-04-20',NULL,268126.72,6734205.09);
INSERT INTO Obs_Hippocampe VALUES(414+889,'Syngnathus acus','femelle',NULL,'casierMorgates',NULL,0);
INSERT INTO Observation VALUES(415+889,'2016-04-20',NULL,268409.31,6734060.73);
INSERT INTO Obs_Hippocampe VALUES(415+889,'Syngnathus acus','femelle',NULL,'casierMorgates',NULL,0);
INSERT INTO Observation VALUES(416+889,'2016-04-20',NULL,268427.25,6734306.93);
INSERT INTO Obs_Hippocampe VALUES(416+889,'Syngnathus acus','femelle',NULL,'casierMorgates',NULL,0);
INSERT INTO Observation VALUES(417+889,'2016-04-20',NULL,268123.83,6734452.81);
INSERT INTO Obs_Hippocampe VALUES(417+889,'Syngnathus acus','femelle',NULL,'casierMorgates',NULL,0);
INSERT INTO Observation VALUES(418+889,'2016-04-20',NULL,268126.72,6734205.09);
INSERT INTO Obs_Hippocampe VALUES(418+889,'Syngnathus acus','femelle',NULL,'casierMorgates',NULL,0);
INSERT INTO Observation VALUES(419+889,'2016-04-20',NULL,268409.31,6734060.73);
INSERT INTO Obs_Hippocampe VALUES(419+889,'Syngnathus acus','femelle',NULL,'casierMorgates',NULL,0);
INSERT INTO Observation VALUES(420+889,'2016-04-20',NULL,268427.25,6734306.93);
INSERT INTO Obs_Hippocampe VALUES(420+889,'Syngnathus acus','femelle',NULL,'casierMorgates',NULL,0);
INSERT INTO Observation VALUES(421+889,'2016-04-20',NULL,268123.83,6734452.81);
INSERT INTO Obs_Hippocampe VALUES(421+889,'Syngnathus acus','femelle',NULL,'casierMorgates',NULL,0);
INSERT INTO Observation VALUES(422+889,'2016-04-20',NULL,268126.72,6734205.09);
INSERT INTO Obs_Hippocampe VALUES(422+889,'Syngnathus acus','femelle',NULL,'casierMorgates',NULL,0);
INSERT INTO Observation VALUES(423+889,'2016-04-20',NULL,268409.31,6734060.73);
INSERT INTO Obs_Hippocampe VALUES(423+889,'Syngnathus acus','femelle',NULL,'casierMorgates',NULL,0);
INSERT INTO Observation VALUES(424+889,'2016-04-20',NULL,268427.25,6734306.93);
INSERT INTO Obs_Hippocampe VALUES(424+889,'Syngnathus acus','femelle',NULL,'casierMorgates',NULL,0);
INSERT INTO Observation VALUES(425+889,'2016-04-20',NULL,268123.83,6734452.81);
INSERT INTO Obs_Hippocampe VALUES(425+889,'Syngnathus acus','femelle',NULL,'casierMorgates',NULL,0);
INSERT INTO Observation VALUES(426+889,'2016-04-20',NULL,268126.72,6734205.09);
INSERT INTO Obs_Hippocampe VALUES(426+889,'Syngnathus acus','femelle',NULL,'casierMorgates',NULL,0);
INSERT INTO Observation VALUES(427+889,'2016-04-20',NULL,268409.31,6734060.73);
INSERT INTO Obs_Hippocampe VALUES(427+889,'Syngnathus acus','femelle',NULL,'casierMorgates',NULL,0);
INSERT INTO Observation VALUES(428+889,'2016-04-20',NULL,268427.25,6734306.93);
INSERT INTO Obs_Hippocampe VALUES(428+889,'Syngnathus acus','femelle',NULL,'casierMorgates',NULL,0);
INSERT INTO Observation VALUES(429+889,'2016-04-20',NULL,268123.83,6734452.81);
INSERT INTO Obs_Hippocampe VALUES(429+889,'Syngnathus acus','femelle',NULL,'casierMorgates',NULL,0);
INSERT INTO Observation VALUES(430+889,'2016-04-20',NULL,268126.72,6734205.09);
INSERT INTO Obs_Hippocampe VALUES(430+889,'Syngnathus acus','femelle',NULL,'casierMorgates',NULL,0);
INSERT INTO Observation VALUES(431+889,'2016-04-20',NULL,268409.31,6734060.73);
INSERT INTO Obs_Hippocampe VALUES(431+889,'Syngnathus acus','femelle',NULL,'casierMorgates',NULL,0);
INSERT INTO Observation VALUES(432+889,'2016-04-20',NULL,268427.25,6734306.93);
INSERT INTO Obs_Hippocampe VALUES(432+889,'Syngnathus acus','femelle',NULL,'casierMorgates',NULL,0);
INSERT INTO Observation VALUES(433+889,'2016-04-20',NULL,268123.83,6734452.81);
INSERT INTO Obs_Hippocampe VALUES(433+889,'Syngnathus acus','femelle',NULL,'casierMorgates',NULL,0);
INSERT INTO Observation VALUES(434+889,'2016-04-20',NULL,268126.72,6734205.09);
INSERT INTO Obs_Hippocampe VALUES(434+889,'Syngnathus acus','femelle',NULL,'casierMorgates',NULL,0);
INSERT INTO Observation VALUES(435+889,'2016-04-20',NULL,268409.31,6734060.73);
INSERT INTO Obs_Hippocampe VALUES(435+889,'Syngnathus acus','femelle',NULL,'casierMorgates',NULL,0);
INSERT INTO Observation VALUES(436+889,'2016-04-20',NULL,268427.25,6734306.93);
INSERT INTO Obs_Hippocampe VALUES(436+889,'Syngnathus acus','femelle',NULL,'casierMorgates',NULL,0);
INSERT INTO Observation VALUES(437+889,'2016-04-20',NULL,268123.83,6734452.81);
INSERT INTO Obs_Hippocampe VALUES(437+889,'Syngnathus acus','femelle',NULL,'casierMorgates',NULL,0);
INSERT INTO Observation VALUES(438+889,'2016-04-20',NULL,268126.72,6734205.09);
INSERT INTO Obs_Hippocampe VALUES(438+889,'Syngnathus acus','femelle',NULL,'casierMorgates',NULL,0);
INSERT INTO Observation VALUES(439+889,'2016-04-20',NULL,268409.31,6734060.73);
INSERT INTO Obs_Hippocampe VALUES(439+889,'Syngnathus acus','femelle',NULL,'casierMorgates',NULL,0);
INSERT INTO Observation VALUES(440+889,'2016-04-20',NULL,268427.25,6734306.93);
INSERT INTO Obs_Hippocampe VALUES(440+889,'Syngnathus acus','femelle',NULL,'casierMorgates',NULL,0);
INSERT INTO Observation VALUES(441+889,'2016-04-20',NULL,268123.83,6734452.81);
INSERT INTO Obs_Hippocampe VALUES(441+889,'Syngnathus acus','femelle',NULL,'casierMorgates',NULL,0);
INSERT INTO Observation VALUES(442+889,'2016-04-20',NULL,268126.72,6734205.09);
INSERT INTO Obs_Hippocampe VALUES(442+889,'Syngnathus acus','femelle',NULL,'casierMorgates',NULL,0);
INSERT INTO Observation VALUES(443+889,'2016-04-20',NULL,268409.31,6734060.73);
INSERT INTO Obs_Hippocampe VALUES(443+889,'Syngnathus acus','femelle',NULL,'casierMorgates',NULL,0);
INSERT INTO Observation VALUES(444+889,'2016-04-20',NULL,268427.25,6734306.93);
INSERT INTO Obs_Hippocampe VALUES(444+889,'Syngnathus acus','femelle',NULL,'casierMorgates',NULL,0);
INSERT INTO Observation VALUES(445+889,'2016-04-20',NULL,268123.83,6734452.81);
INSERT INTO Obs_Hippocampe VALUES(445+889,'Syngnathus acus','femelle',NULL,'casierMorgates',NULL,0);
INSERT INTO Observation VALUES(446+889,'2016-04-20',NULL,268126.72,6734205.09);
INSERT INTO Obs_Hippocampe VALUES(446+889,'Syngnathus acus','femelle',NULL,'casierMorgates',NULL,0);
INSERT INTO Observation VALUES(447+889,'2016-04-20',NULL,268409.31,6734060.73);
INSERT INTO Obs_Hippocampe VALUES(447+889,'Syngnathus acus','femelle',NULL,'casierMorgates',NULL,0);
INSERT INTO Observation VALUES(448+889,'2016-04-20',NULL,268427.25,6734306.93);
INSERT INTO Obs_Hippocampe VALUES(448+889,'Syngnathus acus','femelle',NULL,'casierMorgates',NULL,0);
INSERT INTO Observation VALUES(449+889,'2016-04-20',NULL,268123.83,6734452.81);
INSERT INTO Obs_Hippocampe VALUES(449+889,'Syngnathus acus','femelle',NULL,'casierMorgates',NULL,0);
INSERT INTO Observation VALUES(450+889,'2016-04-20',NULL,268126.72,6734205.09);
INSERT INTO Obs_Hippocampe VALUES(450+889,'Syngnathus acus','femelle',NULL,'casierMorgates',NULL,0);
INSERT INTO Observation VALUES(451+889,'2016-04-20',NULL,268409.31,6734060.73);
INSERT INTO Obs_Hippocampe VALUES(451+889,'Syngnathus acus','femelle',NULL,'casierMorgates',NULL,0);
INSERT INTO Observation VALUES(452+889,'2016-04-20',NULL,268427.25,6734306.93);
INSERT INTO Obs_Hippocampe VALUES(452+889,'Syngnathus acus','femelle',NULL,'casierMorgates',NULL,0);
INSERT INTO Observation VALUES(453+889,'2016-04-20',NULL,268123.83,6734452.81);
INSERT INTO Obs_Hippocampe VALUES(453+889,'Syngnathus acus','femelle',NULL,'casierMorgates',NULL,0);
INSERT INTO Observation VALUES(454+889,'2016-04-20',NULL,268126.72,6734205.09);
INSERT INTO Obs_Hippocampe VALUES(454+889,'Syngnathus acus','femelle',NULL,'casierMorgates',NULL,0);
INSERT INTO Observation VALUES(455+889,'2016-04-20',NULL,268409.31,6734060.73);
INSERT INTO Obs_Hippocampe VALUES(455+889,'Syngnathus acus','femelle',NULL,'casierMorgates',NULL,0);
INSERT INTO Observation VALUES(456+889,'2016-04-20',NULL,268427.25,6734306.93);
INSERT INTO Obs_Hippocampe VALUES(456+889,'Syngnathus acus','femelle',NULL,'casierMorgates',NULL,0);
INSERT INTO Observation VALUES(457+889,'2016-04-20',NULL,268123.83,6734452.81);
INSERT INTO Obs_Hippocampe VALUES(457+889,'Syngnathus acus','femelle',NULL,'casierMorgates',NULL,0);
INSERT INTO Observation VALUES(458+889,'2016-04-20',NULL,268126.72,6734205.09);
INSERT INTO Obs_Hippocampe VALUES(458+889,'Syngnathus acus','femelle',NULL,'casierMorgates',NULL,0);
INSERT INTO Observation VALUES(459+889,'2016-04-20',NULL,268409.31,6734060.73);
INSERT INTO Obs_Hippocampe VALUES(459+889,'Syngnathus acus','femelle',NULL,'casierMorgates',NULL,0);
INSERT INTO Observation VALUES(460+889,'2016-04-20',NULL,268427.25,6734306.93);
INSERT INTO Obs_Hippocampe VALUES(460+889,'Syngnathus acus','femelle',NULL,'casierMorgates',NULL,0);
INSERT INTO Observation VALUES(461+889,'2016-04-20',NULL,268123.83,6734452.81);
INSERT INTO Obs_Hippocampe VALUES(461+889,'Syngnathus acus','femelle',NULL,'casierMorgates',NULL,0);
INSERT INTO Observation VALUES(462+889,'2016-04-20',NULL,268126.72,6734205.09);
INSERT INTO Obs_Hippocampe VALUES(462+889,'Syngnathus acus','femelle',NULL,'casierMorgates',NULL,0);
INSERT INTO Observation VALUES(463+889,'2016-04-20',NULL,268409.31,6734060.73);
INSERT INTO Obs_Hippocampe VALUES(463+889,'Syngnathus acus','femelle',NULL,'casierMorgates',NULL,0);
INSERT INTO Observation VALUES(464+889,'2016-04-20',NULL,268427.25,6734306.93);
INSERT INTO Obs_Hippocampe VALUES(464+889,'Syngnathus acus','femelle',NULL,'casierMorgates',NULL,0);
INSERT INTO Observation VALUES(465+889,'2016-04-20',NULL,268123.83,6734452.81);
INSERT INTO Obs_Hippocampe VALUES(465+889,'Syngnathus acus','femelle',NULL,'casierMorgates',NULL,0);
INSERT INTO Observation VALUES(466+889,'2016-04-20',NULL,268126.72,6734205.09);
INSERT INTO Obs_Hippocampe VALUES(466+889,'Syngnathus acus','femelle',NULL,'casierMorgates',NULL,0);
INSERT INTO Observation VALUES(467+889,'2016-04-20',NULL,268409.31,6734060.73);
INSERT INTO Obs_Hippocampe VALUES(467+889,'Syngnathus acus','femelle',NULL,'casierMorgates',NULL,0);
INSERT INTO Observation VALUES(468+889,'2016-04-20',NULL,268427.25,6734306.93);
INSERT INTO Obs_Hippocampe VALUES(468+889,'Syngnathus acus','femelle',NULL,'casierMorgates',NULL,0);
INSERT INTO Observation VALUES(469+889,'2016-04-20',NULL,268123.83,6734452.81);
INSERT INTO Obs_Hippocampe VALUES(469+889,'Syngnathus acus','femelle',NULL,'casierMorgates',NULL,0);
INSERT INTO Observation VALUES(470+889,'2016-04-20',NULL,268126.72,6734205.09);
INSERT INTO Obs_Hippocampe VALUES(470+889,'Syngnathus acus','male',NULL,'casierMorgates',NULL,0);
INSERT INTO Observation VALUES(471+889,'2016-04-20',NULL,268409.31,6734060.73);
INSERT INTO Obs_Hippocampe VALUES(471+889,'Syngnathus acus','male',NULL,'casierMorgates',NULL,0);
INSERT INTO Observation VALUES(472+889,'2016-04-20',NULL,268427.25,6734306.93);
INSERT INTO Obs_Hippocampe VALUES(472+889,'Syngnathus acus','male',NULL,'casierMorgates',NULL,0);
INSERT INTO Observation VALUES(473+889,'2016-04-20',NULL,268123.83,6734452.81);
INSERT INTO Obs_Hippocampe VALUES(473+889,'Syngnathus acus','male',NULL,'casierMorgates',NULL,0);
INSERT INTO Observation VALUES(474+889,'2016-04-20',NULL,268126.72,6734205.09);
INSERT INTO Obs_Hippocampe VALUES(474+889,'Syngnathus acus','male',NULL,'casierMorgates',NULL,0);
INSERT INTO Observation VALUES(475+889,'2016-04-20',NULL,268409.31,6734060.73);
INSERT INTO Obs_Hippocampe VALUES(475+889,'Syngnathus acus','male',NULL,'casierMorgates',NULL,0);
INSERT INTO Observation VALUES(476+889,'2016-04-20',NULL,268427.25,6734306.93);
INSERT INTO Obs_Hippocampe VALUES(476+889,'Syngnathus acus','male',NULL,'casierMorgates',NULL,0);
INSERT INTO Observation VALUES(477+889,'2016-04-20',NULL,268123.83,6734452.81);
INSERT INTO Obs_Hippocampe VALUES(477+889,'Syngnathus acus','male',NULL,'casierMorgates',NULL,0);
INSERT INTO Observation VALUES(478+889,'2016-04-20',NULL,268126.72,6734205.09);
INSERT INTO Obs_Hippocampe VALUES(478+889,'Syngnathus acus','femelle',NULL,'casierMorgates',NULL,0);
INSERT INTO Observation VALUES(479+889,'2016-04-20',NULL,268409.31,6734060.73);
INSERT INTO Obs_Hippocampe VALUES(479+889,'Syngnathus acus','femelle',NULL,'casierMorgates',NULL,0);
INSERT INTO Observation VALUES(480+889,'2016-04-20',NULL,268427.25,6734306.93);
INSERT INTO Obs_Hippocampe VALUES(480+889,'Syngnathus acus','femelle',NULL,'casierMorgates',NULL,0);
INSERT INTO Observation VALUES(481+889,'2016-04-20',NULL,268123.83,6734452.81);
INSERT INTO Obs_Hippocampe VALUES(481+889,'Syngnathus acus','femelle',NULL,'casierMorgates',NULL,0);
INSERT INTO Observation VALUES(482+889,'2016-04-20',NULL,268126.72,6734205.09);
INSERT INTO Obs_Hippocampe VALUES(482+889,'Syngnathus acus','femelle',NULL,'casierMorgates',NULL,0);
INSERT INTO Observation VALUES(483+889,'2016-04-20',NULL,268409.31,6734060.73);
INSERT INTO Obs_Hippocampe VALUES(483+889,'Syngnathus acus','femelle',NULL,'casierMorgates',NULL,0);
INSERT INTO Observation VALUES(484+889,'2016-04-20',NULL,268427.25,6734306.93);
INSERT INTO Obs_Hippocampe VALUES(484+889,'Syngnathus acus','femelle',NULL,'casierMorgates',NULL,0);
INSERT INTO Observation VALUES(485+889,'2016-04-20',NULL,268123.83,6734452.81);
INSERT INTO Obs_Hippocampe VALUES(485+889,'Syngnathus acus','femelle',NULL,'casierMorgates',NULL,0);
INSERT INTO Observation VALUES(486+889,'2016-04-20',NULL,268126.72,6734205.09);
INSERT INTO Obs_Hippocampe VALUES(486+889,'Syngnathus acus','femelle',NULL,'casierMorgates',NULL,0);
INSERT INTO Observation VALUES(487+889,'2016-04-20',NULL,268409.31,6734060.73);
INSERT INTO Obs_Hippocampe VALUES(487+889,'Syngnathus acus','femelle',NULL,'casierMorgates',NULL,0);
INSERT INTO Observation VALUES(488+889,'2016-04-20',NULL,268427.25,6734306.93);
INSERT INTO Obs_Hippocampe VALUES(488+889,'Syngnathus acus','femelle',NULL,'casierMorgates',NULL,0);
INSERT INTO Observation VALUES(489+889,'2016-04-20',NULL,268123.83,6734452.81);
INSERT INTO Obs_Hippocampe VALUES(489+889,'Syngnathus acus','femelle',NULL,'casierMorgates',NULL,0);
INSERT INTO Observation VALUES(490+889,'2016-04-20',NULL,268126.72,6734205.09);
INSERT INTO Obs_Hippocampe VALUES(490+889,'Syngnathus acus','femelle',NULL,'casierMorgates',NULL,0);
INSERT INTO Observation VALUES(491+889,'2016-04-20',NULL,268409.31,6734060.73);
INSERT INTO Obs_Hippocampe VALUES(491+889,'Syngnathus acus','femelle',NULL,'casierMorgates',NULL,0);
INSERT INTO Observation VALUES(492+889,'2016-04-20',NULL,268427.25,6734306.93);
INSERT INTO Obs_Hippocampe VALUES(492+889,'Syngnathus acus','femelle',NULL,'casierMorgates',NULL,0);
INSERT INTO Observation VALUES(493+889,'2016-04-20',NULL,268123.83,6734452.81);
INSERT INTO Obs_Hippocampe VALUES(493+889,'Syngnathus acus','femelle',NULL,'casierMorgates',NULL,0);
INSERT INTO Observation VALUES(494+889,'2016-04-20',NULL,268126.72,6734205.09);
INSERT INTO Obs_Hippocampe VALUES(494+889,'Syngnathus acus','femelle',NULL,'casierMorgates',NULL,0);
INSERT INTO Observation VALUES(495+889,'2016-04-20',NULL,268409.31,6734060.73);
INSERT INTO Obs_Hippocampe VALUES(495+889,'Syngnathus acus','femelle',NULL,'casierMorgates',NULL,0);
INSERT INTO Observation VALUES(496+889,'2016-04-20',NULL,268427.25,6734306.93);
INSERT INTO Obs_Hippocampe VALUES(496+889,'Syngnathus acus','femelle',NULL,'casierMorgates',NULL,0);
INSERT INTO Observation VALUES(497+889,'2016-04-20',NULL,268123.83,6734452.81);
INSERT INTO Obs_Hippocampe VALUES(497+889,'Syngnathus acus','femelle',NULL,'casierMorgates',NULL,0);
INSERT INTO Observation VALUES(498+889,'2016-04-20',NULL,268126.72,6734205.09);
INSERT INTO Obs_Hippocampe VALUES(498+889,'Syngnathus acus','femelle',NULL,'casierMorgates',NULL,0);
INSERT INTO Observation VALUES(499+889,'2016-04-20',NULL,268409.31,6734060.73);
INSERT INTO Obs_Hippocampe VALUES(499+889,'Syngnathus acus','femelle',NULL,'casierMorgates',NULL,0);
INSERT INTO Observation VALUES(500+889,'2016-04-20',NULL,268427.25,6734306.93);
INSERT INTO Obs_Hippocampe VALUES(500+889,'Syngnathus acus','femelle',NULL,'casierMorgates',NULL,0);
INSERT INTO Observation VALUES(501+889,'2016-04-20',NULL,268123.83,6734452.81);
INSERT INTO Obs_Hippocampe VALUES(501+889,'Syngnathus acus','femelle',NULL,'casierMorgates',NULL,0);
INSERT INTO Observation VALUES(502+889,'2016-04-20',NULL,268126.72,6734205.09);
INSERT INTO Obs_Hippocampe VALUES(502+889,'Syngnathus acus','male',NULL,'casierMorgates',NULL,0);
INSERT INTO Observation VALUES(503+889,'2016-04-20',NULL,268409.31,6734060.73);
INSERT INTO Obs_Hippocampe VALUES(503+889,'Syngnathus acus','male',NULL,'casierMorgates',NULL,0);
INSERT INTO Observation VALUES(504+889,'2016-04-20',NULL,268427.25,6734306.93);
INSERT INTO Obs_Hippocampe VALUES(504+889,'Syngnathus acus','male',NULL,'casierMorgates',NULL,0);
INSERT INTO Observation VALUES(505+889,'2016-04-20',NULL,268123.83,6734452.81);
INSERT INTO Obs_Hippocampe VALUES(505+889,'Syngnathus acus','male',NULL,'casierMorgates',NULL,0);
INSERT INTO Observation VALUES(506+889,'2016-04-20',NULL,268126.72,6734205.09);
INSERT INTO Obs_Hippocampe VALUES(506+889,'Syngnathus acus','femelle',NULL,'casierMorgates',NULL,0);
INSERT INTO Observation VALUES(507+889,'2016-04-20',NULL,268409.31,6734060.73);
INSERT INTO Obs_Hippocampe VALUES(507+889,'Syngnathus acus','femelle',NULL,'casierMorgates',NULL,0);
INSERT INTO Observation VALUES(508+889,'2016-04-20',NULL,268427.25,6734306.93);
INSERT INTO Obs_Hippocampe VALUES(508+889,'Syngnathus acus','femelle',NULL,'casierMorgates',NULL,0);
INSERT INTO Observation VALUES(509+889,'2016-04-20',NULL,268123.83,6734452.81);
INSERT INTO Obs_Hippocampe VALUES(509+889,'Syngnathus acus','femelle',NULL,'casierMorgates',NULL,0);
INSERT INTO Observation VALUES(510+889,'2016-04-20',NULL,268126.72,6734205.09);
INSERT INTO Obs_Hippocampe VALUES(510+889,'Syngnathus acus','femelle',NULL,'casierMorgates',NULL,0);
INSERT INTO Observation VALUES(511+889,'2016-04-20',NULL,268409.31,6734060.73);
INSERT INTO Obs_Hippocampe VALUES(511+889,'Syngnathus acus','femelle',NULL,'casierMorgates',NULL,0);
INSERT INTO Observation VALUES(512+889,'2016-04-20',NULL,268427.25,6734306.93);
INSERT INTO Obs_Hippocampe VALUES(512+889,'Syngnathus acus','femelle',NULL,'casierMorgates',NULL,0);
INSERT INTO Observation VALUES(513+889,'2016-04-20',NULL,268123.83,6734452.81);
INSERT INTO Obs_Hippocampe VALUES(513+889,'Syngnathus acus','femelle',NULL,'casierMorgates',NULL,0);
INSERT INTO Observation VALUES(514+889,'2016-04-20',NULL,268126.72,6734205.09);
INSERT INTO Obs_Hippocampe VALUES(514+889,'Syngnathus acus','femelle',NULL,'casierMorgates',NULL,0);
INSERT INTO Observation VALUES(515+889,'2016-04-20',NULL,268409.31,6734060.73);
INSERT INTO Obs_Hippocampe VALUES(515+889,'Syngnathus acus','femelle',NULL,'casierMorgates',NULL,0);
INSERT INTO Observation VALUES(516+889,'2016-04-20',NULL,268427.25,6734306.93);
INSERT INTO Obs_Hippocampe VALUES(516+889,'Syngnathus acus','femelle',NULL,'casierMorgates',NULL,0);
INSERT INTO Observation VALUES(517+889,'2016-04-20',NULL,268123.83,6734452.81);
INSERT INTO Obs_Hippocampe VALUES(517+889,'Syngnathus acus','femelle',NULL,'casierMorgates',NULL,0);
INSERT INTO Observation VALUES(518+889,'2016-04-20',NULL,268126.72,6734205.09);
INSERT INTO Obs_Hippocampe VALUES(518+889,'Syngnathus acus','femelle',NULL,'casierMorgates',NULL,0);
INSERT INTO Observation VALUES(519+889,'2016-04-20',NULL,268409.31,6734060.73);
INSERT INTO Obs_Hippocampe VALUES(519+889,'Syngnathus acus','femelle',NULL,'casierMorgates',NULL,0);
INSERT INTO Observation VALUES(520+889,'2016-04-20',NULL,268427.25,6734306.93);
INSERT INTO Obs_Hippocampe VALUES(520+889,'Syngnathus acus','femelle',NULL,'casierMorgates',NULL,0);
INSERT INTO Observation VALUES(521+889,'2016-04-20',NULL,268123.83,6734452.81);
INSERT INTO Obs_Hippocampe VALUES(521+889,'Syngnathus acus','femelle',NULL,'casierMorgates',NULL,0);
INSERT INTO Observation VALUES(522+889,'2016-04-20',NULL,268126.72,6734205.09);
INSERT INTO Obs_Hippocampe VALUES(522+889,'Syngnathus acus','femelle',NULL,'casierMorgates',NULL,0);
INSERT INTO Observation VALUES(523+889,'2016-04-20',NULL,268409.31,6734060.73);
INSERT INTO Obs_Hippocampe VALUES(523+889,'Syngnathus acus','femelle',NULL,'casierMorgates',NULL,0);
INSERT INTO Observation VALUES(524+889,'2016-04-20',NULL,268427.25,6734306.93);
INSERT INTO Obs_Hippocampe VALUES(524+889,'Syngnathus acus','femelle',NULL,'casierMorgates',NULL,0);
INSERT INTO Observation VALUES(525+889,'2016-04-20',NULL,268123.83,6734452.81);
INSERT INTO Obs_Hippocampe VALUES(525+889,'Syngnathus acus','femelle',NULL,'casierMorgates',NULL,0);
INSERT INTO Observation VALUES(526+889,'2016-04-20',NULL,268126.72,6734205.09);
INSERT INTO Obs_Hippocampe VALUES(526+889,'Syngnathus acus','male',NULL,'casierMorgates',NULL,0);
INSERT INTO Observation VALUES(527+889,'2016-04-20',NULL,268409.31,6734060.73);
INSERT INTO Obs_Hippocampe VALUES(527+889,'Syngnathus acus','male',NULL,'casierMorgates',NULL,0);
INSERT INTO Observation VALUES(528+889,'2016-04-20',NULL,268427.25,6734306.93);
INSERT INTO Obs_Hippocampe VALUES(528+889,'Syngnathus acus','male',NULL,'casierMorgates',NULL,0);
INSERT INTO Observation VALUES(529+889,'2016-04-20',NULL,268123.83,6734452.81);
INSERT INTO Obs_Hippocampe VALUES(529+889,'Syngnathus acus','male',NULL,'casierMorgates',NULL,0);
INSERT INTO Observation VALUES(530+889,'2016-04-20',NULL,268126.72,6734205.09);
INSERT INTO Obs_Hippocampe VALUES(530+889,'Syngnathus acus','femelle',NULL,'casierMorgates',NULL,0);
INSERT INTO Observation VALUES(531+889,'2016-04-20',NULL,268409.31,6734060.73);
INSERT INTO Obs_Hippocampe VALUES(531+889,'Syngnathus acus','femelle',NULL,'casierMorgates',NULL,0);
INSERT INTO Observation VALUES(532+889,'2016-04-20',NULL,268427.25,6734306.93);
INSERT INTO Obs_Hippocampe VALUES(532+889,'Syngnathus acus','femelle',NULL,'casierMorgates',NULL,0);
INSERT INTO Observation VALUES(533+889,'2016-04-20',NULL,268123.83,6734452.81);
INSERT INTO Obs_Hippocampe VALUES(533+889,'Syngnathus acus','femelle',NULL,'casierMorgates',NULL,0);
INSERT INTO Observation VALUES(534+889,'2016-04-20',NULL,268126.72,6734205.09);
INSERT INTO Obs_Hippocampe VALUES(534+889,'Syngnathus acus','femelle',NULL,'casierMorgates',NULL,0);
INSERT INTO Observation VALUES(535+889,'2016-04-20',NULL,268409.31,6734060.73);
INSERT INTO Obs_Hippocampe VALUES(535+889,'Syngnathus acus','femelle',NULL,'casierMorgates',NULL,0);
INSERT INTO Observation VALUES(536+889,'2016-04-20',NULL,268427.25,6734306.93);
INSERT INTO Obs_Hippocampe VALUES(536+889,'Syngnathus acus','femelle',NULL,'casierMorgates',NULL,0);
INSERT INTO Observation VALUES(537+889,'2016-04-20',NULL,268123.83,6734452.81);
INSERT INTO Obs_Hippocampe VALUES(537+889,'Syngnathus acus','femelle',NULL,'casierMorgates',NULL,0);
INSERT INTO Observation VALUES(538+889,'2016-04-20',NULL,268126.72,6734205.09);
INSERT INTO Obs_Hippocampe VALUES(538+889,'Syngnathus acus','femelle',NULL,'casierMorgates',NULL,0);
INSERT INTO Observation VALUES(539+889,'2016-04-20',NULL,268409.31,6734060.73);
INSERT INTO Obs_Hippocampe VALUES(539+889,'Syngnathus acus','femelle',NULL,'casierMorgates',NULL,0);
INSERT INTO Observation VALUES(540+889,'2016-04-20',NULL,268427.25,6734306.93);
INSERT INTO Obs_Hippocampe VALUES(540+889,'Syngnathus acus','femelle',NULL,'casierMorgates',NULL,0);
INSERT INTO Observation VALUES(541+889,'2016-04-20',NULL,268123.83,6734452.81);
INSERT INTO Obs_Hippocampe VALUES(541+889,'Syngnathus acus','femelle',NULL,'casierMorgates',NULL,0);
INSERT INTO Observation VALUES(542+889,'2016-04-20',NULL,268126.72,6734205.09);
INSERT INTO Obs_Hippocampe VALUES(542+889,'Syngnathus acus','femelle',NULL,'casierMorgates',NULL,0);
INSERT INTO Observation VALUES(543+889,'2016-04-20',NULL,268409.31,6734060.73);
INSERT INTO Obs_Hippocampe VALUES(543+889,'Syngnathus acus','femelle',NULL,'casierMorgates',NULL,0);
INSERT INTO Observation VALUES(544+889,'2016-04-20',NULL,268427.25,6734306.93);
INSERT INTO Obs_Hippocampe VALUES(544+889,'Syngnathus acus','femelle',NULL,'casierMorgates',NULL,0);
INSERT INTO Observation VALUES(545+889,'2016-04-20',NULL,268123.83,6734452.81);
INSERT INTO Obs_Hippocampe VALUES(545+889,'Syngnathus acus','femelle',NULL,'casierMorgates',NULL,0);
INSERT INTO Observation VALUES(546+889,'2016-04-20',NULL,268126.72,6734205.09);
INSERT INTO Obs_Hippocampe VALUES(546+889,'Syngnathus acus','femelle',NULL,'casierMorgates',NULL,0);
INSERT INTO Observation VALUES(547+889,'2016-04-20',NULL,268409.31,6734060.73);
INSERT INTO Obs_Hippocampe VALUES(547+889,'Syngnathus acus','femelle',NULL,'casierMorgates',NULL,0);
INSERT INTO Observation VALUES(548+889,'2016-04-20',NULL,268427.25,6734306.93);
INSERT INTO Obs_Hippocampe VALUES(548+889,'Syngnathus acus','femelle',NULL,'casierMorgates',NULL,0);
INSERT INTO Observation VALUES(549+889,'2016-04-20',NULL,268123.83,6734452.81);
INSERT INTO Obs_Hippocampe VALUES(549+889,'Syngnathus acus','femelle',NULL,'casierMorgates',NULL,0);
INSERT INTO Observation VALUES(550+889,'2016-04-20',NULL,268126.72,6734205.09);
INSERT INTO Obs_Hippocampe VALUES(550+889,'Syngnathus acus','femelle',NULL,'casierMorgates',NULL,0);
INSERT INTO Observation VALUES(551+889,'2016-04-20',NULL,268409.31,6734060.73);
INSERT INTO Obs_Hippocampe VALUES(551+889,'Syngnathus acus','femelle',NULL,'casierMorgates',NULL,0);
INSERT INTO Observation VALUES(552+889,'2016-04-20',NULL,268427.25,6734306.93);
INSERT INTO Obs_Hippocampe VALUES(552+889,'Syngnathus acus','femelle',NULL,'casierMorgates',NULL,0);
INSERT INTO Observation VALUES(553+889,'2016-04-20',NULL,268123.83,6734452.81);
INSERT INTO Obs_Hippocampe VALUES(553+889,'Syngnathus acus','femelle',NULL,'casierMorgates',NULL,0);
INSERT INTO Observation VALUES(554+889,'2016-04-20',NULL,268126.72,6734205.09);
INSERT INTO Obs_Hippocampe VALUES(554+889,'Syngnathus acus','femelle',NULL,'casierMorgates',NULL,0);
INSERT INTO Observation VALUES(555+889,'2016-04-20',NULL,268409.31,6734060.73);
INSERT INTO Obs_Hippocampe VALUES(555+889,'Syngnathus acus','femelle',NULL,'casierMorgates',NULL,0);
INSERT INTO Observation VALUES(556+889,'2016-04-20',NULL,268427.25,6734306.93);
INSERT INTO Obs_Hippocampe VALUES(556+889,'Syngnathus acus','femelle',NULL,'casierMorgates',NULL,0);
INSERT INTO Observation VALUES(557+889,'2016-04-20',NULL,268123.83,6734452.81);
INSERT INTO Obs_Hippocampe VALUES(557+889,'Syngnathus acus','femelle',NULL,'casierMorgates',NULL,0);
INSERT INTO Observation VALUES(558+889,'2016-04-20',NULL,268126.72,6734205.09);
INSERT INTO Obs_Hippocampe VALUES(558+889,'Syngnathus acus','femelle',NULL,'casierMorgates',NULL,0);
INSERT INTO Observation VALUES(559+889,'2016-04-20',NULL,268409.31,6734060.73);
INSERT INTO Obs_Hippocampe VALUES(559+889,'Syngnathus acus','femelle',NULL,'casierMorgates',NULL,0);
INSERT INTO Observation VALUES(560+889,'2016-04-20',NULL,268427.25,6734306.93);
INSERT INTO Obs_Hippocampe VALUES(560+889,'Syngnathus acus','femelle',NULL,'casierMorgates',NULL,0);
INSERT INTO Observation VALUES(561+889,'2016-04-20',NULL,268123.83,6734452.81);
INSERT INTO Obs_Hippocampe VALUES(561+889,'Syngnathus acus','femelle',NULL,'casierMorgates',NULL,0);
INSERT INTO Observation VALUES(562+889,'2016-04-20',NULL,268126.72,6734205.09);
INSERT INTO Obs_Hippocampe VALUES(562+889,'Syngnathus acus','femelle',NULL,'casierMorgates',NULL,0);
INSERT INTO Observation VALUES(563+889,'2016-04-20',NULL,268409.31,6734060.73);
INSERT INTO Obs_Hippocampe VALUES(563+889,'Syngnathus acus','femelle',NULL,'casierMorgates',NULL,0);
INSERT INTO Observation VALUES(564+889,'2016-04-20',NULL,268427.25,6734306.93);
INSERT INTO Obs_Hippocampe VALUES(564+889,'Syngnathus acus','femelle',NULL,'casierMorgates',NULL,0);
INSERT INTO Observation VALUES(565+889,'2016-04-20',NULL,268123.83,6734452.81);
INSERT INTO Obs_Hippocampe VALUES(565+889,'Syngnathus acus','femelle',NULL,'casierMorgates',NULL,0);
INSERT INTO Observation VALUES(566+889,'2016-04-20',NULL,268126.72,6734205.09);
INSERT INTO Obs_Hippocampe VALUES(566+889,'Syngnathus acus','femelle',NULL,'casierMorgates',NULL,0);
INSERT INTO Observation VALUES(567+889,'2016-04-20',NULL,268409.31,6734060.73);
INSERT INTO Obs_Hippocampe VALUES(567+889,'Syngnathus acus','femelle',NULL,'casierMorgates',NULL,0);
INSERT INTO Observation VALUES(568+889,'2016-04-20',NULL,268427.25,6734306.93);
INSERT INTO Obs_Hippocampe VALUES(568+889,'Syngnathus acus','femelle',NULL,'casierMorgates',NULL,0);
INSERT INTO Observation VALUES(569+889,'2016-04-20',NULL,268123.83,6734452.81);
INSERT INTO Obs_Hippocampe VALUES(569+889,'Syngnathus acus','femelle',NULL,'casierMorgates',NULL,0);
INSERT INTO Observation VALUES(570+889,'2016-04-20',NULL,268126.72,6734205.09);
INSERT INTO Obs_Hippocampe VALUES(570+889,'Syngnathus acus','femelle',NULL,'casierMorgates',NULL,0);
INSERT INTO Observation VALUES(571+889,'2016-04-20',NULL,268409.31,6734060.73);
INSERT INTO Obs_Hippocampe VALUES(571+889,'Syngnathus acus','femelle',NULL,'casierMorgates',NULL,0);
INSERT INTO Observation VALUES(572+889,'2016-04-20',NULL,268427.25,6734306.93);
INSERT INTO Obs_Hippocampe VALUES(572+889,'Syngnathus acus','femelle',NULL,'casierMorgates',NULL,0);
INSERT INTO Observation VALUES(573+889,'2016-04-20',NULL,268123.83,6734452.81);
INSERT INTO Obs_Hippocampe VALUES(573+889,'Syngnathus acus','femelle',NULL,'casierMorgates',NULL,0);
INSERT INTO Observation VALUES(574+889,'2016-04-20',NULL,268126.72,6734205.09);
INSERT INTO Obs_Hippocampe VALUES(574+889,'Syngnathus acus','femelle',NULL,'casierMorgates',NULL,0);
INSERT INTO Observation VALUES(575+889,'2016-04-20',NULL,268409.31,6734060.73);
INSERT INTO Obs_Hippocampe VALUES(575+889,'Syngnathus acus','femelle',NULL,'casierMorgates',NULL,0);
INSERT INTO Observation VALUES(576+889,'2016-04-20',NULL,268427.25,6734306.93);
INSERT INTO Obs_Hippocampe VALUES(576+889,'Syngnathus acus','femelle',NULL,'casierMorgates',NULL,0);
INSERT INTO Observation VALUES(577+889,'2016-04-20',NULL,268123.83,6734452.81);
INSERT INTO Obs_Hippocampe VALUES(577+889,'Syngnathus acus','femelle',NULL,'casierMorgates',NULL,0);
INSERT INTO Observation VALUES(578+889,'2016-04-20',NULL,268126.72,6734205.09);
INSERT INTO Obs_Hippocampe VALUES(578+889,'Syngnathus acus','femelle',NULL,'casierMorgates',NULL,0);
INSERT INTO Observation VALUES(579+889,'2016-04-20',NULL,268409.31,6734060.73);
INSERT INTO Obs_Hippocampe VALUES(579+889,'Syngnathus acus','femelle',NULL,'casierMorgates',NULL,0);
INSERT INTO Observation VALUES(580+889,'2016-04-20',NULL,268427.25,6734306.93);
INSERT INTO Obs_Hippocampe VALUES(580+889,'Syngnathus acus','femelle',NULL,'casierMorgates',NULL,0);
INSERT INTO Observation VALUES(581+889,'2016-04-20',NULL,268123.83,6734452.81);
INSERT INTO Obs_Hippocampe VALUES(581+889,'Syngnathus acus','femelle',NULL,'casierMorgates',NULL,0);
INSERT INTO Observation VALUES(582+889,'2016-04-20',NULL,268126.72,6734205.09);
INSERT INTO Obs_Hippocampe VALUES(582+889,'Syngnathus acus','femelle',NULL,'casierMorgates',NULL,0);
INSERT INTO Observation VALUES(583+889,'2016-04-20',NULL,268409.31,6734060.73);
INSERT INTO Obs_Hippocampe VALUES(583+889,'Syngnathus acus','femelle',NULL,'casierMorgates',NULL,0);
INSERT INTO Observation VALUES(584+889,'2016-04-20',NULL,268427.25,6734306.93);
INSERT INTO Obs_Hippocampe VALUES(584+889,'Syngnathus acus','femelle',NULL,'casierMorgates',NULL,0);
INSERT INTO Observation VALUES(585+889,'2016-04-20',NULL,268123.83,6734452.81);
INSERT INTO Obs_Hippocampe VALUES(585+889,'Syngnathus acus','femelle',NULL,'casierMorgates',NULL,0);
INSERT INTO Observation VALUES(586+889,'2016-04-20',NULL,268126.72,6734205.09);
INSERT INTO Obs_Hippocampe VALUES(586+889,'Syngnathus acus','femelle',NULL,'casierMorgates',NULL,0);
INSERT INTO Observation VALUES(587+889,'2016-04-20',NULL,268409.31,6734060.73);
INSERT INTO Obs_Hippocampe VALUES(587+889,'Syngnathus acus','femelle',NULL,'casierMorgates',NULL,0);
INSERT INTO Observation VALUES(588+889,'2016-04-20',NULL,268427.25,6734306.93);
INSERT INTO Obs_Hippocampe VALUES(588+889,'Syngnathus acus','femelle',NULL,'casierMorgates',NULL,0);
INSERT INTO Observation VALUES(589+889,'2016-04-20',NULL,268123.83,6734452.81);
INSERT INTO Obs_Hippocampe VALUES(589+889,'Syngnathus acus','femelle',NULL,'casierMorgates',NULL,0);
INSERT INTO Observation VALUES(590+889,'2016-04-20',NULL,268126.72,6734205.09);
INSERT INTO Obs_Hippocampe VALUES(590+889,'Syngnathus acus','femelle',NULL,'casierMorgates',NULL,0);
INSERT INTO Observation VALUES(591+889,'2016-04-20',NULL,268409.31,6734060.73);
INSERT INTO Obs_Hippocampe VALUES(591+889,'Syngnathus acus','femelle',NULL,'casierMorgates',NULL,0);
INSERT INTO Observation VALUES(592+889,'2016-04-20',NULL,268427.25,6734306.93);
INSERT INTO Obs_Hippocampe VALUES(592+889,'Syngnathus acus','femelle',NULL,'casierMorgates',NULL,0);
INSERT INTO Observation VALUES(593+889,'2016-04-20',NULL,268123.83,6734452.81);
INSERT INTO Obs_Hippocampe VALUES(593+889,'Syngnathus acus','femelle',NULL,'casierMorgates',NULL,0);
INSERT INTO Observation VALUES(594+889,'2016-04-20',NULL,268126.72,6734205.09);
INSERT INTO Obs_Hippocampe VALUES(594+889,'Syngnathus acus','femelle',NULL,'casierMorgates',NULL,0);
INSERT INTO Observation VALUES(595+889,'2016-04-20',NULL,268409.31,6734060.73);
INSERT INTO Obs_Hippocampe VALUES(595+889,'Syngnathus acus','femelle',NULL,'casierMorgates',NULL,0);
INSERT INTO Observation VALUES(596+889,'2016-04-20',NULL,268427.25,6734306.93);
INSERT INTO Obs_Hippocampe VALUES(596+889,'Syngnathus acus','femelle',NULL,'casierMorgates',NULL,0);
INSERT INTO Observation VALUES(597+889,'2016-04-20',NULL,268123.83,6734452.81);
INSERT INTO Obs_Hippocampe VALUES(597+889,'Syngnathus acus','femelle',NULL,'casierMorgates',NULL,0);
INSERT INTO Observation VALUES(598+889,'2016-04-20',NULL,268126.72,6734205.09);
INSERT INTO Obs_Hippocampe VALUES(598+889,'Syngnathus acus','femelle',NULL,'casierMorgates',NULL,0);
INSERT INTO Observation VALUES(599+889,'2016-04-20',NULL,268409.31,6734060.73);
INSERT INTO Obs_Hippocampe VALUES(599+889,'Syngnathus acus','femelle',NULL,'casierMorgates',NULL,0);
INSERT INTO Observation VALUES(600+889,'2016-04-20',NULL,268427.25,6734306.93);
INSERT INTO Obs_Hippocampe VALUES(600+889,'Syngnathus acus','femelle',NULL,'casierMorgates',NULL,0);
INSERT INTO Observation VALUES(601+889,'2016-04-20',NULL,268123.83,6734452.81);
INSERT INTO Obs_Hippocampe VALUES(601+889,'Syngnathus acus','femelle',NULL,'casierMorgates',NULL,0);
INSERT INTO Observation VALUES(602+889,'2016-04-20',NULL,268126.72,6734205.09);
INSERT INTO Obs_Hippocampe VALUES(602+889,'Syngnathus acus','femelle',NULL,'casierMorgates',NULL,0);
INSERT INTO Observation VALUES(603+889,'2016-04-20',NULL,268409.31,6734060.73);
INSERT INTO Obs_Hippocampe VALUES(603+889,'Syngnathus acus','femelle',NULL,'casierMorgates',NULL,0);
INSERT INTO Observation VALUES(604+889,'2016-04-20',NULL,268427.25,6734306.93);
INSERT INTO Obs_Hippocampe VALUES(604+889,'Syngnathus acus','femelle',NULL,'casierMorgates',NULL,0);
INSERT INTO Observation VALUES(605+889,'2016-04-20',NULL,268123.83,6734452.81);
INSERT INTO Obs_Hippocampe VALUES(605+889,'Syngnathus acus','femelle',NULL,'casierMorgates',NULL,0);
INSERT INTO Observation VALUES(606+889,'2016-04-20',NULL,268126.72,6734205.09);
INSERT INTO Obs_Hippocampe VALUES(606+889,'Syngnathus acus','femelle',NULL,'casierMorgates',NULL,0);
INSERT INTO Observation VALUES(607+889,'2016-04-20',NULL,268409.31,6734060.73);
INSERT INTO Obs_Hippocampe VALUES(607+889,'Syngnathus acus','femelle',NULL,'casierMorgates',NULL,0);
INSERT INTO Observation VALUES(608+889,'2016-04-20',NULL,268427.25,6734306.93);
INSERT INTO Obs_Hippocampe VALUES(608+889,'Syngnathus acus','femelle',NULL,'casierMorgates',NULL,0);
INSERT INTO Observation VALUES(609+889,'2016-04-20',NULL,268123.83,6734452.81);
INSERT INTO Obs_Hippocampe VALUES(609+889,'Syngnathus acus','femelle',NULL,'casierMorgates',NULL,0);
INSERT INTO Observation VALUES(610+889,'2016-04-20',NULL,268126.72,6734205.09);
INSERT INTO Obs_Hippocampe VALUES(610+889,'Syngnathus acus','femelle',NULL,'casierMorgates',NULL,0);
INSERT INTO Observation VALUES(611+889,'2016-04-20',NULL,268409.31,6734060.73);
INSERT INTO Obs_Hippocampe VALUES(611+889,'Syngnathus acus','femelle',NULL,'casierMorgates',NULL,0);
INSERT INTO Observation VALUES(612+889,'2016-04-20',NULL,268427.25,6734306.93);
INSERT INTO Obs_Hippocampe VALUES(612+889,'Syngnathus acus','femelle',NULL,'casierMorgates',NULL,0);
INSERT INTO Observation VALUES(613+889,'2016-04-20',NULL,268123.83,6734452.81);
INSERT INTO Obs_Hippocampe VALUES(613+889,'Syngnathus acus','femelle',NULL,'casierMorgates',NULL,0);
INSERT INTO Observation VALUES(614+889,'2016-04-20',NULL,268126.72,6734205.09);
INSERT INTO Obs_Hippocampe VALUES(614+889,'Syngnathus acus','femelle',NULL,'casierMorgates',NULL,0);
INSERT INTO Observation VALUES(615+889,'2016-04-20',NULL,268409.31,6734060.73);
INSERT INTO Obs_Hippocampe VALUES(615+889,'Syngnathus acus','femelle',NULL,'casierMorgates',NULL,0);
INSERT INTO Observation VALUES(616+889,'2016-04-20',NULL,268427.25,6734306.93);
INSERT INTO Obs_Hippocampe VALUES(616+889,'Syngnathus acus','femelle',NULL,'casierMorgates',NULL,0);
INSERT INTO Observation VALUES(617+889,'2016-04-20',NULL,268123.83,6734452.81);
INSERT INTO Obs_Hippocampe VALUES(617+889,'Syngnathus acus','femelle',NULL,'casierMorgates',NULL,0);
INSERT INTO Observation VALUES(618+889,'2016-04-20',NULL,268126.72,6734205.09);
INSERT INTO Obs_Hippocampe VALUES(618+889,'Syngnathus acus','femelle',NULL,'casierMorgates',NULL,0);
INSERT INTO Observation VALUES(619+889,'2016-04-20',NULL,268409.31,6734060.73);
INSERT INTO Obs_Hippocampe VALUES(619+889,'Syngnathus acus','femelle',NULL,'casierMorgates',NULL,0);
INSERT INTO Observation VALUES(620+889,'2016-04-20',NULL,268427.25,6734306.93);
INSERT INTO Obs_Hippocampe VALUES(620+889,'Syngnathus acus','femelle',NULL,'casierMorgates',NULL,0);
INSERT INTO Observation VALUES(621+889,'2016-04-20',NULL,268123.83,6734452.81);
INSERT INTO Obs_Hippocampe VALUES(621+889,'Syngnathus acus','femelle',NULL,'casierMorgates',NULL,0);
INSERT INTO Observation VALUES(622+889,'2016-04-20',NULL,268126.72,6734205.09);
INSERT INTO Obs_Hippocampe VALUES(622+889,'Syngnathus acus','femelle',NULL,'casierMorgates',NULL,0);
INSERT INTO Observation VALUES(623+889,'2016-04-20',NULL,268409.31,6734060.73);
INSERT INTO Obs_Hippocampe VALUES(623+889,'Syngnathus acus','femelle',NULL,'casierMorgates',NULL,0);
INSERT INTO Observation VALUES(624+889,'2016-04-20',NULL,268427.25,6734306.93);
INSERT INTO Obs_Hippocampe VALUES(624+889,'Syngnathus acus','femelle',NULL,'casierMorgates',NULL,0);
INSERT INTO Observation VALUES(625+889,'2016-04-20',NULL,268123.83,6734452.81);
INSERT INTO Obs_Hippocampe VALUES(625+889,'Syngnathus acus','femelle',NULL,'casierMorgates',NULL,0);
INSERT INTO Observation VALUES(626+889,'2016-04-20',NULL,268126.72,6734205.09);
INSERT INTO Obs_Hippocampe VALUES(626+889,'Syngnathus acus','femelle',NULL,'casierMorgates',NULL,0);
INSERT INTO Observation VALUES(627+889,'2016-04-20',NULL,268409.31,6734060.73);
INSERT INTO Obs_Hippocampe VALUES(627+889,'Syngnathus acus','femelle',NULL,'casierMorgates',NULL,0);
INSERT INTO Observation VALUES(628+889,'2016-04-20',NULL,268427.25,6734306.93);
INSERT INTO Obs_Hippocampe VALUES(628+889,'Syngnathus acus','femelle',NULL,'casierMorgates',NULL,0);
INSERT INTO Observation VALUES(629+889,'2016-04-20',NULL,268123.83,6734452.81);
INSERT INTO Obs_Hippocampe VALUES(629+889,'Syngnathus acus','femelle',NULL,'casierMorgates',NULL,0);
INSERT INTO Observation VALUES(630+889,'2016-04-20',NULL,268126.72,6734205.09);
INSERT INTO Obs_Hippocampe VALUES(630+889,'Syngnathus acus','femelle',NULL,'casierMorgates',NULL,0);
INSERT INTO Observation VALUES(631+889,'2016-04-20',NULL,268409.31,6734060.73);
INSERT INTO Obs_Hippocampe VALUES(631+889,'Syngnathus acus','femelle',NULL,'casierMorgates',NULL,0);
INSERT INTO Observation VALUES(632+889,'2016-04-20',NULL,268427.25,6734306.93);
INSERT INTO Obs_Hippocampe VALUES(632+889,'Syngnathus acus','femelle',NULL,'casierMorgates',NULL,0);
INSERT INTO Observation VALUES(633+889,'2016-04-20',NULL,268123.83,6734452.81);
INSERT INTO Obs_Hippocampe VALUES(633+889,'Syngnathus acus','femelle',NULL,'casierMorgates',NULL,0);
INSERT INTO Observation VALUES(634+889,'2016-04-20',NULL,268126.72,6734205.09);
INSERT INTO Obs_Hippocampe VALUES(634+889,'Syngnathus acus','femelle',NULL,'casierMorgates',NULL,0);
INSERT INTO Observation VALUES(635+889,'2016-04-20',NULL,268409.31,6734060.73);
INSERT INTO Obs_Hippocampe VALUES(635+889,'Syngnathus acus','femelle',NULL,'casierMorgates',NULL,0);
INSERT INTO Observation VALUES(636+889,'2016-04-20',NULL,268427.25,6734306.93);
INSERT INTO Obs_Hippocampe VALUES(636+889,'Syngnathus acus','femelle',NULL,'casierMorgates',NULL,0);
INSERT INTO Observation VALUES(637+889,'2016-04-20',NULL,268123.83,6734452.81);
INSERT INTO Obs_Hippocampe VALUES(637+889,'Syngnathus acus','femelle',NULL,'casierMorgates',NULL,0);
INSERT INTO Observation VALUES(638+889,'2016-04-20',NULL,268126.72,6734205.09);
INSERT INTO Obs_Hippocampe VALUES(638+889,'Syngnathus acus','femelle',NULL,'casierMorgates',NULL,0);
INSERT INTO Observation VALUES(639+889,'2016-04-20',NULL,268409.31,6734060.73);
INSERT INTO Obs_Hippocampe VALUES(639+889,'Syngnathus acus','femelle',NULL,'casierMorgates',NULL,0);
INSERT INTO Observation VALUES(640+889,'2016-04-20',NULL,268427.25,6734306.93);
INSERT INTO Obs_Hippocampe VALUES(640+889,'Syngnathus acus','femelle',NULL,'casierMorgates',NULL,0);
INSERT INTO Observation VALUES(641+889,'2016-04-20',NULL,268123.83,6734452.81);
INSERT INTO Obs_Hippocampe VALUES(641+889,'Syngnathus acus','femelle',NULL,'casierMorgates',NULL,0);
INSERT INTO Observation VALUES(642+889,'2016-04-20',NULL,268126.72,6734205.09);
INSERT INTO Obs_Hippocampe VALUES(642+889,'Syngnathus acus','femelle',NULL,'casierMorgates',NULL,0);
INSERT INTO Observation VALUES(643+889,'2016-04-20',NULL,268409.31,6734060.73);
INSERT INTO Obs_Hippocampe VALUES(643+889,'Syngnathus acus','femelle',NULL,'casierMorgates',NULL,0);
INSERT INTO Observation VALUES(644+889,'2016-04-20',NULL,268427.25,6734306.93);
INSERT INTO Obs_Hippocampe VALUES(644+889,'Syngnathus acus','femelle',NULL,'casierMorgates',NULL,0);
INSERT INTO Observation VALUES(645+889,'2016-04-20',NULL,268123.83,6734452.81);
INSERT INTO Obs_Hippocampe VALUES(645+889,'Syngnathus acus','femelle',NULL,'casierMorgates',NULL,0);
INSERT INTO Observation VALUES(646+889,'2016-04-20',NULL,268126.72,6734205.09);
INSERT INTO Obs_Hippocampe VALUES(646+889,'Syngnathus acus','femelle',NULL,'casierMorgates',NULL,0);
INSERT INTO Observation VALUES(647+889,'2016-04-20',NULL,268409.31,6734060.73);
INSERT INTO Obs_Hippocampe VALUES(647+889,'Syngnathus acus','femelle',NULL,'casierMorgates',NULL,0);
INSERT INTO Observation VALUES(648+889,'2016-04-20',NULL,268427.25,6734306.93);
INSERT INTO Obs_Hippocampe VALUES(648+889,'Syngnathus acus','femelle',NULL,'casierMorgates',NULL,0);
INSERT INTO Observation VALUES(649+889,'2016-04-20',NULL,268123.83,6734452.81);
INSERT INTO Obs_Hippocampe VALUES(649+889,'Syngnathus acus','femelle',NULL,'casierMorgates',NULL,0);
INSERT INTO Observation VALUES(650+889,'2016-04-20',NULL,268126.72,6734205.09);
INSERT INTO Obs_Hippocampe VALUES(650+889,'Syngnathus acus','femelle',NULL,'casierMorgates',NULL,0);
INSERT INTO Observation VALUES(651+889,'2016-04-20',NULL,268409.31,6734060.73);
INSERT INTO Obs_Hippocampe VALUES(651+889,'Syngnathus acus','femelle',NULL,'casierMorgates',NULL,0);
INSERT INTO Observation VALUES(652+889,'2016-04-20',NULL,268427.25,6734306.93);
INSERT INTO Obs_Hippocampe VALUES(652+889,'Syngnathus acus','femelle',NULL,'casierMorgates',NULL,0);
INSERT INTO Observation VALUES(653+889,'2016-04-20',NULL,268123.83,6734452.81);
INSERT INTO Obs_Hippocampe VALUES(653+889,'Syngnathus acus','femelle',NULL,'casierMorgates',NULL,0);
INSERT INTO Observation VALUES(654+889,'2016-04-20',NULL,268126.72,6734205.09);
INSERT INTO Obs_Hippocampe VALUES(654+889,'Syngnathus acus','femelle',NULL,'casierMorgates',NULL,0);
INSERT INTO Observation VALUES(655+889,'2016-04-20',NULL,268409.31,6734060.73);
INSERT INTO Obs_Hippocampe VALUES(655+889,'Syngnathus acus','femelle',NULL,'casierMorgates',NULL,0);
INSERT INTO Observation VALUES(656+889,'2016-04-20',NULL,268427.25,6734306.93);
INSERT INTO Obs_Hippocampe VALUES(656+889,'Syngnathus acus','femelle',NULL,'casierMorgates',NULL,0);
INSERT INTO Observation VALUES(657+889,'2016-04-20',NULL,268123.83,6734452.81);
INSERT INTO Obs_Hippocampe VALUES(657+889,'Syngnathus acus','femelle',NULL,'casierMorgates',NULL,0);
INSERT INTO Observation VALUES(658+889,'2016-04-20',NULL,268126.72,6734205.09);
INSERT INTO Obs_Hippocampe VALUES(658+889,'Syngnathus acus','femelle',NULL,'casierMorgates',NULL,0);
INSERT INTO Observation VALUES(659+889,'2016-04-20',NULL,268409.31,6734060.73);
INSERT INTO Obs_Hippocampe VALUES(659+889,'Syngnathus acus','femelle',NULL,'casierMorgates',NULL,0);
INSERT INTO Observation VALUES(660+889,'2016-04-20',NULL,268427.25,6734306.93);
INSERT INTO Obs_Hippocampe VALUES(660+889,'Syngnathus acus','femelle',NULL,'casierMorgates',NULL,0);
INSERT INTO Observation VALUES(661+889,'2016-04-20',NULL,268123.83,6734452.81);
INSERT INTO Obs_Hippocampe VALUES(661+889,'Syngnathus acus','femelle',NULL,'casierMorgates',NULL,0);
INSERT INTO Observation VALUES(662+889,'2016-04-20',NULL,268126.72,6734205.09);
INSERT INTO Obs_Hippocampe VALUES(662+889,'Syngnathus acus','femelle',NULL,'casierMorgates',NULL,0);
INSERT INTO Observation VALUES(663+889,'2016-04-20',NULL,268409.31,6734060.73);
INSERT INTO Obs_Hippocampe VALUES(663+889,'Syngnathus acus','femelle',NULL,'casierMorgates',NULL,0);
INSERT INTO Observation VALUES(664+889,'2016-04-20',NULL,268427.25,6734306.93);
INSERT INTO Obs_Hippocampe VALUES(664+889,'Syngnathus acus','femelle',NULL,'casierMorgates',NULL,0);
INSERT INTO Observation VALUES(665+889,'2016-04-20',NULL,268123.83,6734452.81);
INSERT INTO Obs_Hippocampe VALUES(665+889,'Syngnathus acus','femelle',NULL,'casierMorgates',NULL,0);
INSERT INTO Observation VALUES(666+889,'2016-04-20',NULL,268126.72,6734205.09);
INSERT INTO Obs_Hippocampe VALUES(666+889,'Syngnathus acus','male',NULL,'casierMorgates',NULL,0);
INSERT INTO Observation VALUES(667+889,'2016-04-20',NULL,268409.31,6734060.73);
INSERT INTO Obs_Hippocampe VALUES(667+889,'Syngnathus acus','male',NULL,'casierMorgates',NULL,0);
INSERT INTO Observation VALUES(668+889,'2016-04-20',NULL,268427.25,6734306.93);
INSERT INTO Obs_Hippocampe VALUES(668+889,'Syngnathus acus','male',NULL,'casierMorgates',NULL,0);
INSERT INTO Observation VALUES(669+889,'2016-04-20',NULL,268123.83,6734452.81);
INSERT INTO Obs_Hippocampe VALUES(669+889,'Syngnathus acus','male',NULL,'casierMorgates',NULL,0);
INSERT INTO Observation VALUES(670+889,'2016-04-20',NULL,268126.72,6734205.09);
INSERT INTO Obs_Hippocampe VALUES(670+889,'Syngnathus acus','femelle',NULL,'casierMorgates',NULL,0);
INSERT INTO Observation VALUES(671+889,'2016-04-20',NULL,268409.31,6734060.73);
INSERT INTO Obs_Hippocampe VALUES(671+889,'Syngnathus acus','femelle',NULL,'casierMorgates',NULL,0);
INSERT INTO Observation VALUES(672+889,'2016-04-20',NULL,268427.25,6734306.93);
INSERT INTO Obs_Hippocampe VALUES(672+889,'Syngnathus acus','femelle',NULL,'casierMorgates',NULL,0);
INSERT INTO Observation VALUES(673+889,'2016-04-20',NULL,268123.83,6734452.81);
INSERT INTO Obs_Hippocampe VALUES(673+889,'Syngnathus acus','femelle',NULL,'casierMorgates',NULL,0);
INSERT INTO Observation VALUES(674+889,'2016-04-20',NULL,268126.72,6734205.09);
INSERT INTO Obs_Hippocampe VALUES(674+889,'Syngnathus acus','femelle',NULL,'casierMorgates',NULL,0);
INSERT INTO Observation VALUES(675+889,'2016-04-20',NULL,268409.31,6734060.73);
INSERT INTO Obs_Hippocampe VALUES(675+889,'Syngnathus acus','femelle',NULL,'casierMorgates',NULL,0);
INSERT INTO Observation VALUES(676+889,'2016-04-20',NULL,268427.25,6734306.93);
INSERT INTO Obs_Hippocampe VALUES(676+889,'Syngnathus acus','femelle',NULL,'casierMorgates',NULL,0);
INSERT INTO Observation VALUES(677+889,'2016-04-20',NULL,268123.83,6734452.81);
INSERT INTO Obs_Hippocampe VALUES(677+889,'Syngnathus acus','femelle',NULL,'casierMorgates',NULL,0);
INSERT INTO Observation VALUES(678+889,'2016-04-20',NULL,268126.72,6734205.09);
INSERT INTO Obs_Hippocampe VALUES(678+889,'Syngnathus acus','femelle',NULL,'casierMorgates',NULL,0);
INSERT INTO Observation VALUES(679+889,'2016-04-20',NULL,268409.31,6734060.73);
INSERT INTO Obs_Hippocampe VALUES(679+889,'Syngnathus acus','femelle',NULL,'casierMorgates',NULL,0);
INSERT INTO Observation VALUES(680+889,'2016-04-20',NULL,268427.25,6734306.93);
INSERT INTO Obs_Hippocampe VALUES(680+889,'Syngnathus acus','femelle',NULL,'casierMorgates',NULL,0);
INSERT INTO Observation VALUES(681+889,'2016-04-20',NULL,268123.83,6734452.81);
INSERT INTO Obs_Hippocampe VALUES(681+889,'Syngnathus acus','femelle',NULL,'casierMorgates',NULL,0);
INSERT INTO Observation VALUES(682+889,'2016-04-20',NULL,268126.72,6734205.09);
INSERT INTO Obs_Hippocampe VALUES(682+889,'Syngnathus acus','femelle',NULL,'casierMorgates',NULL,0);
INSERT INTO Observation VALUES(683+889,'2016-04-20',NULL,268409.31,6734060.73);
INSERT INTO Obs_Hippocampe VALUES(683+889,'Syngnathus acus','femelle',NULL,'casierMorgates',NULL,0);
INSERT INTO Observation VALUES(684+889,'2016-04-20',NULL,268427.25,6734306.93);
INSERT INTO Obs_Hippocampe VALUES(684+889,'Syngnathus acus','femelle',NULL,'casierMorgates',NULL,0);
INSERT INTO Observation VALUES(685+889,'2016-04-20',NULL,268123.83,6734452.81);
INSERT INTO Obs_Hippocampe VALUES(685+889,'Syngnathus acus','femelle',NULL,'casierMorgates',NULL,0);
INSERT INTO Observation VALUES(686+889,'2016-04-20',NULL,268126.72,6734205.09);
INSERT INTO Obs_Hippocampe VALUES(686+889,'Syngnathus acus','femelle',NULL,'casierMorgates',NULL,0);
INSERT INTO Observation VALUES(687+889,'2016-04-20',NULL,268409.31,6734060.73);
INSERT INTO Obs_Hippocampe VALUES(687+889,'Syngnathus acus','femelle',NULL,'casierMorgates',NULL,0);
INSERT INTO Observation VALUES(688+889,'2016-04-20',NULL,268427.25,6734306.93);
INSERT INTO Obs_Hippocampe VALUES(688+889,'Syngnathus acus','femelle',NULL,'casierMorgates',NULL,0);
INSERT INTO Observation VALUES(689+889,'2016-04-20',NULL,268123.83,6734452.81);
INSERT INTO Obs_Hippocampe VALUES(689+889,'Syngnathus acus','femelle',NULL,'casierMorgates',NULL,0);
INSERT INTO Observation VALUES(690+889,'2016-04-20',NULL,268126.72,6734205.09);
INSERT INTO Obs_Hippocampe VALUES(690+889,'Syngnathus acus','male',NULL,'casierMorgates',NULL,0);
INSERT INTO Observation VALUES(691+889,'2016-04-20',NULL,268409.31,6734060.73);
INSERT INTO Obs_Hippocampe VALUES(691+889,'Syngnathus acus','male',NULL,'casierMorgates',NULL,0);
INSERT INTO Observation VALUES(692+889,'2016-04-20',NULL,268427.25,6734306.93);
INSERT INTO Obs_Hippocampe VALUES(692+889,'Syngnathus acus','male',NULL,'casierMorgates',NULL,0);
INSERT INTO Observation VALUES(693+889,'2016-04-20',NULL,268123.83,6734452.81);
INSERT INTO Obs_Hippocampe VALUES(693+889,'Syngnathus acus','male',NULL,'casierMorgates',NULL,0);
INSERT INTO Observation VALUES(694+889,'2016-04-20',NULL,268126.72,6734205.09);
INSERT INTO Obs_Hippocampe VALUES(694+889,'Syngnathus acus','femelle',NULL,'casierMorgates',NULL,0);
INSERT INTO Observation VALUES(695+889,'2016-04-20',NULL,268409.31,6734060.73);
INSERT INTO Obs_Hippocampe VALUES(695+889,'Syngnathus acus','femelle',NULL,'casierMorgates',NULL,0);
INSERT INTO Observation VALUES(696+889,'2016-04-20',NULL,268427.25,6734306.93);
INSERT INTO Obs_Hippocampe VALUES(696+889,'Syngnathus acus','femelle',NULL,'casierMorgates',NULL,0);
INSERT INTO Observation VALUES(697+889,'2016-04-20',NULL,268123.83,6734452.81);
INSERT INTO Obs_Hippocampe VALUES(697+889,'Syngnathus acus','femelle',NULL,'casierMorgates',NULL,0);
INSERT INTO Observation VALUES(698+889,'2016-04-20',NULL,268126.72,6734205.09);
INSERT INTO Obs_Hippocampe VALUES(698+889,'Syngnathus acus','femelle',NULL,'casierMorgates',NULL,0);
INSERT INTO Observation VALUES(699+889,'2016-04-20',NULL,268409.31,6734060.73);
INSERT INTO Obs_Hippocampe VALUES(699+889,'Syngnathus acus','femelle',NULL,'casierMorgates',NULL,0);
INSERT INTO Observation VALUES(700+889,'2016-04-20',NULL,268427.25,6734306.93);
INSERT INTO Obs_Hippocampe VALUES(700+889,'Syngnathus acus','femelle',NULL,'casierMorgates',NULL,0);
INSERT INTO Observation VALUES(701+889,'2016-04-20',NULL,268123.83,6734452.81);
INSERT INTO Obs_Hippocampe VALUES(701+889,'Syngnathus acus','femelle',NULL,'casierMorgates',NULL,0);
INSERT INTO Observation VALUES(702+889,'2016-04-20',NULL,268126.72,6734205.09);
INSERT INTO Obs_Hippocampe VALUES(702+889,'Syngnathus acus','femelle',NULL,'casierMorgates',NULL,0);
INSERT INTO Observation VALUES(703+889,'2016-04-20',NULL,268409.31,6734060.73);
INSERT INTO Obs_Hippocampe VALUES(703+889,'Syngnathus acus','femelle',NULL,'casierMorgates',NULL,0);
INSERT INTO Observation VALUES(704+889,'2016-04-20',NULL,268427.25,6734306.93);
INSERT INTO Obs_Hippocampe VALUES(704+889,'Syngnathus acus','femelle',NULL,'casierMorgates',NULL,0);
INSERT INTO Observation VALUES(705+889,'2016-04-20',NULL,268123.83,6734452.81);
INSERT INTO Obs_Hippocampe VALUES(705+889,'Syngnathus acus','femelle',NULL,'casierMorgates',NULL,0);
INSERT INTO Observation VALUES(706+889,'2016-04-20',NULL,268126.72,6734205.09);
INSERT INTO Obs_Hippocampe VALUES(706+889,'Syngnathus acus','femelle',NULL,'casierMorgates',NULL,0);
INSERT INTO Observation VALUES(707+889,'2016-04-20',NULL,268409.31,6734060.73);
INSERT INTO Obs_Hippocampe VALUES(707+889,'Syngnathus acus','femelle',NULL,'casierMorgates',NULL,0);
INSERT INTO Observation VALUES(708+889,'2016-04-20',NULL,268427.25,6734306.93);
INSERT INTO Obs_Hippocampe VALUES(708+889,'Syngnathus acus','femelle',NULL,'casierMorgates',NULL,0);
INSERT INTO Observation VALUES(709+889,'2016-04-20',NULL,268123.83,6734452.81);
INSERT INTO Obs_Hippocampe VALUES(709+889,'Syngnathus acus','femelle',NULL,'casierMorgates',NULL,0);
INSERT INTO Observation VALUES(710+889,'2016-04-20',NULL,268126.72,6734205.09);
INSERT INTO Obs_Hippocampe VALUES(710+889,'Syngnathus acus','femelle',NULL,'casierMorgates',NULL,0);
INSERT INTO Observation VALUES(711+889,'2016-04-20',NULL,268409.31,6734060.73);
INSERT INTO Obs_Hippocampe VALUES(711+889,'Syngnathus acus','femelle',NULL,'casierMorgates',NULL,0);
INSERT INTO Observation VALUES(712+889,'2016-04-20',NULL,268427.25,6734306.93);
INSERT INTO Obs_Hippocampe VALUES(712+889,'Syngnathus acus','femelle',NULL,'casierMorgates',NULL,0);
INSERT INTO Observation VALUES(713+889,'2016-04-20',NULL,268123.83,6734452.81);
INSERT INTO Obs_Hippocampe VALUES(713+889,'Syngnathus acus','femelle',NULL,'casierMorgates',NULL,0);
INSERT INTO Observation VALUES(714+889,'2016-04-20',NULL,268126.72,6734205.09);
INSERT INTO Obs_Hippocampe VALUES(714+889,'Syngnathus acus','femelle',NULL,'casierMorgates',NULL,0);
INSERT INTO Observation VALUES(715+889,'2016-04-20',NULL,268409.31,6734060.73);
INSERT INTO Obs_Hippocampe VALUES(715+889,'Syngnathus acus','femelle',NULL,'casierMorgates',NULL,0);
INSERT INTO Observation VALUES(716+889,'2016-04-20',NULL,268427.25,6734306.93);
INSERT INTO Obs_Hippocampe VALUES(716+889,'Syngnathus acus','femelle',NULL,'casierMorgates',NULL,0);
INSERT INTO Observation VALUES(717+889,'2016-04-20',NULL,268123.83,6734452.81);
INSERT INTO Obs_Hippocampe VALUES(717+889,'Syngnathus acus','femelle',NULL,'casierMorgates',NULL,0);
INSERT INTO Observation VALUES(718+889,'2016-04-20',NULL,268126.72,6734205.09);
INSERT INTO Obs_Hippocampe VALUES(718+889,'Syngnathus acus','femelle',NULL,'casierMorgates',NULL,0);
INSERT INTO Observation VALUES(719+889,'2016-04-20',NULL,268409.31,6734060.73);
INSERT INTO Obs_Hippocampe VALUES(719+889,'Syngnathus acus','femelle',NULL,'casierMorgates',NULL,0);
INSERT INTO Observation VALUES(720+889,'2016-04-20',NULL,268427.25,6734306.93);
INSERT INTO Obs_Hippocampe VALUES(720+889,'Syngnathus acus','femelle',NULL,'casierMorgates',NULL,0);
INSERT INTO Observation VALUES(721+889,'2016-04-20',NULL,268123.83,6734452.81);
INSERT INTO Obs_Hippocampe VALUES(721+889,'Syngnathus acus','femelle',NULL,'casierMorgates',NULL,0);
INSERT INTO Observation VALUES(722+889,'2016-04-20',NULL,268126.72,6734205.09);
INSERT INTO Obs_Hippocampe VALUES(722+889,'Syngnathus acus','femelle',NULL,'casierMorgates',NULL,0);
INSERT INTO Observation VALUES(723+889,'2016-04-20',NULL,268409.31,6734060.73);
INSERT INTO Obs_Hippocampe VALUES(723+889,'Syngnathus acus','femelle',NULL,'casierMorgates',NULL,0);
INSERT INTO Observation VALUES(724+889,'2016-04-20',NULL,268427.25,6734306.93);
INSERT INTO Obs_Hippocampe VALUES(724+889,'Syngnathus acus','femelle',NULL,'casierMorgates',NULL,0);
INSERT INTO Observation VALUES(725+889,'2016-04-20',NULL,268123.83,6734452.81);
INSERT INTO Obs_Hippocampe VALUES(725+889,'Syngnathus acus','femelle',NULL,'casierMorgates',NULL,0);
INSERT INTO Observation VALUES(726+889,'2016-04-20',NULL,268126.72,6734205.09);
INSERT INTO Obs_Hippocampe VALUES(726+889,'Syngnathus acus','femelle',NULL,'casierMorgates',NULL,0);
INSERT INTO Observation VALUES(727+889,'2016-04-20',NULL,268409.31,6734060.73);
INSERT INTO Obs_Hippocampe VALUES(727+889,'Syngnathus acus','femelle',NULL,'casierMorgates',NULL,0);
INSERT INTO Observation VALUES(728+889,'2016-04-20',NULL,268427.25,6734306.93);
INSERT INTO Obs_Hippocampe VALUES(728+889,'Syngnathus acus','femelle',NULL,'casierMorgates',NULL,0);
INSERT INTO Observation VALUES(729+889,'2016-04-20',NULL,268123.83,6734452.81);
INSERT INTO Obs_Hippocampe VALUES(729+889,'Syngnathus acus','femelle',NULL,'casierMorgates',NULL,0);
INSERT INTO Observation VALUES(730+889,'2016-04-20',NULL,268126.72,6734205.09);
INSERT INTO Obs_Hippocampe VALUES(730+889,'Syngnathus acus','femelle',NULL,'casierMorgates',NULL,0);
INSERT INTO Observation VALUES(731+889,'2016-04-20',NULL,268409.31,6734060.73);
INSERT INTO Obs_Hippocampe VALUES(731+889,'Syngnathus acus','femelle',NULL,'casierMorgates',NULL,0);
INSERT INTO Observation VALUES(732+889,'2016-04-20',NULL,268427.25,6734306.93);
INSERT INTO Obs_Hippocampe VALUES(732+889,'Syngnathus acus','femelle',NULL,'casierMorgates',NULL,0);
INSERT INTO Observation VALUES(733+889,'2016-04-20',NULL,268123.83,6734452.81);
INSERT INTO Obs_Hippocampe VALUES(733+889,'Syngnathus acus','femelle',NULL,'casierMorgates',NULL,0);
INSERT INTO Observation VALUES(734+889,'2016-04-20',NULL,268126.72,6734205.09);
INSERT INTO Obs_Hippocampe VALUES(734+889,'Syngnathus acus','femelle',NULL,'casierMorgates',NULL,0);
INSERT INTO Observation VALUES(735+889,'2016-04-20',NULL,268409.31,6734060.73);
INSERT INTO Obs_Hippocampe VALUES(735+889,'Syngnathus acus','femelle',NULL,'casierMorgates',NULL,0);
INSERT INTO Observation VALUES(736+889,'2016-04-20',NULL,268427.25,6734306.93);
INSERT INTO Obs_Hippocampe VALUES(736+889,'Syngnathus acus','femelle',NULL,'casierMorgates',NULL,0);
INSERT INTO Observation VALUES(737+889,'2016-04-20',NULL,268123.83,6734452.81);
INSERT INTO Obs_Hippocampe VALUES(737+889,'Syngnathus acus','femelle',NULL,'casierMorgates',NULL,0);
INSERT INTO Observation VALUES(738+889,'2016-04-20',NULL,268126.72,6734205.09);
INSERT INTO Obs_Hippocampe VALUES(738+889,'Syngnathus acus','femelle',NULL,'casierMorgates',NULL,0);
INSERT INTO Observation VALUES(739+889,'2016-04-20',NULL,268409.31,6734060.73);
INSERT INTO Obs_Hippocampe VALUES(739+889,'Syngnathus acus','femelle',NULL,'casierMorgates',NULL,0);
INSERT INTO Observation VALUES(740+889,'2016-04-20',NULL,268427.25,6734306.93);
INSERT INTO Obs_Hippocampe VALUES(740+889,'Syngnathus acus','femelle',NULL,'casierMorgates',NULL,0);
INSERT INTO Observation VALUES(741+889,'2016-04-20',NULL,268123.83,6734452.81);
INSERT INTO Obs_Hippocampe VALUES(741+889,'Syngnathus acus','femelle',NULL,'casierMorgates',NULL,0);
INSERT INTO Observation VALUES(742+889,'2016-04-20',NULL,268126.72,6734205.09);
INSERT INTO Obs_Hippocampe VALUES(742+889,'Syngnathus acus','femelle',NULL,'casierMorgates',NULL,0);
INSERT INTO Observation VALUES(743+889,'2016-04-20',NULL,268409.31,6734060.73);
INSERT INTO Obs_Hippocampe VALUES(743+889,'Syngnathus acus','femelle',NULL,'casierMorgates',NULL,0);
INSERT INTO Observation VALUES(744+889,'2016-04-20',NULL,268427.25,6734306.93);
INSERT INTO Obs_Hippocampe VALUES(744+889,'Syngnathus acus','femelle',NULL,'casierMorgates',NULL,0);
INSERT INTO Observation VALUES(745+889,'2016-04-20',NULL,268123.83,6734452.81);
INSERT INTO Obs_Hippocampe VALUES(745+889,'Syngnathus acus','femelle',NULL,'casierMorgates',NULL,0);
INSERT INTO Observation VALUES(746+889,'2016-04-20',NULL,268126.72,6734205.09);
INSERT INTO Obs_Hippocampe VALUES(746+889,'Syngnathus acus','male',NULL,'casierMorgates',NULL,0);
INSERT INTO Observation VALUES(747+889,'2016-04-20',NULL,268409.31,6734060.73);
INSERT INTO Obs_Hippocampe VALUES(747+889,'Syngnathus acus','male',NULL,'casierMorgates',NULL,0);
INSERT INTO Observation VALUES(748+889,'2016-04-20',NULL,268427.25,6734306.93);
INSERT INTO Obs_Hippocampe VALUES(748+889,'Syngnathus acus','male',NULL,'casierMorgates',NULL,0);
INSERT INTO Observation VALUES(749+889,'2016-04-20',NULL,268123.83,6734452.81);
INSERT INTO Obs_Hippocampe VALUES(749+889,'Syngnathus acus','male',NULL,'casierMorgates',NULL,0);
INSERT INTO Observation VALUES(750+889,'2016-04-20',NULL,268126.72,6734205.09);
INSERT INTO Obs_Hippocampe VALUES(750+889,'Syngnathus acus','femelle',NULL,'casierMorgates',NULL,0);
INSERT INTO Observation VALUES(751+889,'2016-04-20',NULL,268409.31,6734060.73);
INSERT INTO Obs_Hippocampe VALUES(751+889,'Syngnathus acus','femelle',NULL,'casierMorgates',NULL,0);
INSERT INTO Observation VALUES(752+889,'2016-04-20',NULL,268427.25,6734306.93);
INSERT INTO Obs_Hippocampe VALUES(752+889,'Syngnathus acus','femelle',NULL,'casierMorgates',NULL,0);
INSERT INTO Observation VALUES(753+889,'2016-04-20',NULL,268123.83,6734452.81);
INSERT INTO Obs_Hippocampe VALUES(753+889,'Syngnathus acus','femelle',NULL,'casierMorgates',NULL,0);
INSERT INTO Observation VALUES(754+889,'2016-04-20',NULL,268126.72,6734205.09);
INSERT INTO Obs_Hippocampe VALUES(754+889,'Syngnathus acus','femelle',NULL,'casierMorgates',NULL,0);
INSERT INTO Observation VALUES(755+889,'2016-04-20',NULL,268409.31,6734060.73);
INSERT INTO Obs_Hippocampe VALUES(755+889,'Syngnathus acus','femelle',NULL,'casierMorgates',NULL,0);
INSERT INTO Observation VALUES(756+889,'2016-04-20',NULL,268427.25,6734306.93);
INSERT INTO Obs_Hippocampe VALUES(756+889,'Syngnathus acus','femelle',NULL,'casierMorgates',NULL,0);
INSERT INTO Observation VALUES(757+889,'2016-04-20',NULL,268123.83,6734452.81);
INSERT INTO Obs_Hippocampe VALUES(757+889,'Syngnathus acus','femelle',NULL,'casierMorgates',NULL,0);
INSERT INTO Observation VALUES(758+889,'2016-04-20',NULL,268126.72,6734205.09);
INSERT INTO Obs_Hippocampe VALUES(758+889,'Syngnathus acus','femelle',NULL,'casierMorgates',NULL,0);
INSERT INTO Observation VALUES(759+889,'2016-04-20',NULL,268409.31,6734060.73);
INSERT INTO Obs_Hippocampe VALUES(759+889,'Syngnathus acus','femelle',NULL,'casierMorgates',NULL,0);
INSERT INTO Observation VALUES(760+889,'2016-04-20',NULL,268427.25,6734306.93);
INSERT INTO Obs_Hippocampe VALUES(760+889,'Syngnathus acus','femelle',NULL,'casierMorgates',NULL,0);
INSERT INTO Observation VALUES(761+889,'2016-04-20',NULL,268123.83,6734452.81);
INSERT INTO Obs_Hippocampe VALUES(761+889,'Syngnathus acus','femelle',NULL,'casierMorgates',NULL,0);
INSERT INTO Observation VALUES(762+889,'2016-04-20',NULL,268126.72,6734205.09);
INSERT INTO Obs_Hippocampe VALUES(762+889,'Syngnathus acus','femelle',NULL,'casierMorgates',NULL,0);
INSERT INTO Observation VALUES(763+889,'2016-04-20',NULL,268409.31,6734060.73);
INSERT INTO Obs_Hippocampe VALUES(763+889,'Syngnathus acus','femelle',NULL,'casierMorgates',NULL,0);
INSERT INTO Observation VALUES(764+889,'2016-04-20',NULL,268427.25,6734306.93);
INSERT INTO Obs_Hippocampe VALUES(764+889,'Syngnathus acus','femelle',NULL,'casierMorgates',NULL,0);
INSERT INTO Observation VALUES(765+889,'2016-04-20',NULL,268123.83,6734452.81);
INSERT INTO Obs_Hippocampe VALUES(765+889,'Syngnathus acus','femelle',NULL,'casierMorgates',NULL,0);
INSERT INTO Observation VALUES(766+889,'2016-04-20',NULL,268126.72,6734205.09);
INSERT INTO Obs_Hippocampe VALUES(766+889,'Syngnathus acus','femelle',NULL,'casierMorgates',NULL,0);
INSERT INTO Observation VALUES(767+889,'2016-04-20',NULL,268409.31,6734060.73);
INSERT INTO Obs_Hippocampe VALUES(767+889,'Syngnathus acus','femelle',NULL,'casierMorgates',NULL,0);
INSERT INTO Observation VALUES(768+889,'2016-04-20',NULL,268427.25,6734306.93);
INSERT INTO Obs_Hippocampe VALUES(768+889,'Syngnathus acus','femelle',NULL,'casierMorgates',NULL,0);
INSERT INTO Observation VALUES(769+889,'2016-04-20',NULL,268123.83,6734452.81);
INSERT INTO Obs_Hippocampe VALUES(769+889,'Syngnathus acus','femelle',NULL,'casierMorgates',NULL,0);
INSERT INTO Observation VALUES(770+889,'2016-04-20',NULL,268126.72,6734205.09);
INSERT INTO Obs_Hippocampe VALUES(770+889,'Syngnathus acus','male',NULL,'casierMorgates',NULL,0);
INSERT INTO Observation VALUES(771+889,'2016-04-20',NULL,268409.31,6734060.73);
INSERT INTO Obs_Hippocampe VALUES(771+889,'Syngnathus acus','male',NULL,'casierMorgates',NULL,0);
INSERT INTO Observation VALUES(772+889,'2016-04-20',NULL,268427.25,6734306.93);
INSERT INTO Obs_Hippocampe VALUES(772+889,'Syngnathus acus','male',NULL,'casierMorgates',NULL,0);
INSERT INTO Observation VALUES(773+889,'2016-04-20',NULL,268123.83,6734452.81);
INSERT INTO Obs_Hippocampe VALUES(773+889,'Syngnathus acus','male',NULL,'casierMorgates',NULL,0);
INSERT INTO Observation VALUES(774+889,'2016-04-20',NULL,268126.72,6734205.09);
INSERT INTO Obs_Hippocampe VALUES(774+889,'Syngnathus acus','femelle',NULL,'casierMorgates',NULL,0);
INSERT INTO Observation VALUES(775+889,'2016-04-20',NULL,268409.31,6734060.73);
INSERT INTO Obs_Hippocampe VALUES(775+889,'Syngnathus acus','femelle',NULL,'casierMorgates',NULL,0);
INSERT INTO Observation VALUES(776+889,'2016-04-20',NULL,268427.25,6734306.93);
INSERT INTO Obs_Hippocampe VALUES(776+889,'Syngnathus acus','femelle',NULL,'casierMorgates',NULL,0);
INSERT INTO Observation VALUES(777+889,'2016-04-20',NULL,268123.83,6734452.81);
INSERT INTO Obs_Hippocampe VALUES(777+889,'Syngnathus acus','femelle',NULL,'casierMorgates',NULL,0);
INSERT INTO Observation VALUES(778+889,'2016-04-20',NULL,268126.72,6734205.09);
INSERT INTO Obs_Hippocampe VALUES(778+889,'Syngnathus acus','femelle',NULL,'casierMorgates',NULL,0);
INSERT INTO Observation VALUES(779+889,'2016-04-20',NULL,268409.31,6734060.73);
INSERT INTO Obs_Hippocampe VALUES(779+889,'Syngnathus acus','femelle',NULL,'casierMorgates',NULL,0);
INSERT INTO Observation VALUES(780+889,'2016-04-20',NULL,268427.25,6734306.93);
INSERT INTO Obs_Hippocampe VALUES(780+889,'Syngnathus acus','femelle',NULL,'casierMorgates',NULL,0);
INSERT INTO Observation VALUES(781+889,'2016-04-20',NULL,268123.83,6734452.81);
INSERT INTO Obs_Hippocampe VALUES(781+889,'Syngnathus acus','femelle',NULL,'casierMorgates',NULL,0);
INSERT INTO Observation VALUES(782+889,'2016-04-20',NULL,268126.72,6734205.09);
INSERT INTO Obs_Hippocampe VALUES(782+889,'Syngnathus acus','femelle',NULL,'casierMorgates',NULL,0);
INSERT INTO Observation VALUES(783+889,'2016-04-20',NULL,268409.31,6734060.73);
INSERT INTO Obs_Hippocampe VALUES(783+889,'Syngnathus acus','femelle',NULL,'casierMorgates',NULL,0);
INSERT INTO Observation VALUES(784+889,'2016-04-20',NULL,268427.25,6734306.93);
INSERT INTO Obs_Hippocampe VALUES(784+889,'Syngnathus acus','femelle',NULL,'casierMorgates',NULL,0);
INSERT INTO Observation VALUES(785+889,'2016-04-20',NULL,268123.83,6734452.81);
INSERT INTO Obs_Hippocampe VALUES(785+889,'Syngnathus acus','femelle',NULL,'casierMorgates',NULL,0);

INSERT INTO Lieu VALUES(268135.14, 6733130.68);
INSERT INTO Observation VALUES(786+889,'2016-04-25',NULL,268135.14,6733130.68);
INSERT INTO Obs_Hippocampe VALUES(786+889,'Hippocampus guttulatus','male',NULL,'verveuxAnguilles',NULL,0);

INSERT INTO Lieu VALUES(267223.34, 6732584.37);
INSERT INTO Observation VALUES(787+889,'2016-04-25',NULL,267223.34,6732584.37);
INSERT INTO Obs_Hippocampe VALUES(787+889,'Syngnathus acus','femelle',NULL,'verveuxAnguilles',NULL,0);
INSERT INTO Observation VALUES(788+889,'2016-04-25',NULL,267223.34,6732584.37);
INSERT INTO Obs_Hippocampe VALUES(788+889,'Hippocampus guttulatus','femelle',NULL,'verveuxAnguilles',NULL,0);

INSERT INTO Lieu VALUES(267256.12, 6732574.84);
INSERT INTO Observation VALUES(789+889,'2016-04-25',NULL,267256.12,6732574.84);
INSERT INTO Obs_Hippocampe VALUES(789+889,'Hippocampus guttulatus','male',NULL,'verveuxAnguilles',NULL,0);

INSERT INTO Lieu VALUES(267335.25, 6732598.91);
INSERT INTO Observation VALUES(790+889,'2016-04-25',NULL,267335.25,6732598.91);
INSERT INTO Obs_Hippocampe VALUES(790+889,'Syngnathus acus','femelle',NULL,'verveuxAnguilles',NULL,0);

INSERT INTO Lieu VALUES(267817.16, 6731703.25);
INSERT INTO Observation VALUES(791+889,'2016-04-25',NULL,267817.16,6731703.25);
INSERT INTO Obs_Hippocampe VALUES(791+889,'Syngnathus acus','femelle',NULL,'verveuxAnguilles',NULL,0);

INSERT INTO Lieu VALUES(266286.09, 6732652.03);
INSERT INTO Observation VALUES(792+889,'2016-04-25',NULL,266286.09,6732652.03);
INSERT INTO Obs_Hippocampe VALUES(792+889,'Hippocampus guttulatus','male',NULL,'verveuxAnguilles',NULL,0);
INSERT INTO Observation VALUES(793+889,'2016-04-25',NULL,266286.09,6732652.03);
INSERT INTO Obs_Hippocampe VALUES(793+889,'Hippocampus guttulatus','male',NULL,'verveuxAnguilles',NULL,0);
INSERT INTO Observation VALUES(794+889,'2016-04-25',NULL,266286.09,6732652.03);
INSERT INTO Obs_Hippocampe VALUES(794+889,'Hippocampus guttulatus','male',NULL,'verveuxAnguilles',NULL,0);

INSERT INTO Lieu VALUES(267179.56, 6732749.97);
INSERT INTO Observation VALUES(795+889,'2016-04-25',NULL,267179.56,6732749.97);
INSERT INTO Obs_Hippocampe VALUES(795+889,'Hippocampus guttulatus','male',NULL,'verveuxAnguilles',NULL,0);
INSERT INTO Observation VALUES(796+889,'2016-04-25',NULL,267179.56,6732749.97);
INSERT INTO Obs_Hippocampe VALUES(796+889,'Hippocampus guttulatus','femelle',NULL,'verveuxAnguilles',NULL,0);
INSERT INTO Observation VALUES(797+889,'2016-04-25',NULL,267179.56,6732749.97);
INSERT INTO Obs_Hippocampe VALUES(797+889,'Hippocampus guttulatus','male',NULL,'verveuxAnguilles',NULL,0);
INSERT INTO Observation VALUES(798+889,'2016-04-25',NULL,267179.56,6732749.97);
INSERT INTO Obs_Hippocampe VALUES(798+889,'Hippocampus hippocampus','male',NULL,'verveuxAnguilles',NULL,0);
INSERT INTO Observation VALUES(799+889,'2016-04-25',NULL,267179.56,6732749.97);
INSERT INTO Obs_Hippocampe VALUES(799+889,'Hippocampus guttulatus','male',NULL,'verveuxAnguilles',NULL,0);

INSERT INTO Lieu VALUES(267120.64, 6732859.99);
INSERT INTO Observation VALUES(800+889,'2016-04-25',NULL,267120.64,6732859.99);
INSERT INTO Obs_Hippocampe VALUES(800+889,'Hippocampus guttulatus','femelle',NULL,'verveuxAnguilles',NULL,0);

INSERT INTO Lieu VALUES(267073.55, 6732768.75);
INSERT INTO Observation VALUES(801+889,'2016-04-25',NULL,267073.55,6732768.75);
INSERT INTO Obs_Hippocampe VALUES(801+889,'Hippocampus guttulatus','male',NULL,'verveuxAnguilles',NULL,0);
INSERT INTO Observation VALUES(802+889,'2016-04-25',NULL,267073.55,6732768.75);
INSERT INTO Obs_Hippocampe VALUES(802+889,'Hippocampus guttulatus','femelle',NULL,'verveuxAnguilles',NULL,0);
INSERT INTO Observation VALUES(803+889,'2016-04-25',NULL,267073.55,6732768.75);
INSERT INTO Obs_Hippocampe VALUES(803+889,'Hippocampus guttulatus','femelle',NULL,'verveuxAnguilles',NULL,0);

INSERT INTO Lieu VALUES(267066.69, 6732866.83);
INSERT INTO Observation VALUES(804+889,'2016-04-25',NULL,267066.69,6732866.83);
INSERT INTO Obs_Hippocampe VALUES(804+889,'Hippocampus guttulatus','male',NULL,'verveuxAnguilles',NULL,0);

INSERT INTO Lieu VALUES(266996.91, 6732742.72);
INSERT INTO Observation VALUES(805+889,'2016-04-25',NULL,266996.91,6732742.72);
INSERT INTO Obs_Hippocampe VALUES(805+889,'Hippocampus guttulatus','male',NULL,'verveuxAnguilles',NULL,0);

INSERT INTO Lieu VALUES(267008.83, 6732807.68);
INSERT INTO Observation VALUES(806+889,'2016-04-25',NULL,267008.83,6732807.68);
INSERT INTO Obs_Hippocampe VALUES(806+889,'Hippocampus guttulatus','male',NULL,'verveuxAnguilles',NULL,0);
INSERT INTO Observation VALUES(807+889,'2016-04-25',NULL,267008.83,6732807.68);
INSERT INTO Obs_Hippocampe VALUES(807+889,'Hippocampus guttulatus','femelle',NULL,'verveuxAnguilles',NULL,0);
INSERT INTO Observation VALUES(808+889,'2016-04-25',NULL,267008.83,6732807.68);
INSERT INTO Obs_Hippocampe VALUES(808+889,'Hippocampus guttulatus','femelle',NULL,'verveuxAnguilles',NULL,0);

INSERT INTO Lieu VALUES(266987.63, 6732869.49);
INSERT INTO Observation VALUES(809+889,'2016-04-25',NULL,266987.63,6732869.49);
INSERT INTO Obs_Hippocampe VALUES(809+889,'Hippocampus guttulatus','male',NULL,'verveuxAnguilles',NULL,0);
INSERT INTO Observation VALUES(810+889,'2016-04-25',NULL,266987.63,6732869.49);
INSERT INTO Obs_Hippocampe VALUES(810+889,'Hippocampus guttulatus','male',NULL,'verveuxAnguilles',NULL,0);
INSERT INTO Observation VALUES(811+889,'2016-04-25',NULL,266987.63,6732869.49);
INSERT INTO Obs_Hippocampe VALUES(811+889,'Syngnathus acus','femelle',NULL,'verveuxAnguilles',NULL,0);
INSERT INTO Observation VALUES(812+889,'2016-04-25',NULL,266987.63,6732869.49);
INSERT INTO Obs_Hippocampe VALUES(812+889,'Hippocampus guttulatus','male',NULL,'verveuxAnguilles',NULL,0);

INSERT INTO Lieu VALUES(266933.57, 6732759.27);
INSERT INTO Observation VALUES(813+889,'2016-04-25',NULL,266933.57,6732759.27);
INSERT INTO Obs_Hippocampe VALUES(813+889,'Hippocampus guttulatus','femelle',NULL,'verveuxAnguilles',NULL,0);
INSERT INTO Observation VALUES(814+889,'2016-04-25',NULL,266933.57,6732759.27);
INSERT INTO Obs_Hippocampe VALUES(814+889,'Syngnathus acus','femelle',NULL,'verveuxAnguilles',NULL,0);
INSERT INTO Observation VALUES(815+889,'2016-04-25',NULL,266933.57,6732759.27);
INSERT INTO Obs_Hippocampe VALUES(815+889,'Hippocampus guttulatus','femelle',NULL,'verveuxAnguilles',NULL,0);
INSERT INTO Observation VALUES(816+889,'2016-04-25',NULL,266933.57,6732759.27);
INSERT INTO Obs_Hippocampe VALUES(816+889,'Hippocampus guttulatus','male',NULL,'verveuxAnguilles',NULL,0);
INSERT INTO Observation VALUES(817+889,'2016-04-25',NULL,266933.57,6732759.27);
INSERT INTO Obs_Hippocampe VALUES(817+889,'Hippocampus guttulatus','male',NULL,'verveuxAnguilles',NULL,0);

INSERT INTO Lieu VALUES(268433.11, 6735822.64);
INSERT INTO Observation VALUES(818+889,'2016-05-02',NULL,268433.11,6735822.64);
INSERT INTO Obs_Hippocampe VALUES(818+889,'Hippocampus guttulatus','femelle',NULL,'casierMorgates',NULL,0);

INSERT INTO Lieu VALUES(267985.14, 6735422.22);
INSERT INTO Observation VALUES(819+889,'2016-05-02',NULL,267985.14,6735422.22);
INSERT INTO Obs_Hippocampe VALUES(819+889,'Hippocampus guttulatus','femelle',NULL,'casierMorgates',NULL,0);
INSERT INTO Observation VALUES(820+889,'2016-05-02',NULL,266602.68,6734842.44);
INSERT INTO Obs_Hippocampe VALUES(820+889,'Hippocampus guttulatus','femelle',NULL,'casierMorgates',NULL,0);

INSERT INTO Lieu VALUES(266987.19, 6734659.69);
INSERT INTO Observation VALUES(821+889,'2016-05-02',NULL,266987.19,6734659.69);
INSERT INTO Obs_Hippocampe VALUES(821+889,'Hippocampus guttulatus','femelle',NULL,'casierMorgates',NULL,0);

INSERT INTO Lieu VALUES(266630.92, 6735799.68);
INSERT INTO Observation VALUES(822+889,'2016-05-02',NULL,266630.92,6735799.68);
INSERT INTO Obs_Hippocampe VALUES(822+889,'Hippocampus guttulatus','femelle',NULL,'casierMorgates',NULL,0);

INSERT INTO Lieu VALUES(266503.69, 6735778.03);
INSERT INTO Observation VALUES(823+889,'2016-05-02',NULL,266503.69,6735778.03);
INSERT INTO Obs_Hippocampe VALUES(823+889,'Hippocampus guttulatus','femelle',NULL,'casierMorgates',NULL,0);
INSERT INTO Observation VALUES(824+889,'2016-05-02',NULL,266602.68,6734842.44);
INSERT INTO Obs_Hippocampe VALUES(824+889,'Hippocampus guttulatus','male',NULL,'casierMorgates',NULL,0);
INSERT INTO Observation VALUES(825+889,'2016-05-02',NULL,266987.19,6734659.69);
INSERT INTO Obs_Hippocampe VALUES(825+889,'Hippocampus guttulatus','male',NULL,'casierMorgates',NULL,0);
INSERT INTO Observation VALUES(826+889,'2016-05-02',NULL,266630.92,6735799.68);
INSERT INTO Obs_Hippocampe VALUES(826+889,'Hippocampus guttulatus','male',NULL,'casierMorgates',NULL,0);
INSERT INTO Observation VALUES(827+889,'2016-05-02',NULL,266503.69,6735778.03);
INSERT INTO Obs_Hippocampe VALUES(827+889,'Hippocampus guttulatus','male',NULL,'casierMorgates',NULL,0);
INSERT INTO Observation VALUES(828+889,'2016-05-02',NULL,266602.68,6734842.44);
INSERT INTO Obs_Hippocampe VALUES(828+889,'Hippocampus guttulatus','male',NULL,'casierMorgates',NULL,0);
INSERT INTO Observation VALUES(829+889,'2016-05-02',NULL,266987.19,6734659.69);
INSERT INTO Obs_Hippocampe VALUES(829+889,'Hippocampus guttulatus','male',NULL,'casierMorgates',NULL,0);
INSERT INTO Observation VALUES(830+889,'2016-05-02',NULL,266630.92,6735799.68);
INSERT INTO Obs_Hippocampe VALUES(830+889,'Hippocampus guttulatus','male',NULL,'casierMorgates',NULL,0);
INSERT INTO Observation VALUES(831+889,'2016-05-02',NULL,266503.69,6735778.03);
INSERT INTO Obs_Hippocampe VALUES(831+889,'Hippocampus guttulatus','male',NULL,'casierMorgates',NULL,0);
INSERT INTO Observation VALUES(832+889,'2016-05-02',NULL,266602.68,6734842.44);
INSERT INTO Obs_Hippocampe VALUES(832+889,'Hippocampus guttulatus','male',NULL,'casierMorgates',NULL,0);
INSERT INTO Observation VALUES(833+889,'2016-05-02',NULL,266987.19,6734659.69);
INSERT INTO Obs_Hippocampe VALUES(833+889,'Hippocampus guttulatus','male',NULL,'casierMorgates',NULL,0);
INSERT INTO Observation VALUES(834+889,'2016-05-02',NULL,266630.92,6735799.68);
INSERT INTO Obs_Hippocampe VALUES(834+889,'Hippocampus guttulatus','male',NULL,'casierMorgates',NULL,0);
INSERT INTO Observation VALUES(835+889,'2016-05-02',NULL,266503.69,6735778.03);
INSERT INTO Obs_Hippocampe VALUES(835+889,'Hippocampus guttulatus','male',NULL,'casierMorgates',NULL,0);
INSERT INTO Observation VALUES(836+889,'2016-05-02',NULL,266602.68,6734842.44);
INSERT INTO Obs_Hippocampe VALUES(836+889,'Hippocampus guttulatus','femelle',NULL,'casierMorgates',NULL,0);
INSERT INTO Observation VALUES(837+889,'2016-05-02',NULL,266987.19,6734659.69);
INSERT INTO Obs_Hippocampe VALUES(837+889,'Hippocampus guttulatus','femelle',NULL,'casierMorgates',NULL,0);
INSERT INTO Observation VALUES(838+889,'2016-05-02',NULL,266630.92,6735799.68);
INSERT INTO Obs_Hippocampe VALUES(838+889,'Hippocampus guttulatus','femelle',NULL,'casierMorgates',NULL,0);
INSERT INTO Observation VALUES(839+889,'2016-05-02',NULL,266503.69,6735778.03);
INSERT INTO Obs_Hippocampe VALUES(839+889,'Hippocampus guttulatus','femelle',NULL,'casierMorgates',NULL,0);
INSERT INTO Observation VALUES(840+889,'2016-05-02',NULL,266602.68,6734842.44);
INSERT INTO Obs_Hippocampe VALUES(840+889,'Hippocampus guttulatus','femelle',NULL,'casierMorgates',NULL,0);
INSERT INTO Observation VALUES(841+889,'2016-05-02',NULL,266987.19,6734659.69);
INSERT INTO Obs_Hippocampe VALUES(841+889,'Hippocampus guttulatus','femelle',NULL,'casierMorgates',NULL,0);
INSERT INTO Observation VALUES(842+889,'2016-05-02',NULL,266630.92,6735799.68);
INSERT INTO Obs_Hippocampe VALUES(842+889,'Hippocampus guttulatus','femelle',NULL,'casierMorgates',NULL,0);
INSERT INTO Observation VALUES(843+889,'2016-05-02',NULL,266503.69,6735778.03);
INSERT INTO Obs_Hippocampe VALUES(843+889,'Hippocampus guttulatus','femelle',NULL,'casierMorgates',NULL,0);
INSERT INTO Observation VALUES(844+889,'2016-05-02',NULL,266533.55,6735899.6);
INSERT INTO Obs_Hippocampe VALUES(844+889,'Hippocampus guttulatus','femelle',NULL,'casierMorgates',NULL,0);
INSERT INTO Observation VALUES(845+889,'2016-05-02',NULL,266244.25,6735951.76);
INSERT INTO Obs_Hippocampe VALUES(845+889,'Hippocampus guttulatus','femelle',NULL,'casierMorgates',NULL,0);
INSERT INTO Observation VALUES(846+889,'2016-05-02',NULL,266685.48,6736259.75);
INSERT INTO Obs_Hippocampe VALUES(846+889,'Hippocampus guttulatus','femelle',NULL,'casierMorgates',NULL,0);
INSERT INTO Observation VALUES(847+889,'2016-05-02',NULL,266533.55,6735899.6);
INSERT INTO Obs_Hippocampe VALUES(847+889,'Hippocampus guttulatus','femelle',NULL,'casierMorgates',NULL,0);
INSERT INTO Observation VALUES(848+889,'2016-05-02',NULL,266244.25,6735951.76);
INSERT INTO Obs_Hippocampe VALUES(848+889,'Hippocampus guttulatus','femelle',NULL,'casierMorgates',NULL,0);
INSERT INTO Observation VALUES(849+889,'2016-05-02',NULL,266685.48,6736259.75);
INSERT INTO Obs_Hippocampe VALUES(849+889,'Hippocampus guttulatus','femelle',NULL,'casierMorgates',NULL,0);
INSERT INTO Observation VALUES(850+889,'2016-05-02',NULL,265840.82,6736445.4);
INSERT INTO Obs_Hippocampe VALUES(850+889,'Hippocampus guttulatus','femelle',NULL,'casierMorgates',NULL,0);
INSERT INTO Observation VALUES(851+889,'2016-05-02',NULL,265643.87,6736614.58);
INSERT INTO Obs_Hippocampe VALUES(851+889,'Hippocampus guttulatus','femelle',NULL,'casierMorgates',NULL,0);
INSERT INTO Observation VALUES(852+889,'2016-05-02',NULL,265273.6,6736703.7);
INSERT INTO Obs_Hippocampe VALUES(852+889,'Hippocampus guttulatus','femelle',NULL,'casierMorgates',NULL,0);

INSERT INTO Lieu VALUES(269048.9, 6737899.21);
INSERT INTO Observation VALUES(853+889,'2016-05-03',NULL,269048.9,6737899.21);
INSERT INTO Obs_Hippocampe VALUES(853+889,'Syngnathus acus','femelle',NULL,'verveuxAnguilles',NULL,0);

INSERT INTO Lieu VALUES(268472.28, 6733724.76);
INSERT INTO Observation VALUES(854+889,'2016-05-03',NULL,268472.28,6733724.76);
INSERT INTO Obs_Hippocampe VALUES(854+889,'Hippocampus guttulatus','femelle',NULL,'verveuxAnguilles',NULL,0);
INSERT INTO Observation VALUES(855+889,'2016-05-03',NULL,268472.28,6733724.76);
INSERT INTO Obs_Hippocampe VALUES(855+889,'Hippocampus guttulatus','femelle',NULL,'verveuxAnguilles',NULL,0);

INSERT INTO Lieu VALUES(268342.98, 6733813.83);
INSERT INTO Observation VALUES(856+889,'2016-05-03',NULL,268342.98,6733813.83);
INSERT INTO Obs_Hippocampe VALUES(856+889,'Hippocampus guttulatus','male',NULL,'verveuxAnguilles',NULL,0);
INSERT INTO Observation VALUES(857+889,'2016-05-03',NULL,268342.98,6733813.83);
INSERT INTO Obs_Hippocampe VALUES(857+889,'Hippocampus guttulatus','femelle',NULL,'verveuxAnguilles',NULL,0);

INSERT INTO Lieu VALUES(268280.93, 6733856.22);
INSERT INTO Observation VALUES(858+889,'2016-05-03',NULL,268280.93,6733856.22);
INSERT INTO Obs_Hippocampe VALUES(858+889,'Hippocampus guttulatus','femelle',NULL,'verveuxAnguilles',NULL,0);

INSERT INTO Lieu VALUES(268280.87, 6733856.34);
INSERT INTO Observation VALUES(859+889,'2016-05-03',NULL,268280.87,6733856.34);
INSERT INTO Obs_Hippocampe VALUES(859+889,'Hippocampus guttulatus','male',NULL,'verveuxAnguilles',NULL,0);

INSERT INTO Lieu VALUES(268280.8, 6733856.45);
INSERT INTO Observation VALUES(860+889,'2016-05-03',NULL,268280.8,6733856.45);
INSERT INTO Obs_Hippocampe VALUES(860+889,'Hippocampus guttulatus','male',NULL,'verveuxAnguilles',NULL,0);

INSERT INTO Lieu VALUES(268280.73, 6733856.57);
INSERT INTO Observation VALUES(861+889,'2016-05-03',NULL,268280.73,6733856.57);
INSERT INTO Obs_Hippocampe VALUES(861+889,'Hippocampus guttulatus','femelle',NULL,'verveuxAnguilles',NULL,0);

INSERT INTO Lieu VALUES(268280.67, 6733856.69);
INSERT INTO Observation VALUES(862+889,'2016-05-03',NULL,268280.67,6733856.69);
INSERT INTO Obs_Hippocampe VALUES(862+889,'Hippocampus guttulatus','male',NULL,'verveuxAnguilles',NULL,0);

INSERT INTO Lieu VALUES(268280.6, 6733856.8);
INSERT INTO Observation VALUES(863+889,'2016-05-03',NULL,268280.6,6733856.8);
INSERT INTO Obs_Hippocampe VALUES(863+889,'Hippocampus guttulatus','male',NULL,'verveuxAnguilles',NULL,0);

INSERT INTO Lieu VALUES(268243.03, 6734779.74);
INSERT INTO Observation VALUES(864+889,'2016-05-03',NULL,268243.03,6734779.74);
INSERT INTO Obs_Hippocampe VALUES(864+889,'Hippocampus guttulatus','male',NULL,'verveuxAnguilles',NULL,0);
INSERT INTO Observation VALUES(865+889,'2016-05-03',NULL,268243.03,6734779.74);
INSERT INTO Obs_Hippocampe VALUES(865+889,'Hippocampus guttulatus','femelle',NULL,'verveuxAnguilles',NULL,0);
INSERT INTO Observation VALUES(866+889,'2016-05-03',NULL,268243.03,6734779.74);
INSERT INTO Obs_Hippocampe VALUES(866+889,'Hippocampus guttulatus','male',NULL,'verveuxAnguilles',NULL,0);
INSERT INTO Observation VALUES(867+889,'2016-05-03',NULL,268243.03,6734779.74);
INSERT INTO Obs_Hippocampe VALUES(867+889,'Syngnathus acus','femelle',NULL,'verveuxAnguilles',NULL,0);
INSERT INTO Observation VALUES(868+889,'2016-05-03',NULL,268243.03,6734779.74);
INSERT INTO Obs_Hippocampe VALUES(868+889,'Hippocampus guttulatus','male',NULL,'verveuxAnguilles',NULL,0);
INSERT INTO Observation VALUES(869+889,'2016-05-03',NULL,268243.03,6734779.74);
INSERT INTO Obs_Hippocampe VALUES(869+889,'Hippocampus guttulatus','male',NULL,'verveuxAnguilles',NULL,0);
INSERT INTO Observation VALUES(870+889,'2016-05-03',NULL,268243.03,6734779.74);
INSERT INTO Obs_Hippocampe VALUES(870+889,'Hippocampus guttulatus','femelle',NULL,'verveuxAnguilles',NULL,0);
INSERT INTO Observation VALUES(871+889,'2016-05-03',NULL,268243.03,6734779.74);
INSERT INTO Obs_Hippocampe VALUES(871+889,'Hippocampus guttulatus','male',NULL,'verveuxAnguilles',NULL,0);
INSERT INTO Observation VALUES(872+889,'2016-05-03',NULL,268243.03,6734779.74);
INSERT INTO Obs_Hippocampe VALUES(872+889,'Hippocampus guttulatus','male',NULL,'verveuxAnguilles',NULL,0);
INSERT INTO Observation VALUES(873+889,'2016-05-03',NULL,268243.03,6734779.74);
INSERT INTO Obs_Hippocampe VALUES(873+889,'Hippocampus guttulatus','male',NULL,'verveuxAnguilles',NULL,0);
INSERT INTO Observation VALUES(874+889,'2016-05-03',NULL,268243.03,6734779.74);
INSERT INTO Obs_Hippocampe VALUES(874+889,'Hippocampus guttulatus','male',NULL,'verveuxAnguilles',NULL,0);
INSERT INTO Observation VALUES(875+889,'2016-05-03',NULL,268243.03,6734779.74);
INSERT INTO Obs_Hippocampe VALUES(875+889,'Hippocampus guttulatus','male',NULL,'verveuxAnguilles',NULL,0);

INSERT INTO Lieu VALUES(268326.76, 6734711.25);
INSERT INTO Observation VALUES(876+889,'2016-05-03',NULL,268326.76,6734711.25);
INSERT INTO Obs_Hippocampe VALUES(876+889,'Syngnathus acus','femelle',NULL,'verveuxAnguilles',NULL,0);
INSERT INTO Observation VALUES(877+889,'2016-05-03',NULL,268326.76,6734711.25);
INSERT INTO Obs_Hippocampe VALUES(877+889,'Hippocampus guttulatus','male',NULL,'verveuxAnguilles',NULL,0);
INSERT INTO Observation VALUES(878+889,'2016-05-03',NULL,268326.76,6734711.25);
INSERT INTO Obs_Hippocampe VALUES(878+889,'Hippocampus guttulatus','femelle',NULL,'verveuxAnguilles',NULL,0);
INSERT INTO Observation VALUES(879+889,'2016-05-03',NULL,268326.76,6734711.25);
INSERT INTO Obs_Hippocampe VALUES(879+889,'Hippocampus guttulatus','femelle',NULL,'verveuxAnguilles',NULL,0);

INSERT INTO Lieu VALUES(268399.99, 6734688.98);
INSERT INTO Observation VALUES(880+889,'2016-05-03',NULL,268399.99,6734688.98);
INSERT INTO Obs_Hippocampe VALUES(880+889,'Hippocampus guttulatus','male',NULL,'verveuxAnguilles',NULL,0);
INSERT INTO Observation VALUES(881+889,'2016-05-03',NULL,268399.99,6734688.98);
INSERT INTO Obs_Hippocampe VALUES(881+889,'Hippocampus guttulatus','male',NULL,'verveuxAnguilles',NULL,0);
INSERT INTO Observation VALUES(882+889,'2016-05-03',NULL,268399.99,6734688.98);
INSERT INTO Obs_Hippocampe VALUES(882+889,'Hippocampus guttulatus','male',NULL,'verveuxAnguilles',NULL,0);

INSERT INTO Lieu VALUES(268471.43, 6734635.88);
INSERT INTO Observation VALUES(883+889,'2016-05-03',NULL,268471.43,6734635.88);
INSERT INTO Obs_Hippocampe VALUES(883+889,'Syngnathus acus','femelle',NULL,'verveuxAnguilles',NULL,0);

INSERT INTO Lieu VALUES(268178.31, 6733162.28);
INSERT INTO Observation VALUES(884+889,'2016-05-09',NULL,268178.31,6733162.28);
INSERT INTO Obs_Hippocampe VALUES(884+889,'Hippocampus guttulatus','femelle',NULL,'verveuxAnguilles',NULL,0);
INSERT INTO Observation VALUES(885+889,'2016-05-09',NULL,268178.31,6733162.28);
INSERT INTO Obs_Hippocampe VALUES(885+889,'Syngnathus acus','male',NULL,'verveuxAnguilles',NULL,0);
INSERT INTO Observation VALUES(886+889,'2016-05-09',NULL,268178.31,6733162.28);
INSERT INTO Obs_Hippocampe VALUES(886+889,'Hippocampus guttulatus','femelle',NULL,'verveuxAnguilles',NULL,0);
INSERT INTO Observation VALUES(887+889,'2016-05-09',NULL,268178.31,6733162.28);
INSERT INTO Obs_Hippocampe VALUES(887+889,'Hippocampus guttulatus','femelle',NULL,'verveuxAnguilles',NULL,0);
INSERT INTO Observation VALUES(888+889,'2016-05-09',NULL,268178.31,6733162.28);
INSERT INTO Obs_Hippocampe VALUES(888+889,'Hippocampus guttulatus','male',NULL,'verveuxAnguilles',NULL,0);
INSERT INTO Observation VALUES(889+889,'2016-05-09',NULL,268178.31,6733162.28);
INSERT INTO Obs_Hippocampe VALUES(889+889,'Hippocampus guttulatus','male',NULL,'verveuxAnguilles',NULL,0);
INSERT INTO Observation VALUES(890+889,'2016-05-09',NULL,268178.31,6733162.28);
INSERT INTO Obs_Hippocampe VALUES(890+889,'Hippocampus guttulatus','male',NULL,'verveuxAnguilles',NULL,0);
INSERT INTO Observation VALUES(891+889,'2016-05-09',NULL,268178.31,6733162.28);
INSERT INTO Obs_Hippocampe VALUES(891+889,'Hippocampus hippocampus','male',NULL,'verveuxAnguilles',NULL,0);
INSERT INTO Observation VALUES(892+889,'2016-05-09',NULL,268178.31,6733162.28);
INSERT INTO Obs_Hippocampe VALUES(892+889,'Syngnathus acus','male',NULL,'verveuxAnguilles',NULL,0);
INSERT INTO Observation VALUES(893+889,'2016-05-09',NULL,268178.31,6733162.28);
INSERT INTO Obs_Hippocampe VALUES(893+889,'Hippocampus guttulatus','femelle',NULL,'verveuxAnguilles',NULL,0);

INSERT INTO Lieu VALUES(267989.28, 6732990.61);
INSERT INTO Observation VALUES(894+889,'2016-05-09',NULL,267989.28,6732990.61);
INSERT INTO Obs_Hippocampe VALUES(894+889,'Hippocampus guttulatus','male',NULL,'verveuxAnguilles',NULL,0);
INSERT INTO Observation VALUES(895+889,'2016-05-09',NULL,267989.28,6732990.61);
INSERT INTO Obs_Hippocampe VALUES(895+889,'Hippocampus guttulatus','femelle',NULL,'verveuxAnguilles',NULL,0);
INSERT INTO Observation VALUES(896+889,'2016-05-09',NULL,267989.28,6732990.61);
INSERT INTO Obs_Hippocampe VALUES(896+889,'Hippocampus guttulatus','male',NULL,'verveuxAnguilles',NULL,0);
INSERT INTO Observation VALUES(897+889,'2016-05-09',NULL,268433.11,6735822.64);
INSERT INTO Obs_Hippocampe VALUES(897+889,'Hippocampus guttulatus','femelle',NULL,'casierMorgates',NULL,0);
INSERT INTO Observation VALUES(898+889,'2016-05-09',NULL,267985.14,6735422.22);
INSERT INTO Obs_Hippocampe VALUES(898+889,'Hippocampus guttulatus','femelle',NULL,'casierMorgates',NULL,0);
INSERT INTO Observation VALUES(899+889,'2016-05-09',NULL,268433.11,6735822.64);
INSERT INTO Obs_Hippocampe VALUES(899+889,'Hippocampus guttulatus','femelle',NULL,'casierMorgates',NULL,0);
INSERT INTO Observation VALUES(900+889,'2016-05-09',NULL,267985.14,6735422.22);
INSERT INTO Obs_Hippocampe VALUES(900+889,'Hippocampus guttulatus','femelle',NULL,'casierMorgates',NULL,0);
INSERT INTO Observation VALUES(901+889,'2016-05-09',NULL,268433.11,6735822.64);
INSERT INTO Obs_Hippocampe VALUES(901+889,'Hippocampus guttulatus','femelle',NULL,'casierMorgates',NULL,0);
INSERT INTO Observation VALUES(902+889,'2016-05-09',NULL,267985.14,6735422.22);
INSERT INTO Obs_Hippocampe VALUES(902+889,'Hippocampus guttulatus','femelle',NULL,'casierMorgates',NULL,0);
INSERT INTO Observation VALUES(903+889,'2016-05-09',NULL,268433.11,6735822.64);
INSERT INTO Obs_Hippocampe VALUES(903+889,'Hippocampus guttulatus','male',NULL,'casierMorgates',NULL,0);
INSERT INTO Observation VALUES(904+889,'2016-05-09',NULL,267985.14,6735422.22);
INSERT INTO Obs_Hippocampe VALUES(904+889,'Hippocampus guttulatus','male',NULL,'casierMorgates',NULL,0);
INSERT INTO Observation VALUES(905+889,'2016-05-09',NULL,268433.11,6735822.64);
INSERT INTO Obs_Hippocampe VALUES(905+889,'Hippocampus guttulatus','male',NULL,'casierMorgates',NULL,0);
INSERT INTO Observation VALUES(906+889,'2016-05-09',NULL,267985.14,6735422.22);
INSERT INTO Obs_Hippocampe VALUES(906+889,'Hippocampus guttulatus','male',NULL,'casierMorgates',NULL,0);
INSERT INTO Observation VALUES(907+889,'2016-05-09',NULL,268433.11,6735822.64);
INSERT INTO Obs_Hippocampe VALUES(907+889,'Hippocampus guttulatus','femelle',NULL,'casierMorgates',NULL,0);
INSERT INTO Observation VALUES(908+889,'2016-05-09',NULL,267985.14,6735422.22);
INSERT INTO Obs_Hippocampe VALUES(908+889,'Hippocampus guttulatus','femelle',NULL,'casierMorgates',NULL,0);

INSERT INTO Lieu VALUES(267272.17, 6732792.44);
INSERT INTO Observation VALUES(909+889,'2016-05-17',NULL,267272.17,6732792.44);
INSERT INTO Obs_Hippocampe VALUES(909+889,'Hippocampus guttulatus','femelle',NULL,'verveuxAnguilles',NULL,0);
INSERT INTO Observation VALUES(910+889,'2016-05-17',NULL,267272.17,6732792.44);
INSERT INTO Obs_Hippocampe VALUES(910+889,'Hippocampus guttulatus','male',NULL,'verveuxAnguilles',NULL,0);
INSERT INTO Observation VALUES(911+889,'2016-05-17',NULL,267272.17,6732792.44);
INSERT INTO Obs_Hippocampe VALUES(911+889,'Hippocampus guttulatus','male',NULL,'verveuxAnguilles',NULL,0);
INSERT INTO Observation VALUES(912+889,'2016-05-17',NULL,267272.17,6732792.44);
INSERT INTO Obs_Hippocampe VALUES(912+889,'Hippocampus guttulatus','male',NULL,'verveuxAnguilles',NULL,0);
INSERT INTO Observation VALUES(913+889,'2016-05-17',NULL,267272.17,6732792.44);
INSERT INTO Obs_Hippocampe VALUES(913+889,'Hippocampus guttulatus','male',NULL,'verveuxAnguilles',NULL,0);
INSERT INTO Observation VALUES(914+889,'2016-05-17',NULL,267272.17,6732792.44);
INSERT INTO Obs_Hippocampe VALUES(914+889,'Hippocampus guttulatus','femelle',NULL,'verveuxAnguilles',NULL,0);

INSERT INTO Lieu VALUES(278814.17, 6718221.99);
INSERT INTO Observation VALUES(915+889,'2016-05-17',NULL,278814.17,6718221.99);
INSERT INTO Obs_Hippocampe VALUES(915+889,'Hippocampus guttulatus','femelle',NULL,'verveuxAnguilles',NULL,0);

INSERT INTO Lieu VALUES(267217.62, 6732761);
INSERT INTO Observation VALUES(916+889,'2016-05-17',NULL,267217.62,6732761);
INSERT INTO Obs_Hippocampe VALUES(916+889,'Hippocampus guttulatus','male',NULL,'verveuxAnguilles',NULL,0);
INSERT INTO Observation VALUES(917+889,'2016-05-17',NULL,267217.62,6732761);
INSERT INTO Obs_Hippocampe VALUES(917+889,'Hippocampus guttulatus','femelle',NULL,'verveuxAnguilles',NULL,0);
INSERT INTO Observation VALUES(918+889,'2016-05-17',NULL,267217.62,6732761);
INSERT INTO Obs_Hippocampe VALUES(918+889,'Hippocampus guttulatus','male',NULL,'verveuxAnguilles',NULL,0);

INSERT INTO Lieu VALUES(266987.1, 6732704.45);
INSERT INTO Observation VALUES(919+889,'2016-05-17',NULL,266987.1,6732704.45);
INSERT INTO Obs_Hippocampe VALUES(919+889,'Hippocampus guttulatus','femelle',NULL,'verveuxAnguilles',NULL,0);
INSERT INTO Observation VALUES(920+889,'2016-05-17',NULL,266987.1,6732704.45);
INSERT INTO Obs_Hippocampe VALUES(920+889,'Hippocampus guttulatus','male',NULL,'verveuxAnguilles',NULL,0);
INSERT INTO Observation VALUES(921+889,'2016-05-17',NULL,266987.1,6732704.45);
INSERT INTO Obs_Hippocampe VALUES(921+889,'Hippocampus guttulatus','male',NULL,'verveuxAnguilles',NULL,0);
INSERT INTO Observation VALUES(922+889,'2016-05-17',NULL,266987.1,6732704.45);
INSERT INTO Obs_Hippocampe VALUES(922+889,'Hippocampus guttulatus','male',NULL,'verveuxAnguilles',NULL,0);

INSERT INTO Lieu VALUES(268382.59, 6733586.6);
INSERT INTO Observation VALUES(923+889,'2016-05-17',NULL,268382.59,6733586.6);
INSERT INTO Obs_Hippocampe VALUES(923+889,'Hippocampus guttulatus','femelle',NULL,'verveuxAnguilles',NULL,0);
INSERT INTO Observation VALUES(924+889,'2016-05-17',NULL,268382.59,6733586.6);
INSERT INTO Obs_Hippocampe VALUES(924+889,'Hippocampus guttulatus','femelle',NULL,'verveuxAnguilles',NULL,0);
INSERT INTO Observation VALUES(925+889,'2016-05-17',NULL,268382.59,6733586.6);
INSERT INTO Obs_Hippocampe VALUES(925+889,'Hippocampus guttulatus','femelle',NULL,'verveuxAnguilles',NULL,0);

INSERT INTO Lieu VALUES(268240.72, 6733562.19);
INSERT INTO Observation VALUES(926+889,'2016-05-17',NULL,268240.72,6733562.19);
INSERT INTO Obs_Hippocampe VALUES(926+889,'Syngnathus acus','male',NULL,'verveuxAnguilles',NULL,0);
INSERT INTO Observation VALUES(927+889,'2016-05-17',NULL,268240.72,6733562.19);
INSERT INTO Obs_Hippocampe VALUES(927+889,'Hippocampus guttulatus','femelle',NULL,'verveuxAnguilles',NULL,0);
INSERT INTO Observation VALUES(928+889,'2016-05-17',NULL,268240.72,6733562.19);
INSERT INTO Obs_Hippocampe VALUES(928+889,'Hippocampus guttulatus','femelle',NULL,'verveuxAnguilles',NULL,0);
INSERT INTO Observation VALUES(929+889,'2016-05-17',NULL,268240.72,6733562.19);
INSERT INTO Obs_Hippocampe VALUES(929+889,'Hippocampus guttulatus','male',NULL,'verveuxAnguilles',NULL,0);
INSERT INTO Observation VALUES(930+889,'2016-05-17',NULL,268240.72,6733562.19);
INSERT INTO Obs_Hippocampe VALUES(930+889,'Hippocampus guttulatus','male',NULL,'verveuxAnguilles',NULL,0);

INSERT INTO Lieu VALUES(268120.75, 6734411.71);
INSERT INTO Observation VALUES(931+889,'2016-05-17',NULL,268120.75,6734411.71);
INSERT INTO Obs_Hippocampe VALUES(931+889,'Hippocampus guttulatus','male',NULL,'verveuxAnguilles',NULL,0);
INSERT INTO Observation VALUES(932+889,'2016-05-17',NULL,268120.75,6734411.71);
INSERT INTO Obs_Hippocampe VALUES(932+889,'Syngnathus acus','male',NULL,'verveuxAnguilles',NULL,0);
INSERT INTO Observation VALUES(933+889,'2016-05-17',NULL,268120.75,6734411.71);
INSERT INTO Obs_Hippocampe VALUES(933+889,'Hippocampus guttulatus','femelle',NULL,'verveuxAnguilles',NULL,0);
INSERT INTO Observation VALUES(934+889,'2016-05-17',NULL,268120.75,6734411.71);
INSERT INTO Obs_Hippocampe VALUES(934+889,'Hippocampus guttulatus','male',NULL,'verveuxAnguilles',NULL,0);
INSERT INTO Observation VALUES(935+889,'2016-05-17',NULL,268120.75,6734411.71);
INSERT INTO Obs_Hippocampe VALUES(935+889,'Hippocampus guttulatus','male',NULL,'verveuxAnguilles',NULL,0);
INSERT INTO Observation VALUES(936+889,'2016-05-17',NULL,268120.75,6734411.71);
INSERT INTO Obs_Hippocampe VALUES(936+889,'Syngnathus acus','femelle',NULL,'verveuxAnguilles',NULL,0);
INSERT INTO Observation VALUES(937+889,'2016-05-17',NULL,268120.75,6734411.71);
INSERT INTO Obs_Hippocampe VALUES(937+889,'Hippocampus guttulatus','male',NULL,'verveuxAnguilles',NULL,0);

INSERT INTO Lieu VALUES(268060.98, 6734365.27);
INSERT INTO Observation VALUES(938+889,'2016-05-17',NULL,268060.98,6734365.27);
INSERT INTO Obs_Hippocampe VALUES(938+889,'Syngnathus acus','femelle',NULL,'verveuxAnguilles',NULL,0);
INSERT INTO Observation VALUES(939+889,'2016-05-17',NULL,268060.98,6734365.27);
INSERT INTO Obs_Hippocampe VALUES(939+889,'Hippocampus guttulatus','male',NULL,'verveuxAnguilles',NULL,0);
INSERT INTO Observation VALUES(940+889,'2016-05-17',NULL,268060.98,6734365.27);
INSERT INTO Obs_Hippocampe VALUES(940+889,'Hippocampus guttulatus','male',NULL,'verveuxAnguilles',NULL,0);
INSERT INTO Observation VALUES(941+889,'2016-05-17',NULL,268060.98,6734365.27);
INSERT INTO Obs_Hippocampe VALUES(941+889,'Hippocampus guttulatus','male',NULL,'verveuxAnguilles',NULL,0);
INSERT INTO Observation VALUES(942+889,'2016-05-17',NULL,268060.98,6734365.27);
INSERT INTO Obs_Hippocampe VALUES(942+889,'Hippocampus guttulatus','femelle',NULL,'verveuxAnguilles',NULL,0);
INSERT INTO Observation VALUES(943+889,'2016-05-17',NULL,268060.98,6734365.27);
INSERT INTO Obs_Hippocampe VALUES(943+889,'Syngnathus acus','femelle',NULL,'verveuxAnguilles',NULL,0);
INSERT INTO Observation VALUES(944+889,'2016-05-17',NULL,268060.98,6734365.27);
INSERT INTO Obs_Hippocampe VALUES(944+889,'Hippocampus guttulatus','male',NULL,'verveuxAnguilles',NULL,0);
INSERT INTO Observation VALUES(945+889,'2016-05-17',NULL,268060.98,6734365.27);
INSERT INTO Obs_Hippocampe VALUES(945+889,'Hippocampus guttulatus','femelle',NULL,'verveuxAnguilles',NULL,0);
INSERT INTO Observation VALUES(946+889,'2016-05-17',NULL,268060.98,6734365.27);
INSERT INTO Obs_Hippocampe VALUES(946+889,'Hippocampus guttulatus','male',NULL,'verveuxAnguilles',NULL,0);
INSERT INTO Observation VALUES(947+889,'2016-05-17',NULL,268060.98,6734365.27);
INSERT INTO Obs_Hippocampe VALUES(947+889,'Hippocampus guttulatus','femelle',NULL,'verveuxAnguilles',NULL,0);

INSERT INTO Lieu VALUES(268144.04, 6734348.52);
INSERT INTO Observation VALUES(948+889,'2016-05-17',NULL,268144.04,6734348.52);
INSERT INTO Obs_Hippocampe VALUES(948+889,'Hippocampus guttulatus','male',NULL,'verveuxAnguilles',NULL,0);
INSERT INTO Observation VALUES(949+889,'2016-05-17',NULL,268144.04,6734348.52);
INSERT INTO Obs_Hippocampe VALUES(949+889,'Hippocampus guttulatus','male',NULL,'verveuxAnguilles',NULL,0);
INSERT INTO Observation VALUES(950+889,'2016-05-17',NULL,268144.04,6734348.52);
INSERT INTO Obs_Hippocampe VALUES(950+889,'Hippocampus guttulatus','male',NULL,'verveuxAnguilles',NULL,0);
INSERT INTO Observation VALUES(951+889,'2016-05-17',NULL,268144.04,6734348.52);
INSERT INTO Obs_Hippocampe VALUES(951+889,'Hippocampus guttulatus','femelle',NULL,'verveuxAnguilles',NULL,0);
INSERT INTO Observation VALUES(952+889,'2016-05-17',NULL,268144.04,6734348.52);
INSERT INTO Obs_Hippocampe VALUES(952+889,'Hippocampus guttulatus','male',NULL,'verveuxAnguilles',NULL,0);
INSERT INTO Observation VALUES(953+889,'2016-05-17',NULL,268144.04,6734348.52);
INSERT INTO Obs_Hippocampe VALUES(953+889,'Hippocampus guttulatus','femelle',NULL,'verveuxAnguilles',NULL,0);
INSERT INTO Observation VALUES(954+889,'2016-05-17',NULL,268144.04,6734348.52);
INSERT INTO Obs_Hippocampe VALUES(954+889,'Hippocampus guttulatus','male',NULL,'verveuxAnguilles',NULL,0);
INSERT INTO Observation VALUES(955+889,'2016-05-17',NULL,268144.04,6734348.52);
INSERT INTO Obs_Hippocampe VALUES(955+889,'Syngnathus acus','male',NULL,'verveuxAnguilles',NULL,0);

INSERT INTO Lieu VALUES(268284.06, 6734293.09);
INSERT INTO Observation VALUES(956+889,'2016-05-17',NULL,268284.06,6734293.09);
INSERT INTO Obs_Hippocampe VALUES(956+889,'Syngnathus acus','male',NULL,'verveuxAnguilles',NULL,0);
INSERT INTO Observation VALUES(957+889,'2016-05-17',NULL,268284.06,6734293.09);
INSERT INTO Obs_Hippocampe VALUES(957+889,'Syngnathus acus','male',NULL,'verveuxAnguilles',NULL,0);
INSERT INTO Observation VALUES(958+889,'2016-05-17',NULL,268284.06,6734293.09);
INSERT INTO Obs_Hippocampe VALUES(958+889,'Hippocampus guttulatus','male',NULL,'verveuxAnguilles',NULL,0);
INSERT INTO Observation VALUES(959+889,'2016-05-17',NULL,268284.06,6734293.09);
INSERT INTO Obs_Hippocampe VALUES(959+889,'Hippocampus guttulatus','male',NULL,'verveuxAnguilles',NULL,0);
INSERT INTO Observation VALUES(960+889,'2016-05-17',NULL,268284.06,6734293.09);
INSERT INTO Obs_Hippocampe VALUES(960+889,'Hippocampus guttulatus','male',NULL,'verveuxAnguilles',NULL,0);
INSERT INTO Observation VALUES(961+889,'2016-05-17',NULL,268284.06,6734293.09);
INSERT INTO Obs_Hippocampe VALUES(961+889,'Hippocampus guttulatus','male',NULL,'verveuxAnguilles',NULL,0);
INSERT INTO Observation VALUES(962+889,'2016-05-17',NULL,268284.06,6734293.09);
INSERT INTO Obs_Hippocampe VALUES(962+889,'Hippocampus guttulatus','femelle',NULL,'verveuxAnguilles',NULL,0);
INSERT INTO Observation VALUES(963+889,'2016-05-17',NULL,268284.06,6734293.09);
INSERT INTO Obs_Hippocampe VALUES(963+889,'Syngnathus acus','male',NULL,'verveuxAnguilles',NULL,0);
INSERT INTO Observation VALUES(964+889,'2016-05-17',NULL,268284.06,6734293.09);
INSERT INTO Obs_Hippocampe VALUES(964+889,'Hippocampus guttulatus','femelle',NULL,'verveuxAnguilles',NULL,0);
INSERT INTO Observation VALUES(965+889,'2016-05-17',NULL,268284.06,6734293.09);
INSERT INTO Obs_Hippocampe VALUES(965+889,'Hippocampus guttulatus','male',NULL,'verveuxAnguilles',NULL,0);
INSERT INTO Observation VALUES(966+889,'2016-05-17',NULL,268284.06,6734293.09);
INSERT INTO Obs_Hippocampe VALUES(966+889,'Hippocampus guttulatus','male',NULL,'verveuxAnguilles',NULL,0);

INSERT INTO Lieu VALUES(268217.96, 6734244.66);
INSERT INTO Observation VALUES(967+889,'2016-05-17',NULL,268217.96,6734244.66);
INSERT INTO Obs_Hippocampe VALUES(967+889,'Hippocampus guttulatus','femelle',NULL,'verveuxAnguilles',NULL,0);
INSERT INTO Observation VALUES(968+889,'2016-05-17',NULL,268217.96,6734244.66);
INSERT INTO Obs_Hippocampe VALUES(968+889,'Hippocampus guttulatus','male',NULL,'verveuxAnguilles',NULL,0);
INSERT INTO Observation VALUES(969+889,'2016-05-17',NULL,268217.96,6734244.66);
INSERT INTO Obs_Hippocampe VALUES(969+889,'Syngnathus acus','femelle',NULL,'verveuxAnguilles',NULL,0);

INSERT INTO Lieu VALUES(267899.5, 6732901.14);
INSERT INTO Observation VALUES(970+889,'2016-05-17',NULL,267899.5,6732901.14);
INSERT INTO Obs_Hippocampe VALUES(970+889,'Hippocampus guttulatus','femelle',NULL,'verveuxAnguilles',NULL,0);

INSERT INTO Lieu VALUES(267957.02, 6732971.24);
INSERT INTO Observation VALUES(971+889,'2016-05-17',NULL,267957.02,6732971.24);
INSERT INTO Obs_Hippocampe VALUES(971+889,'Hippocampus guttulatus','femelle',NULL,'verveuxAnguilles',NULL,0);
INSERT INTO Observation VALUES(972+889,'2016-05-17',NULL,267957.02,6732971.24);
INSERT INTO Obs_Hippocampe VALUES(972+889,'Hippocampus guttulatus','femelle',NULL,'verveuxAnguilles',NULL,0);
INSERT INTO Observation VALUES(973+889,'2016-05-17',NULL,267957.02,6732971.24);
INSERT INTO Obs_Hippocampe VALUES(973+889,'Hippocampus guttulatus','male',NULL,'verveuxAnguilles',NULL,0);
INSERT INTO Observation VALUES(974+889,'2016-05-17',NULL,267957.02,6732971.24);
INSERT INTO Obs_Hippocampe VALUES(974+889,'Hippocampus guttulatus','male',NULL,'verveuxAnguilles',NULL,0);
INSERT INTO Observation VALUES(975+889,'2016-05-17',NULL,267957.02,6732971.24);
INSERT INTO Obs_Hippocampe VALUES(975+889,'Hippocampus guttulatus','male',NULL,'verveuxAnguilles',NULL,0);
INSERT INTO Observation VALUES(976+889,'2016-05-17',NULL,267957.02,6732971.24);
INSERT INTO Obs_Hippocampe VALUES(976+889,'Hippocampus guttulatus','femelle',NULL,'verveuxAnguilles',NULL,0);
INSERT INTO Observation VALUES(977+889,'2016-05-17',NULL,267957.02,6732971.24);
INSERT INTO Obs_Hippocampe VALUES(977+889,'Hippocampus guttulatus','male',NULL,'verveuxAnguilles',NULL,0);
INSERT INTO Observation VALUES(978+889,'2016-05-17',NULL,267957.02,6732971.24);
INSERT INTO Obs_Hippocampe VALUES(978+889,'Hippocampus guttulatus','femelle',NULL,'verveuxAnguilles',NULL,0);
INSERT INTO Observation VALUES(979+889,'2016-05-17',NULL,267957.02,6732971.24);
INSERT INTO Obs_Hippocampe VALUES(979+889,'Hippocampus guttulatus','male',NULL,'verveuxAnguilles',NULL,0);
INSERT INTO Observation VALUES(980+889,'2016-05-17',NULL,267957.02,6732971.24);
INSERT INTO Obs_Hippocampe VALUES(980+889,'Syngnathus acus','male',NULL,'verveuxAnguilles',NULL,0);

INSERT INTO Lieu VALUES(264299.15, 6736216.36);
INSERT INTO Observation VALUES(981+889,'2016-04-13',NULL,264299.15,6736216.36);
INSERT INTO Obs_Hippocampe VALUES(981+889,'Hippocampus guttulatus','femelle',NULL,NULL,NULL,0);
INSERT INTO Observation VALUES(982+889,'2016-04-19',NULL,264299.15,6736216.36);
INSERT INTO Obs_Hippocampe VALUES(982+889,'Hippocampus guttulatus','femelle',NULL,NULL,NULL,0);
INSERT INTO Observation VALUES(983+889,'2016-04-19',NULL,264299.15,6736216.36);
INSERT INTO Obs_Hippocampe VALUES(983+889,'Hippocampus guttulatus','male',NULL,NULL,NULL,0);
INSERT INTO Observation VALUES(984+889,'2016-05-13',NULL,264299.15,6736216.36);
INSERT INTO Obs_Hippocampe VALUES(984+889,'Hippocampus guttulatus','male',NULL,NULL,NULL,0);

INSERT INTO Lieu VALUES(268871.16, 6735968.42);
INSERT INTO Observation VALUES(985+889,'2017-07-05',NULL,268871.16,6735968.42);
INSERT INTO Obs_Hippocampe VALUES(985+889,'Hippocampus guttulatus','femelle',19,'verveuxAnguilles',NULL,0);
INSERT INTO Observation VALUES(986+889,'2017-07-05',NULL,268871.16,6735968.42);
INSERT INTO Obs_Hippocampe VALUES(986+889,'Hippocampus guttulatus','femelle',19,'verveuxAnguilles',NULL,0);
INSERT INTO Observation VALUES(987+889,'2017-07-05',NULL,268871.16,6735968.42);
INSERT INTO Obs_Hippocampe VALUES(987+889,'Syngnathus acus','femelle',19,'verveuxAnguilles',36.5,0);

INSERT INTO Lieu VALUES(268219.72, 6736543.16);
INSERT INTO Observation VALUES(988+889,'2017-07-05',NULL,268219.72,6736543.16);
INSERT INTO Obs_Hippocampe VALUES(988+889,'Hippocampus guttulatus','femelle',19,'verveuxAnguilles',NULL,0);
INSERT INTO Observation VALUES(989+889,'2017-07-05',NULL,268219.72,6736543.16);
INSERT INTO Obs_Hippocampe VALUES(989+889,'Syngnathus acus','inconnu',19,'verveuxAnguilles',37,0);
INSERT INTO Observation VALUES(990+889,'2017-07-05',NULL,268219.72,6736543.16);
INSERT INTO Obs_Hippocampe VALUES(990+889,'Syngnathus acus','inconnu',19,'verveuxAnguilles',31.5,0);
INSERT INTO Observation VALUES(991+889,'2017-07-05',NULL,NULL,NULL);
INSERT INTO Obs_Hippocampe VALUES(991+889,'Hippocampus guttulatus','femelle',19,'verveuxAnguilles',NULL,0);
INSERT INTO Observation VALUES(992+889,'2017-07-05',NULL,NULL,NULL);
INSERT INTO Obs_Hippocampe VALUES(992+889,'Hippocampus guttulatus','femelle',19,'verveuxAnguilles',NULL,0);

INSERT INTO Lieu VALUES(268346.54, 6733561.64);
INSERT INTO Observation VALUES(993+889,'2017-07-05',NULL,268346.54,6733561.64);
INSERT INTO Obs_Hippocampe VALUES(993+889,'Hippocampus guttulatus','male',NULL,'verveuxAnguilles',NULL,0);
INSERT INTO Observation VALUES(994+889,'2017-07-05',NULL,268346.54,6733561.64);
INSERT INTO Obs_Hippocampe VALUES(994+889,'Hippocampus guttulatus','femelle',19,'verveuxAnguilles',NULL,0);
INSERT INTO Observation VALUES(995+889,'2017-07-05',NULL,268346.54,6733561.64);
INSERT INTO Obs_Hippocampe VALUES(995+889,'Hippocampus guttulatus','femelle',19,'verveuxAnguilles',NULL,0);
INSERT INTO Observation VALUES(996+889,'2017-07-05',NULL,268346.54,6733561.64);
INSERT INTO Obs_Hippocampe VALUES(996+889,'Hippocampus guttulatus','femelle',19,'verveuxAnguilles',NULL,0);
INSERT INTO Observation VALUES(997+889,'2017-07-05',NULL,268346.54,6733561.64);
INSERT INTO Obs_Hippocampe VALUES(997+889,'Hippocampus guttulatus','femelle',19,'verveuxAnguilles',NULL,0);

INSERT INTO Lieu VALUES(268752.16, 6738420.27);
INSERT INTO Observation VALUES(998+889,'2017-07-05',NULL,268752.16,6738420.27);
INSERT INTO Obs_Hippocampe VALUES(998+889,NULL,'inconnu',19.6,'verveuxAnguilles',NULL,0);

INSERT INTO Lieu VALUES(269007.94, 6738208.55);
INSERT INTO Observation VALUES(999+889,'2017-07-17',NULL,269007.94,6738208.55);
INSERT INTO Obs_Hippocampe VALUES(999+889,NULL,'inconnu',19.6,'verveuxAnguilles',NULL,0);

INSERT INTO Lieu VALUES(269250.73, 6737869.7);
INSERT INTO Observation VALUES(1000+889,'2017-07-17',NULL,269250.73,6737869.7);
INSERT INTO Obs_Hippocampe VALUES(1000+889,NULL,'inconnu',19.6,'verveuxAnguilles',NULL,0);

INSERT INTO Lieu VALUES(269296.72, 6737725.26);
INSERT INTO Observation VALUES(1001+889,'2017-07-17',NULL,269296.72,6737725.26);
INSERT INTO Obs_Hippocampe VALUES(1001+889,'Syngnathus acus','male',19.6,'verveuxAnguilles',40.5,0);

INSERT INTO Lieu VALUES(267155.65, 6732449.26);
INSERT INTO Observation VALUES(1002+889,'2017-07-17',NULL,267155.65,6732449.26);
INSERT INTO Obs_Hippocampe VALUES(1002+889,'Syngnathus acus','femelle',19.6,'verveuxAnguilles',38.5,0);
INSERT INTO Observation VALUES(1003+889,'2017-07-17',NULL,267155.65,6732449.26);
INSERT INTO Obs_Hippocampe VALUES(1003+889,'Hippocampus guttulatus','femelle',19.6,'verveuxAnguilles',16,0);

INSERT INTO Lieu VALUES(267580.8, 6733520.97);
INSERT INTO Observation VALUES(1004+889,'2017-07-17',NULL,267580.8,6733520.97);
INSERT INTO Obs_Hippocampe VALUES(1004+889,'Hippocampus guttulatus','femelle',19.6,'verveuxAnguilles',17,0);
INSERT INTO Observation VALUES(1005+889,'2017-07-17',NULL,267580.8,6733520.97);
INSERT INTO Obs_Hippocampe VALUES(1005+889,'Hippocampus guttulatus','femelle',19.6,'verveuxAnguilles',13.8,0);
INSERT INTO Observation VALUES(1006+889,'2017-07-17',NULL,267580.8,6733520.97);
INSERT INTO Obs_Hippocampe VALUES(1006+889,'Hippocampus guttulatus','male',19.6,'verveuxAnguilles',13.6,0);

INSERT INTO Lieu VALUES(267664.95, 6733520.39);
INSERT INTO Observation VALUES(1007+889,'2017-07-17',NULL,267664.95,6733520.39);
INSERT INTO Obs_Hippocampe VALUES(1007+889,'Hippocampus guttulatus','femelle',19.6,'verveuxAnguilles',NULL,0);
INSERT INTO Observation VALUES(1008+889,'2017-07-17',NULL,267664.95,6733520.39);
INSERT INTO Obs_Hippocampe VALUES(1008+889,'Hippocampus guttulatus','femelle',19.6,'verveuxAnguilles',15.5,0);
INSERT INTO Observation VALUES(1009+889,'2017-07-17',NULL,267664.95,6733520.39);
INSERT INTO Obs_Hippocampe VALUES(1009+889,'Hippocampus guttulatus','male',19.6,'verveuxAnguilles',NULL,0);

INSERT INTO Lieu VALUES(267781.4, 6733549.02);
INSERT INTO Observation VALUES(1010+889,'2017-07-17',NULL,267781.4,6733549.02);
INSERT INTO Obs_Hippocampe VALUES(1010+889,'Syngnathus acus','male',NULL,'verveuxAnguilles',26.5,0);
INSERT INTO Observation VALUES(1011+889,'2017-07-17',NULL,267781.4,6733549.02);
INSERT INTO Obs_Hippocampe VALUES(1011+889,'Hippocampus guttulatus','femelle',19.6,'verveuxAnguilles',NULL,0);
INSERT INTO Observation VALUES(1012+889,'2017-07-17',NULL,267781.4,6733549.02);
INSERT INTO Obs_Hippocampe VALUES(1012+889,'Hippocampus guttulatus','femelle',19.6,'verveuxAnguilles',NULL,0);
INSERT INTO Observation VALUES(1013+889,'2017-07-17',NULL,267781.4,6733549.02);
INSERT INTO Obs_Hippocampe VALUES(1013+889,'Hippocampus guttulatus','femelle',19.6,'verveuxAnguilles',NULL,0);

INSERT INTO Lieu VALUES(267764.77, 6733596.65);
INSERT INTO Observation VALUES(1014+889,'2017-07-17',NULL,267764.77,6733596.65);
INSERT INTO Obs_Hippocampe VALUES(1014+889,'Hippocampus guttulatus','femelle',19.6,'verveuxAnguilles',NULL,0);
INSERT INTO Observation VALUES(1015+889,'2017-07-17',NULL,267764.77,6733596.65);
INSERT INTO Obs_Hippocampe VALUES(1015+889,'Hippocampus guttulatus','femelle',19.6,'verveuxAnguilles',NULL,0);
INSERT INTO Observation VALUES(1016+889,'2017-07-17',NULL,267764.77,6733596.65);
INSERT INTO Obs_Hippocampe VALUES(1016+889,'Hippocampus guttulatus','male',19.6,'verveuxAnguilles',NULL,0);
INSERT INTO Observation VALUES(1017+889,'2017-07-17',NULL,267764.77,6733596.65);
INSERT INTO Obs_Hippocampe VALUES(1017+889,'Hippocampus guttulatus','femelle',19.6,'verveuxAnguilles',NULL,0);
INSERT INTO Observation VALUES(1018+889,'2017-07-17',NULL,267764.77,6733596.65);
INSERT INTO Obs_Hippocampe VALUES(1018+889,'Hippocampus guttulatus','femelle',19.6,'verveuxAnguilles',NULL,0);
INSERT INTO Observation VALUES(1019+889,'2017-07-17',NULL,267764.77,6733596.65);
INSERT INTO Obs_Hippocampe VALUES(1019+889,'Hippocampus guttulatus','femelle',19.6,'verveuxAnguilles',NULL,0);

INSERT INTO Lieu VALUES(267931.48, 6733625.33);
INSERT INTO Observation VALUES(1020+889,'2017-07-17',NULL,267931.48,6733625.33);
INSERT INTO Obs_Hippocampe VALUES(1020+889,'Hippocampus guttulatus','male',19.6,'verveuxAnguilles',NULL,0);
INSERT INTO Observation VALUES(1021+889,'2017-07-17',NULL,267931.48,6733625.33);
INSERT INTO Obs_Hippocampe VALUES(1021+889,'Hippocampus guttulatus','femelle',19.6,'verveuxAnguilles',NULL,0);

INSERT INTO Lieu VALUES(267296.5, 6733671.69);
INSERT INTO Observation VALUES(1022+889,'2017-07-17',NULL,267296.5,6733671.69);
INSERT INTO Obs_Hippocampe VALUES(1022+889,NULL,'inconnu',19.6,'verveuxAnguilles',NULL,0);

INSERT INTO Lieu VALUES(267494.16, 6734416.56);
INSERT INTO Observation VALUES(1023+889,'2017-07-17',NULL,267494.16,6734416.56);
INSERT INTO Obs_Hippocampe VALUES(1023+889,'Hippocampus guttulatus','femelle',19.6,'verveuxAnguilles',NULL,0);

INSERT INTO Lieu VALUES(269642.62, 6736317);
INSERT INTO Observation VALUES(1024+889,'2017-07-17',NULL,269642.62,6736317);
INSERT INTO Obs_Hippocampe VALUES(1024+889,NULL,'inconnu',19.6,'verveuxAnguilles',NULL,0);
INSERT INTO Observation VALUES(1025+889,'2017-07-17',NULL,269642.62,6736317);
INSERT INTO Obs_Hippocampe VALUES(1025+889,NULL,'inconnu',NULL,'verveuxAnguilles',NULL,0);

INSERT INTO Lieu VALUES(269534.3, 6736226.48);
INSERT INTO Observation VALUES(1026+889,'2017-07-19',NULL,269534.3,6736226.48);
INSERT INTO Obs_Hippocampe VALUES(1026+889,'Hippocampus guttulatus','femelle',19.6,'verveuxAnguilles',NULL,0);

INSERT INTO Lieu VALUES(267355.14, 6736829.07);
INSERT INTO Observation VALUES(1027+889,'2017-07-19',NULL,267355.14,6736829.07);
INSERT INTO Obs_Hippocampe VALUES(1027+889,NULL,'inconnu',19.6,'verveuxAnguilles',NULL,0);

INSERT INTO Lieu VALUES(267194.49, 6736796.26);
INSERT INTO Observation VALUES(1028+889,'2017-07-19',NULL,267194.49,6736796.26);
INSERT INTO Obs_Hippocampe VALUES(1028+889,'Hippocampus guttulatus','femelle',NULL,'verveuxAnguilles',NULL,0);

INSERT INTO Lieu VALUES(265385.58, 6737066.2);
INSERT INTO Observation VALUES(1029+889,'2017-07-19',NULL,265385.58,6737066.2);
INSERT INTO Obs_Hippocampe VALUES(1029+889,'Hippocampus guttulatus','femelle',19.6,'verveuxAnguilles',NULL,0);

INSERT INTO Lieu VALUES(265258.68, 6737014.25);
INSERT INTO Observation VALUES(1030+889,'2017-07-19',NULL,265258.68,6737014.25);
INSERT INTO Obs_Hippocampe VALUES(1030+889,'Hippocampus guttulatus','femelle',19.6,'verveuxAnguilles',NULL,0);

INSERT INTO Lieu VALUES(266232.44, 6733864.64);
INSERT INTO Observation VALUES(1031+889,'2017-07-19',NULL,266232.44,6733864.64);
INSERT INTO Obs_Hippocampe VALUES(1031+889,'Hippocampus guttulatus','femelle',19.6,'verveuxAnguilles',NULL,0);
INSERT INTO Observation VALUES(1032+889,'2017-07-19',NULL,266232.44,6733864.64);
INSERT INTO Obs_Hippocampe VALUES(1032+889,'Hippocampus guttulatus','femelle',19.6,'verveuxAnguilles',NULL,0);
INSERT INTO Observation VALUES(1033+889,'2017-07-19',NULL,266232.44,6733864.64);
INSERT INTO Obs_Hippocampe VALUES(1033+889,'Hippocampus guttulatus','femelle',19.6,'verveuxAnguilles',NULL,0);

INSERT INTO Lieu VALUES(266440.67, 6732228.64);
INSERT INTO Observation VALUES(1034+889,'2017-07-19',NULL,266440.67,6732228.64);
INSERT INTO Obs_Hippocampe VALUES(1034+889,NULL,'inconnu',19.6,'verveuxAnguilles',NULL,0);

INSERT INTO Lieu VALUES(266058.2, 6732841.46);
INSERT INTO Observation VALUES(1035+889,'2017-07-19',NULL,266058.2,6732841.46);
INSERT INTO Obs_Hippocampe VALUES(1035+889,'Hippocampus guttulatus','inconnu',19.6,'verveuxAnguilles',5.5,0);
INSERT INTO Observation VALUES(1036+889,'2017-07-19',NULL,266058.2,6732841.46);
INSERT INTO Obs_Hippocampe VALUES(1036+889,'Syngnathus acus','inconnu',19.6,'verveuxAnguilles',31.5,0);
INSERT INTO Observation VALUES(1037+889,'2017-07-19',NULL,266058.2,6732841.46);
INSERT INTO Obs_Hippocampe VALUES(1037+889,'Hippocampus guttulatus','femelle',19.6,'verveuxAnguilles',NULL,0);

INSERT INTO Lieu VALUES(266097.01, 6733096.67);
INSERT INTO Observation VALUES(1038+889,'2017-07-19',NULL,266097.01,6733096.67);
INSERT INTO Obs_Hippocampe VALUES(1038+889,'Hippocampus guttulatus','male',19.6,'verveuxAnguilles',NULL,0);

INSERT INTO Lieu VALUES(306759.82, 7292422.67);
INSERT INTO Observation VALUES(1039+889,'2017-07-19',NULL,306759.82,7292422.67);
INSERT INTO Obs_Hippocampe VALUES(1039+889,'Hippocampus guttulatus','male',19.7,'verveuxAnguilles',NULL,0);

INSERT INTO Lieu VALUES(265676.82, 6733810.68);
INSERT INTO Observation VALUES(1040+889,'2017-07-19',NULL,265676.82,6733810.68);
INSERT INTO Obs_Hippocampe VALUES(1040+889,'Hippocampus guttulatus','femelle',19.7,'verveuxAnguilles',NULL,0);

INSERT INTO Lieu VALUES(265836.44, 6733999.48);
INSERT INTO Observation VALUES(1041+889,'2017-07-19',NULL,265836.44,6733999.48);
INSERT INTO Obs_Hippocampe VALUES(1041+889,'Hippocampus guttulatus','femelle',19.7,'verveuxAnguilles',17,0);

INSERT INTO Lieu VALUES(266657.71, 6733889.2);
INSERT INTO Observation VALUES(1042+889,'2017-07-19',NULL,266657.71,6733889.2);
INSERT INTO Obs_Hippocampe VALUES(1042+889,'Hippocampus guttulatus','femelle',19.7,'verveuxAnguilles',16,0);
INSERT INTO Observation VALUES(1043+889,'2017-07-31',NULL,266657.71,6733889.2);
INSERT INTO Obs_Hippocampe VALUES(1043+889,'Hippocampus guttulatus','femelle',19.7,'verveuxAnguilles',15,0);
INSERT INTO Observation VALUES(1044+889,'2017-07-31',NULL,266657.71,6733889.2);
INSERT INTO Obs_Hippocampe VALUES(1044+889,'Hippocampus guttulatus','femelle',19.7,'verveuxAnguilles',15.8,0);
INSERT INTO Observation VALUES(1045+889,'2017-07-31',NULL,266657.71,6733889.2);
INSERT INTO Obs_Hippocampe VALUES(1045+889,'Syngnathus acus','inconnu',19.7,'verveuxAnguilles',37,0);

INSERT INTO Lieu VALUES(266712.3, 6733810.94);
INSERT INTO Observation VALUES(1046+889,'2017-07-31',NULL,266712.3,6733810.94);
INSERT INTO Obs_Hippocampe VALUES(1046+889,'Hippocampus guttulatus','male',19.7,'verveuxAnguilles',15.7,0);

INSERT INTO Lieu VALUES(266812.57, 6733532.55);
INSERT INTO Observation VALUES(1047+889,'2017-07-31',NULL,266812.57,6733532.55);
INSERT INTO Obs_Hippocampe VALUES(1047+889,'Hippocampus guttulatus','male',19.7,'verveuxAnguilles',15.5,0);
INSERT INTO Observation VALUES(1048+889,'2017-07-31',NULL,266812.57,6733532.55);
INSERT INTO Obs_Hippocampe VALUES(1048+889,'Hippocampus guttulatus','femelle',19.7,'verveuxAnguilles',16.3,0);
INSERT INTO Observation VALUES(1049+889,'2017-07-31',NULL,266812.57,6733532.55);
INSERT INTO Obs_Hippocampe VALUES(1049+889,'Hippocampus guttulatus','male',19.7,'verveuxAnguilles',16.1,0);

INSERT INTO Lieu VALUES(266803.76, 6733429.23);
INSERT INTO Observation VALUES(1050+889,'2017-07-31',NULL,266803.76,6733429.23);
INSERT INTO Obs_Hippocampe VALUES(1050+889,'Hippocampus guttulatus','male',19.7,'verveuxAnguilles',17.5,0);

INSERT INTO Lieu VALUES(266990.82, 6733358);
INSERT INTO Observation VALUES(1051+889,'2017-07-31',NULL,266990.82,6733358);
INSERT INTO Obs_Hippocampe VALUES(1051+889,'Hippocampus guttulatus','male',19.7,'verveuxAnguilles',15.8,0);
INSERT INTO Observation VALUES(1052+889,'2017-07-31',NULL,266990.82,6733358);
INSERT INTO Obs_Hippocampe VALUES(1052+889,'Hippocampus guttulatus','male',19.7,'verveuxAnguilles',13,0);
INSERT INTO Observation VALUES(1053+889,'2017-07-31',NULL,266990.82,6733358);
INSERT INTO Obs_Hippocampe VALUES(1053+889,'Hippocampus guttulatus','femelle',19.7,'verveuxAnguilles',16.7,0);
INSERT INTO Observation VALUES(1054+889,'2017-07-31',NULL,266990.82,6733358);
INSERT INTO Obs_Hippocampe VALUES(1054+889,'Hippocampus guttulatus','femelle',19.7,'verveuxAnguilles',17.5,0);

INSERT INTO Lieu VALUES(267537.64, 6733635.51);
INSERT INTO Observation VALUES(1055+889,'2017-07-31',NULL,267537.64,6733635.51);
INSERT INTO Obs_Hippocampe VALUES(1055+889,'Hippocampus guttulatus','femelle',19.7,'verveuxAnguilles',15.7,0);
INSERT INTO Observation VALUES(1056+889,'2017-07-31',NULL,267537.64,6733635.51);
INSERT INTO Obs_Hippocampe VALUES(1056+889,'Hippocampus guttulatus','male',19.7,'verveuxAnguilles',16.5,0);
INSERT INTO Observation VALUES(1057+889,'2017-07-31',NULL,267537.64,6733635.51);
INSERT INTO Obs_Hippocampe VALUES(1057+889,'Hippocampus guttulatus','femelle',19.7,'verveuxAnguilles',16.6,0);
INSERT INTO Observation VALUES(1058+889,'2017-07-31',NULL,267537.64,6733635.51);
INSERT INTO Obs_Hippocampe VALUES(1058+889,'Hippocampus guttulatus','femelle',19.7,'verveuxAnguilles',15.3,0);

INSERT INTO Lieu VALUES(267580.85, 6733624.93);
INSERT INTO Observation VALUES(1059+889,'2017-07-31',NULL,267580.85,6733624.93);
INSERT INTO Obs_Hippocampe VALUES(1059+889,'Hippocampus guttulatus','femelle',19.7,'verveuxAnguilles',13.5,0);
INSERT INTO Observation VALUES(1060+889,'2017-07-31',NULL,267580.85,6733624.93);
INSERT INTO Obs_Hippocampe VALUES(1060+889,'Hippocampus guttulatus','femelle',19.7,'verveuxAnguilles',15.4,0);
INSERT INTO Observation VALUES(1061+889,'2017-07-31',NULL,267580.85,6733624.93);
INSERT INTO Obs_Hippocampe VALUES(1061+889,'Hippocampus guttulatus','femelle',19.7,'verveuxAnguilles',14.1,0);
INSERT INTO Observation VALUES(1062+889,'2017-07-31',NULL,267580.85,6733624.93);
INSERT INTO Obs_Hippocampe VALUES(1062+889,'Hippocampus guttulatus','femelle',19.7,'verveuxAnguilles',16,0);
INSERT INTO Observation VALUES(1063+889,'2017-07-31',NULL,267580.85,6733624.93);
INSERT INTO Obs_Hippocampe VALUES(1063+889,'Hippocampus guttulatus','femelle',19.7,'verveuxAnguilles',15.5,0);
INSERT INTO Observation VALUES(1064+889,'2017-07-31',NULL,267580.85,6733624.93);
INSERT INTO Obs_Hippocampe VALUES(1064+889,'Hippocampus guttulatus','femelle',19.7,'verveuxAnguilles',16.2,0);
INSERT INTO Observation VALUES(1065+889,'2017-07-31',NULL,267580.85,6733624.93);
INSERT INTO Obs_Hippocampe VALUES(1065+889,'Hippocampus guttulatus','femelle',19.7,'verveuxAnguilles',16.6,0);
INSERT INTO Observation VALUES(1066+889,'2017-07-31',NULL,267580.85,6733624.93);
INSERT INTO Obs_Hippocampe VALUES(1066+889,'Hippocampus guttulatus','male',19.7,'verveuxAnguilles',15.5,0);
INSERT INTO Observation VALUES(1067+889,'2017-07-31',NULL,267580.85,6733624.93);
INSERT INTO Obs_Hippocampe VALUES(1067+889,'Hippocampus guttulatus','femelle',19.7,'verveuxAnguilles',17.3,0);

INSERT INTO Lieu VALUES(267640.31, 6733613.16);
INSERT INTO Observation VALUES(1068+889,'2017-07-31',NULL,267640.31,6733613.16);
INSERT INTO Obs_Hippocampe VALUES(1068+889,NULL,'inconnu',19.7,'verveuxAnguilles',NULL,0);

INSERT INTO Lieu VALUES(267753.11, 6733591.93);
INSERT INTO Observation VALUES(1069+889,'2017-07-31',NULL,267753.11,6733591.93);
INSERT INTO Obs_Hippocampe VALUES(1069+889,'Hippocampus guttulatus','femelle',19.7,'verveuxAnguilles',15.7,0);
INSERT INTO Observation VALUES(1070+889,'2017-07-31',NULL,267753.11,6733591.93);
INSERT INTO Obs_Hippocampe VALUES(1070+889,'Hippocampus guttulatus','femelle',19.7,'verveuxAnguilles',15,0);
INSERT INTO Observation VALUES(1071+889,'2017-07-31',NULL,267753.11,6733591.93);
INSERT INTO Obs_Hippocampe VALUES(1071+889,'Hippocampus guttulatus','femelle',19.7,'verveuxAnguilles',16.4,0);

INSERT INTO Lieu VALUES(267185.62, 6733375.32);
INSERT INTO Observation VALUES(1072+889,'2017-07-31',NULL,267185.62,6733375.32);
INSERT INTO Obs_Hippocampe VALUES(1072+889,'Hippocampus guttulatus','male',19.7,'verveuxAnguilles',16.6,0);
INSERT INTO Observation VALUES(1073+889,'2017-07-31',NULL,267185.62,6733375.32);
INSERT INTO Obs_Hippocampe VALUES(1073+889,'Hippocampus guttulatus','male',19.7,'verveuxAnguilles',16,0);

INSERT INTO Lieu VALUES(267183.74, 6733212.09);
INSERT INTO Observation VALUES(1074+889,'2017-07-31',NULL,267183.74,6733212.09);
INSERT INTO Obs_Hippocampe VALUES(1074+889,'Hippocampus guttulatus','femelle',19.7,'verveuxAnguilles',17.5,0);
INSERT INTO Observation VALUES(1075+889,'2017-07-31',NULL,267183.74,6733212.09);
INSERT INTO Obs_Hippocampe VALUES(1075+889,'Hippocampus guttulatus','femelle',19.7,'verveuxAnguilles',16.5,0);
INSERT INTO Observation VALUES(1076+889,'2017-07-31',NULL,267183.74,6733212.09);
INSERT INTO Obs_Hippocampe VALUES(1076+889,'Hippocampus guttulatus','femelle',19.7,'verveuxAnguilles',15.2,0);

INSERT INTO Lieu VALUES(267000.36, 6733179.08);
INSERT INTO Observation VALUES(1077+889,'2017-07-31',NULL,267000.36,6733179.08);
INSERT INTO Obs_Hippocampe VALUES(1077+889,'Hippocampus guttulatus','male',19.7,'verveuxAnguilles',14.5,0);
INSERT INTO Observation VALUES(1078+889,'2017-07-31',NULL,267000.36,6733179.08);
INSERT INTO Obs_Hippocampe VALUES(1078+889,'Hippocampus guttulatus','male',19.7,'verveuxAnguilles',14.6,0);

INSERT INTO Lieu VALUES(265543.65, 6734804.42);
INSERT INTO Observation VALUES(1079+889,'2017-07-31',NULL,265543.65,6734804.42);
INSERT INTO Obs_Hippocampe VALUES(1079+889,'Hippocampus guttulatus','male',19.8,'verveuxAnguilles',15.6,0);
INSERT INTO Observation VALUES(1080+889,'2017-07-31',NULL,265543.65,6734804.42);
INSERT INTO Obs_Hippocampe VALUES(1080+889,'Hippocampus guttulatus','femelle',19.8,'verveuxAnguilles',16.2,0);

INSERT INTO Lieu VALUES(267784.16, 6735136.14);
INSERT INTO Observation VALUES(1081+889,'2017-07-31',NULL,267784.16,6735136.14);
INSERT INTO Obs_Hippocampe VALUES(1081+889,'Hippocampus guttulatus','male',19.8,'verveuxAnguilles',15,0);
INSERT INTO Observation VALUES(1082+889,'2017-07-31',NULL,267784.16,6735136.14);
INSERT INTO Obs_Hippocampe VALUES(1082+889,'Hippocampus guttulatus','femelle',19.8,'verveuxAnguilles',15.9,0);
INSERT INTO Observation VALUES(1083+889,'2017-07-31',NULL,267784.16,6735136.14);
INSERT INTO Obs_Hippocampe VALUES(1083+889,'Hippocampus guttulatus','male',19.8,'verveuxAnguilles',15.7,0);
INSERT INTO Observation VALUES(1084+889,'2017-07-31',NULL,267784.16,6735136.14);
INSERT INTO Obs_Hippocampe VALUES(1084+889,'Hippocampus guttulatus','femelle',19.8,'verveuxAnguilles',15.2,0);
INSERT INTO Observation VALUES(1085+889,'2017-08-02',NULL,NULL,NULL);
INSERT INTO Obs_Hippocampe VALUES(1085+889,'Hippocampus guttulatus','femelle',19.8,'verveuxAnguilles',14,0);
INSERT INTO Observation VALUES(1086+889,'2017-08-02',NULL,NULL,NULL);
INSERT INTO Obs_Hippocampe VALUES(1086+889,'Hippocampus guttulatus','femelle',19.8,'verveuxAnguilles',14.6,0);
INSERT INTO Observation VALUES(1087+889,'2017-08-02',NULL,NULL,NULL);
INSERT INTO Obs_Hippocampe VALUES(1087+889,'Hippocampus guttulatus','male',19.8,'verveuxAnguilles',12,0);
INSERT INTO Observation VALUES(1088+889,'2017-08-02',NULL,NULL,NULL);
INSERT INTO Obs_Hippocampe VALUES(1088+889,'Hippocampus guttulatus','male',19.8,'verveuxAnguilles',16.5,0);
INSERT INTO Observation VALUES(1089+889,'2017-08-02',NULL,NULL,NULL);
INSERT INTO Obs_Hippocampe VALUES(1089+889,'Syngnathus acus','inconnu',19.8,'verveuxAnguilles',40,0);

INSERT INTO Lieu VALUES(268432.52, 6733793.01);
INSERT INTO Observation VALUES(1090+889,'2017-08-02',NULL,268432.52,6733793.01);
INSERT INTO Obs_Hippocampe VALUES(1090+889,'Hippocampus guttulatus','male',19.8,'verveuxAnguilles',15.5,0);
INSERT INTO Observation VALUES(1091+889,'2017-08-02',NULL,268432.52,6733793.01);
INSERT INTO Obs_Hippocampe VALUES(1091+889,'Hippocampus guttulatus','male',19.8,'verveuxAnguilles',14.5,0);
INSERT INTO Observation VALUES(1092+889,'2017-08-02',NULL,268432.52,6733793.01);
INSERT INTO Obs_Hippocampe VALUES(1092+889,'Hippocampus guttulatus','male',19.8,'verveuxAnguilles',16.3,0);
INSERT INTO Observation VALUES(1093+889,'2017-08-02',NULL,268432.52,6733793.01);
INSERT INTO Obs_Hippocampe VALUES(1093+889,'Syngnathus acus','inconnu',19.8,'verveuxAnguilles',30,0);
INSERT INTO Observation VALUES(1094+889,'2017-08-02',NULL,268432.52,6733793.01);
INSERT INTO Obs_Hippocampe VALUES(1094+889,'Hippocampus guttulatus','femelle',19.8,'verveuxAnguilles',18.5,0);
INSERT INTO Observation VALUES(1095+889,'2017-08-02',NULL,268432.52,6733793.01);
INSERT INTO Obs_Hippocampe VALUES(1095+889,'Hippocampus guttulatus','femelle',19.8,'verveuxAnguilles',15.3,0);
INSERT INTO Observation VALUES(1096+889,'2017-08-02',NULL,268432.52,6733793.01);
INSERT INTO Obs_Hippocampe VALUES(1096+889,'Hippocampus guttulatus','femelle',19.8,'verveuxAnguilles',15.8,0);

INSERT INTO Lieu VALUES(268873.45, 6736120.49);
INSERT INTO Observation VALUES(1097+889,'2017-08-02',NULL,268873.45,6736120.49);
INSERT INTO Obs_Hippocampe VALUES(1097+889,'Hippocampus guttulatus','male',19.8,'verveuxAnguilles',15.8,0);
INSERT INTO Observation VALUES(1098+889,'2017-08-02',NULL,268873.45,6736120.49);
INSERT INTO Obs_Hippocampe VALUES(1098+889,'Hippocampus guttulatus','male',19.8,'verveuxAnguilles',15.5,0);
INSERT INTO Observation VALUES(1099+889,'2017-08-02',NULL,268873.45,6736120.49);
INSERT INTO Obs_Hippocampe VALUES(1099+889,'Hippocampus guttulatus','femelle',19.8,'verveuxAnguilles',16.2,0);
INSERT INTO Observation VALUES(1100+889,'2017-08-02',NULL,268873.45,6736120.49);
INSERT INTO Obs_Hippocampe VALUES(1100+889,'Hippocampus guttulatus','femelle',19.8,'verveuxAnguilles',15.4,0);
INSERT INTO Observation VALUES(1101+889,'2017-08-02',NULL,268873.45,6736120.49);
INSERT INTO Obs_Hippocampe VALUES(1101+889,'Hippocampus guttulatus','femelle',19.8,'verveuxAnguilles',16.8,0);
INSERT INTO Observation VALUES(1102+889,'2017-08-02',NULL,268873.45,6736120.49);
INSERT INTO Obs_Hippocampe VALUES(1102+889,'Hippocampus guttulatus','femelle',19.8,'verveuxAnguilles',15,0);
INSERT INTO Observation VALUES(1103+889,'2017-08-02',NULL,268873.45,6736120.49);
INSERT INTO Obs_Hippocampe VALUES(1103+889,'Hippocampus guttulatus','male',19.8,'verveuxAnguilles',16.2,0);

INSERT INTO Lieu VALUES(268938.67, 6735653.47);
INSERT INTO Observation VALUES(1104+889,'2017-08-02',NULL,268938.67,6735653.47);
INSERT INTO Obs_Hippocampe VALUES(1104+889,NULL,'inconnu',19.8,'verveuxAnguilles',NULL,0);

INSERT INTO Lieu VALUES(269543.42, 6736127.43);
INSERT INTO Observation VALUES(1105+889,'2017-08-02',NULL,269543.42,6736127.43);
INSERT INTO Obs_Hippocampe VALUES(1105+889,'Syngnathus acus','inconnu',19.8,'verveuxAnguilles',35,0);

INSERT INTO Lieu VALUES(268081.15, 6736503.14);
INSERT INTO Observation VALUES(1106+889,'2017-08-02',NULL,268081.15,6736503.14);
INSERT INTO Obs_Hippocampe VALUES(1106+889,'Hippocampus guttulatus','femelle',19.8,'verveuxAnguilles',16.6,0);

INSERT INTO Lieu VALUES(267988.7, 6737215.37);
INSERT INTO Observation VALUES(1107+889,'2017-08-02',NULL,267988.7,6737215.37);
INSERT INTO Obs_Hippocampe VALUES(1107+889,NULL,'inconnu',19.8,'verveuxAnguilles',NULL,0);

INSERT INTO Lieu VALUES(268278.07, 6738031.55);
INSERT INTO Observation VALUES(1108+889,'2017-08-02',NULL,268278.07,6738031.55);
INSERT INTO Obs_Hippocampe VALUES(1108+889,'Syngnathus acus','inconnu',19.8,'verveuxAnguilles',41,0);
INSERT INTO Observation VALUES(1109+889,'2017-08-02',NULL,268278.07,6738031.55);
INSERT INTO Obs_Hippocampe VALUES(1109+889,'Hippocampus guttulatus','male',19.8,'verveuxAnguilles',14,0);
INSERT INTO Observation VALUES(1110+889,'2017-08-02',NULL,268278.07,6738031.55);
INSERT INTO Obs_Hippocampe VALUES(1110+889,'Hippocampus guttulatus','male',19.8,'verveuxAnguilles',15.7,0);
INSERT INTO Observation VALUES(1111+889,'2017-08-02',NULL,268278.07,6738031.55);
INSERT INTO Obs_Hippocampe VALUES(1111+889,'Hippocampus guttulatus','femelle',19.8,'verveuxAnguilles',16.1,0);

INSERT INTO Lieu VALUES(268276.83, 6738152.31);
INSERT INTO Observation VALUES(1112+889,'2017-08-02',NULL,268276.83,6738152.31);
INSERT INTO Obs_Hippocampe VALUES(1112+889,'Syngnathus acus','inconnu',19.8,'verveuxAnguilles',36.5,0);
INSERT INTO Observation VALUES(1113+889,'2017-08-02',NULL,268276.83,6738152.31);
INSERT INTO Obs_Hippocampe VALUES(1113+889,'Hippocampus guttulatus','femelle',19.8,'verveuxAnguilles',18,0);
INSERT INTO Observation VALUES(1114+889,'2017-08-02',NULL,268276.83,6738152.31);
INSERT INTO Obs_Hippocampe VALUES(1114+889,'Hippocampus guttulatus','male',19.8,'verveuxAnguilles',16.3,0);

INSERT INTO Lieu VALUES(266631.73, 6733894.81);
INSERT INTO Observation VALUES(1115+889,'2017-08-02',NULL,266631.73,6733894.81);
INSERT INTO Obs_Hippocampe VALUES(1115+889,'Syngnathus acus','femelle',18.6,'verveuxAnguilles',34,0);

INSERT INTO Lieu VALUES(266678.39, 6733690.89);
INSERT INTO Observation VALUES(1116+889,'2017-08-02',NULL,266678.39,6733690.89);
INSERT INTO Obs_Hippocampe VALUES(1116+889,'Hippocampus guttulatus','femelle',18.6,'verveuxAnguilles',15.4,0);

INSERT INTO Lieu VALUES(266672.47, 6733730.31);
INSERT INTO Observation VALUES(1117+889,'2017-08-02',NULL,266672.47,6733730.31);
INSERT INTO Obs_Hippocampe VALUES(1117+889,NULL,'inconnu',18.6,'verveuxAnguilles',NULL,0);

INSERT INTO Lieu VALUES(266546.13, 6733720.99);
INSERT INTO Observation VALUES(1118+889,'2017-08-02',NULL,266546.13,6733720.99);
INSERT INTO Obs_Hippocampe VALUES(1118+889,'Hippocampus guttulatus','male',18.6,'verveuxAnguilles',16.2,0);

INSERT INTO Lieu VALUES(266524.27, 6733817.28);
INSERT INTO Observation VALUES(1119+889,'2017-08-02',NULL,266524.27,6733817.28);
INSERT INTO Obs_Hippocampe VALUES(1119+889,'Hippocampus guttulatus','femelle',18.6,'verveuxAnguilles',15.6,0);

INSERT INTO Lieu VALUES(266533.63, 6733790.6);
INSERT INTO Observation VALUES(1120+889,'2017-08-02',NULL,266533.63,6733790.6);
INSERT INTO Obs_Hippocampe VALUES(1120+889,'Syngnathus acus','femelle',18.6,'verveuxAnguilles',38.3,0);

INSERT INTO Lieu VALUES(266422.99, 6733704.02);
INSERT INTO Observation VALUES(1121+889,'2017-08-02',NULL,266422.99,6733704.02);
INSERT INTO Obs_Hippocampe VALUES(1121+889,'Hippocampus guttulatus','femelle',18.6,'verveuxAnguilles',15.8,0);

INSERT INTO Lieu VALUES(266449.64, 6733501.56);
INSERT INTO Observation VALUES(1122+889,'2017-08-11',NULL,266449.64,6733501.56);
INSERT INTO Obs_Hippocampe VALUES(1122+889,NULL,'inconnu',18.6,'verveuxAnguilles',NULL,0);

INSERT INTO Lieu VALUES(-219019.43, 6789316.75);
INSERT INTO Observation VALUES(1123+889,'2017-08-11',NULL,-219019.43,6789316.75);
INSERT INTO Obs_Hippocampe VALUES(1123+889,NULL,'inconnu',18.6,'verveuxAnguilles',NULL,0);

INSERT INTO Lieu VALUES(264362.07, 6738483.79);
INSERT INTO Observation VALUES(1124+889,'2017-08-11',NULL,264362.07,6738483.79);
INSERT INTO Obs_Hippocampe VALUES(1124+889,NULL,'inconnu',18.4,'verveuxAnguilles',NULL,0);

INSERT INTO Lieu VALUES(264201.4, 6738569.88);
INSERT INTO Observation VALUES(1125+889,'2017-08-11',NULL,264201.4,6738569.88);
INSERT INTO Obs_Hippocampe VALUES(1125+889,'Hippocampus guttulatus','femelle',18.4,'verveuxAnguilles',13.1,0);

INSERT INTO Lieu VALUES(264630.25, 6738595.87);
INSERT INTO Observation VALUES(1126+889,'2017-08-11',NULL,264630.25,6738595.87);
INSERT INTO Obs_Hippocampe VALUES(1126+889,'Hippocampus guttulatus','femelle',18.4,'verveuxAnguilles',16.5,0);
INSERT INTO Observation VALUES(1127+889,'2017-08-11',NULL,264630.25,6738595.87);
INSERT INTO Obs_Hippocampe VALUES(1127+889,'Syngnathus acus','male',18.4,'verveuxAnguilles',32.7,0);
INSERT INTO Observation VALUES(1128+889,'2017-08-11',NULL,264630.25,6738595.87);
INSERT INTO Obs_Hippocampe VALUES(1128+889,'Hippocampus guttulatus','femelle',18.4,'verveuxAnguilles',15.4,0);
INSERT INTO Observation VALUES(1129+889,'2017-08-11',NULL,264630.25,6738595.87);
INSERT INTO Obs_Hippocampe VALUES(1129+889,'Hippocampus guttulatus','femelle',18.4,'verveuxAnguilles',17.5,0);
INSERT INTO Observation VALUES(1130+889,'2017-08-11',NULL,264630.25,6738595.87);
INSERT INTO Obs_Hippocampe VALUES(1130+889,'Hippocampus guttulatus','femelle',18.4,'verveuxAnguilles',14.5,0);
INSERT INTO Observation VALUES(1131+889,'2017-08-14',NULL,264630.25,6738595.87);
INSERT INTO Obs_Hippocampe VALUES(1131+889,'Hippocampus guttulatus','femelle',18.4,'verveuxAnguilles',15.4,0);

INSERT INTO Lieu VALUES(264651.74, 6738427.19);
INSERT INTO Observation VALUES(1132+889,'2017-08-14',NULL,264651.74,6738427.19);
INSERT INTO Obs_Hippocampe VALUES(1132+889,NULL,'inconnu',18.4,'verveuxAnguilles',NULL,0);

INSERT INTO Lieu VALUES(264723.13, 6738561.19);
INSERT INTO Observation VALUES(1133+889,'2017-08-14',NULL,264723.13,6738561.19);
INSERT INTO Obs_Hippocampe VALUES(1133+889,'Hippocampus guttulatus','femelle',18.4,'verveuxAnguilles',15.3,0);
INSERT INTO Observation VALUES(1134+889,'2017-08-14',NULL,264723.13,6738561.19);
INSERT INTO Obs_Hippocampe VALUES(1134+889,'Hippocampus guttulatus','femelle',18.4,'verveuxAnguilles',15.2,0);
INSERT INTO Observation VALUES(1135+889,'2017-08-14',NULL,264723.13,6738561.19);
INSERT INTO Obs_Hippocampe VALUES(1135+889,'Hippocampus guttulatus','femelle',18.4,'verveuxAnguilles',13.9,0);

INSERT INTO Lieu VALUES(264717.97, 6738661.82);
INSERT INTO Observation VALUES(1136+889,'2017-08-14',NULL,264717.97,6738661.82);
INSERT INTO Obs_Hippocampe VALUES(1136+889,'Hippocampus guttulatus','femelle',18.4,'verveuxAnguilles',16.5,0);
INSERT INTO Observation VALUES(1137+889,'2017-08-14',NULL,264717.97,6738661.82);
INSERT INTO Obs_Hippocampe VALUES(1137+889,'Hippocampus guttulatus','femelle',18.4,'verveuxAnguilles',16,0);

INSERT INTO Lieu VALUES(269647.68, 6737198.47);
INSERT INTO Observation VALUES(1138+889,'2017-08-14',NULL,269647.68,6737198.47);
INSERT INTO Obs_Hippocampe VALUES(1138+889,'Syngnathus acus','male',18.4,'verveuxAnguilles',31,0);

INSERT INTO Lieu VALUES(269681.69, 6737251.69);
INSERT INTO Observation VALUES(1139+889,'2017-08-14',NULL,269681.69,6737251.69);
INSERT INTO Obs_Hippocampe VALUES(1139+889,NULL,'inconnu',18.4,'verveuxAnguilles',NULL,0);

INSERT INTO Lieu VALUES(267722.64, 6733622);
INSERT INTO Observation VALUES(1140+889,'2017-08-14',NULL,267722.64,6733622);
INSERT INTO Obs_Hippocampe VALUES(1140+889,'Hippocampus guttulatus','male',18.4,'verveuxAnguilles',17,0);
INSERT INTO Observation VALUES(1141+889,'2017-08-14',NULL,267722.64,6733622);
INSERT INTO Obs_Hippocampe VALUES(1141+889,'Hippocampus guttulatus','femelle',NULL,'verveuxAnguilles',15.9,0);

INSERT INTO Lieu VALUES(267785.67, 6733624.83);
INSERT INTO Observation VALUES(1142+889,'2017-08-14',NULL,267785.67,6733624.83);
INSERT INTO Obs_Hippocampe VALUES(1142+889,'Hippocampus guttulatus','male',18.4,'verveuxAnguilles',16.7,0);

INSERT INTO Lieu VALUES(267820.03, 6733596.33);
INSERT INTO Observation VALUES(1143+889,'2017-08-14',NULL,267820.03,6733596.33);
INSERT INTO Obs_Hippocampe VALUES(1143+889,'Hippocampus guttulatus','male',18.4,'verveuxAnguilles',16,0);

INSERT INTO Lieu VALUES(267897.8, 6733594.37);
INSERT INTO Observation VALUES(1144+889,'2017-08-14',NULL,267897.8,6733594.37);
INSERT INTO Obs_Hippocampe VALUES(1144+889,'Hippocampus guttulatus','male',18.4,'verveuxAnguilles',14.5,0);
INSERT INTO Observation VALUES(1145+889,'2017-08-14',NULL,267897.8,6733594.37);
INSERT INTO Obs_Hippocampe VALUES(1145+889,'Hippocampus guttulatus','male',NULL,'verveuxAnguilles',17,0);

INSERT INTO Lieu VALUES(278217.74, 6725301.12);
INSERT INTO Observation VALUES(1146+889,'2017-08-14',NULL,278217.74,6725301.12);
INSERT INTO Obs_Hippocampe VALUES(1146+889,'Syngnathus acus','femelle',18.2,'casierCrevettes',25,0);

INSERT INTO Lieu VALUES(278085.86, 6725251.1);
INSERT INTO Observation VALUES(1147+889,'2017-08-14',NULL,278085.86,6725251.1);
INSERT INTO Obs_Hippocampe VALUES(1147+889,'Syngnathus acus','male',18.2,'casierCrevettes',26.5,0);
INSERT INTO Observation VALUES(1148+889,'2017-08-14',NULL,278085.86,6725251.1);
INSERT INTO Obs_Hippocampe VALUES(1148+889,'Syngnathus acus','male',18.2,'casierCrevettes',25,0);
INSERT INTO Observation VALUES(1149+889,'2017-08-14',NULL,278085.86,6725251.1);
INSERT INTO Obs_Hippocampe VALUES(1149+889,'Syngnathus acus','femelle',18.2,'casierCrevettes',26.5,0);
INSERT INTO Observation VALUES(1150+889,'2017-08-14',NULL,278085.86,6725251.1);
INSERT INTO Obs_Hippocampe VALUES(1150+889,'Syngnathus acus','male',18.2,'casierCrevettes',26.4,0);

INSERT INTO Lieu VALUES(277884.28, 6725176.35);
INSERT INTO Observation VALUES(1151+889,'2017-08-14',NULL,277884.28,6725176.35);
INSERT INTO Obs_Hippocampe VALUES(1151+889,'Syngnathus acus','femelle',18.2,'casierCrevettes',28,0);
INSERT INTO Observation VALUES(1152+889,'2017-08-14',NULL,277884.28,6725176.35);
INSERT INTO Obs_Hippocampe VALUES(1152+889,'Syngnathus acus','femelle',18.2,'casierCrevettes',24,0);
INSERT INTO Observation VALUES(1153+889,'2017-08-14',NULL,277884.28,6725176.35);
INSERT INTO Obs_Hippocampe VALUES(1153+889,'Syngnathus acus','male',18.2,'casierCrevettes',26.4,0);
INSERT INTO Observation VALUES(1154+889,'2017-08-14',NULL,277884.28,6725176.35);
INSERT INTO Obs_Hippocampe VALUES(1154+889,'Syngnathus acus','femelle',18.2,'casierCrevettes',25.2,0);
INSERT INTO Observation VALUES(1155+889,'2017-08-14',NULL,266793.51,6734302.55);
INSERT INTO Obs_Hippocampe VALUES(1155+889,'Hippocampus hippocampus','male',11,'casierMorgates',17,0);
INSERT INTO Observation VALUES(1156+889,'2017-08-14',NULL,266793.51,6734302.55);
INSERT INTO Obs_Hippocampe VALUES(1156+889,'Hippocampus hippocampus','male',11,'casierMorgates',10,0);
INSERT INTO Observation VALUES(1157+889,'2017-08-14',NULL,266793.51,6734302.55);
INSERT INTO Obs_Hippocampe VALUES(1157+889,'Hippocampus guttulatus','femelle',11,'casierMorgates',17,0);
INSERT INTO Observation VALUES(1158+889,'2017-08-14',NULL,266793.51,6734302.55);
INSERT INTO Obs_Hippocampe VALUES(1158+889,'Hippocampus guttulatus','male',11,'casierMorgates',16,0);
INSERT INTO Observation VALUES(1159+889,'2017-08-14',NULL,266793.51,6734302.55);
INSERT INTO Obs_Hippocampe VALUES(1159+889,'Hippocampus hippocampus','male',11,'casierMorgates',14,0);
INSERT INTO Observation VALUES(1160+889,'2017-08-14',NULL,266793.51,6734302.55);
INSERT INTO Obs_Hippocampe VALUES(1160+889,'Hippocampus guttulatus','femelle',11,'casierMorgates',16,0);
INSERT INTO Observation VALUES(1161+889,'2017-04-18',NULL,266793.51,6734302.55);
INSERT INTO Obs_Hippocampe VALUES(1161+889,'Hippocampus guttulatus','femelle',11,'casierMorgates',15,0);

INSERT INTO Lieu VALUES(266928.61, 6736149.21);
INSERT INTO Observation VALUES(1162+889,'2017-04-18',NULL,266928.61,6736149.21);
INSERT INTO Obs_Hippocampe VALUES(1162+889,'Hippocampus guttulatus','femelle',11,'casierMorgates',16,0);
INSERT INTO Observation VALUES(1163+889,'2017-04-18',NULL,266928.61,6736149.21);
INSERT INTO Obs_Hippocampe VALUES(1163+889,'Hippocampus guttulatus','male',11,'casierMorgates',13.5,0);
INSERT INTO Observation VALUES(1164+889,'2017-04-18',NULL,266928.61,6736149.21);
INSERT INTO Obs_Hippocampe VALUES(1164+889,'Hippocampus guttulatus','femelle',11,'casierMorgates',14,0);
INSERT INTO Observation VALUES(1165+889,'2017-04-18',NULL,265679.19,6736240.75);
INSERT INTO Obs_Hippocampe VALUES(1165+889,'Hippocampus hippocampus','male',11,'casierMorgates',9,0);
INSERT INTO Observation VALUES(1166+889,'2017-04-18',NULL,265679.19,6736240.75);
INSERT INTO Obs_Hippocampe VALUES(1166+889,'Hippocampus guttulatus','femelle',11,'casierMorgates',13,0);
INSERT INTO Observation VALUES(1167+889,'2017-04-18',NULL,265679.19,6736240.75);
INSERT INTO Obs_Hippocampe VALUES(1167+889,'Hippocampus guttulatus','femelle',11,'casierMorgates',16,0);
INSERT INTO Observation VALUES(1168+889,'2017-04-18',NULL,265679.19,6736240.75);
INSERT INTO Obs_Hippocampe VALUES(1168+889,'Hippocampus guttulatus','femelle',11,'casierMorgates',7,0);

INSERT INTO Lieu VALUES(265543.7, 6734394.12);
INSERT INTO Observation VALUES(1169+889,'2017-04-18',NULL,265543.7,6734394.12);
INSERT INTO Obs_Hippocampe VALUES(1169+889,'Hippocampus guttulatus','femelle',11,'casierMorgates',15,0);
INSERT INTO Observation VALUES(1170+889,'2017-04-18',NULL,265543.7,6734394.12);
INSERT INTO Obs_Hippocampe VALUES(1170+889,'Hippocampus hippocampus','femelle',11,'casierMorgates',12,0);
INSERT INTO Observation VALUES(1171+889,'2017-04-18',NULL,265543.7,6734394.12);
INSERT INTO Obs_Hippocampe VALUES(1171+889,'Hippocampus guttulatus','femelle',11,'casierMorgates',16,0);
INSERT INTO Observation VALUES(1172+889,'2017-04-18',NULL,265543.7,6734394.12);
INSERT INTO Obs_Hippocampe VALUES(1172+889,'Hippocampus guttulatus','femelle',11,'casierMorgates',17,0);
INSERT INTO Observation VALUES(1173+889,'2017-04-18',NULL,268043.33,6734211.25);
INSERT INTO Obs_Hippocampe VALUES(1173+889,'Hippocampus guttulatus','male',11,'casierMorgates',17,0);

INSERT INTO Lieu VALUES(267125.81, 6732545.5);
INSERT INTO Observation VALUES(1174+889,'2017-04-18',NULL,267125.81,6732545.5);
INSERT INTO Obs_Hippocampe VALUES(1174+889,'Hippocampus guttulatus','male',11,'verveuxAnguilles',13,0);

INSERT INTO Lieu VALUES(267748.66, 6732469.07);
INSERT INTO Observation VALUES(1175+889,'2017-04-18',NULL,267748.66,6732469.07);
INSERT INTO Obs_Hippocampe VALUES(1175+889,'Hippocampus guttulatus','male',11,'verveuxAnguilles',14,0);

INSERT INTO Lieu VALUES(266148.21, 6732926.45);
INSERT INTO Observation VALUES(1176+889,'2017-04-18',NULL,266148.21,6732926.45);
INSERT INTO Obs_Hippocampe VALUES(1176+889,'Hippocampus guttulatus','male',11,'verveuxAnguilles',15,0);
INSERT INTO Observation VALUES(1177+889,'2017-04-18',NULL,266148.21,6732926.45);
INSERT INTO Obs_Hippocampe VALUES(1177+889,'Hippocampus guttulatus','femelle',11,'verveuxAnguilles',15,0);

INSERT INTO Lieu VALUES(267398.33, 6732835.01);
INSERT INTO Observation VALUES(1178+889,'2017-04-18',NULL,267398.33,6732835.01);
INSERT INTO Obs_Hippocampe VALUES(1178+889,'Entelurus aequoreus','male',11,'verveuxAnguilles',35,0);

INSERT INTO Lieu VALUES(267175.43, 6732077.75);
INSERT INTO Observation VALUES(1179+889,'2017-04-18',NULL,267175.43,6732077.75);
INSERT INTO Obs_Hippocampe VALUES(1179+889,'Hippocampus guttulatus','femelle',11,'verveuxAnguilles',15.5,0);

INSERT INTO Lieu VALUES(268259.72, 6735742.55);
INSERT INTO Observation VALUES(1180+889,'2017-04-18',NULL,268259.72,6735742.55);
INSERT INTO Obs_Hippocampe VALUES(1180+889,'Hippocampus guttulatus','femelle',13,'casierMorgates',14,0);

INSERT INTO Lieu VALUES(268426.32, 6735730.41);
INSERT INTO Observation VALUES(1181+889,'2017-04-18',NULL,268426.32,6735730.41);
INSERT INTO Obs_Hippocampe VALUES(1181+889,'Hippocampus hippocampus','male',13,'casierMorgates',12,0);
INSERT INTO Observation VALUES(1182+889,'2017-04-18',NULL,268426.32,6735730.41);
INSERT INTO Obs_Hippocampe VALUES(1182+889,'Hippocampus guttulatus','femelle',13,'casierMorgates',17,0);

INSERT INTO Lieu VALUES(268123.54, 6735597.78);
INSERT INTO Observation VALUES(1183+889,'2017-04-18',NULL,268123.54,6735597.78);
INSERT INTO Obs_Hippocampe VALUES(1183+889,'Hippocampus guttulatus','femelle',13,'casierMorgates',17,0);
INSERT INTO Observation VALUES(1184+889,'2017-04-18',NULL,268123.54,6735597.78);
INSERT INTO Obs_Hippocampe VALUES(1184+889,'Hippocampus guttulatus','femelle',13,'casierMorgates',14,0);

INSERT INTO Lieu VALUES(266644.93, 6735705.83);
INSERT INTO Observation VALUES(1185+889,'2017-04-18',NULL,266644.93,6735705.83);
INSERT INTO Obs_Hippocampe VALUES(1185+889,'Hippocampus guttulatus','femelle',13,'casierMorgates',15,0);

INSERT INTO Lieu VALUES(266635.37, 6735861.24);
INSERT INTO Observation VALUES(1186+889,'2017-04-24',NULL,266635.37,6735861.24);
INSERT INTO Obs_Hippocampe VALUES(1186+889,'Hippocampus guttulatus','male',13,'casierMorgates',14,0);

INSERT INTO Lieu VALUES(266593.72, 6735864.29);
INSERT INTO Observation VALUES(1187+889,'2017-04-24',NULL,266593.72,6735864.29);
INSERT INTO Obs_Hippocampe VALUES(1187+889,'Hippocampus guttulatus','femelle',13,'casierMorgates',15,0);

INSERT INTO Lieu VALUES(266544.77, 6736053.53);
INSERT INTO Observation VALUES(1188+889,'2017-04-24',NULL,266544.77,6736053.53);
INSERT INTO Obs_Hippocampe VALUES(1188+889,'Hippocampus guttulatus','femelle',13,'casierMorgates',16,0);

INSERT INTO Lieu VALUES(265819.94, 6736447.02);
INSERT INTO Observation VALUES(1189+889,'2017-04-24',NULL,265819.94,6736447.02);
INSERT INTO Obs_Hippocampe VALUES(1189+889,'Hippocampus guttulatus','femelle',13,'casierMorgates',14.5,0);

INSERT INTO Lieu VALUES(265676.44, 6736488.49);
INSERT INTO Observation VALUES(1190+889,'2017-04-24',NULL,265676.44,6736488.49);
INSERT INTO Obs_Hippocampe VALUES(1190+889,'Hippocampus guttulatus','male',13,'casierMorgates',11,0);

INSERT INTO Lieu VALUES(263356.46, 6739660.76);
INSERT INTO Observation VALUES(1191+889,'2017-04-24',NULL,263356.46,6739660.76);
INSERT INTO Obs_Hippocampe VALUES(1191+889,'Hippocampus hippocampus','femelle',13,'casierMorgates',9,0);

INSERT INTO Lieu VALUES(267663.01, 6736745.31);
INSERT INTO Observation VALUES(1192+889,'2017-04-24',NULL,267663.01,6736745.31);
INSERT INTO Obs_Hippocampe VALUES(1192+889,'Hippocampus guttulatus','femelle',13,'casierMorgates',16,0);

INSERT INTO Lieu VALUES(267501.51, 6736540.51);
INSERT INTO Observation VALUES(1193+889,'2017-04-24',NULL,267501.51,6736540.51);
INSERT INTO Obs_Hippocampe VALUES(1193+889,'Hippocampus hippocampus','femelle',13,'casierMorgates',7,0);
INSERT INTO Observation VALUES(1194+889,'2017-04-24',NULL,267501.51,6736540.51);
INSERT INTO Obs_Hippocampe VALUES(1194+889,'Hippocampus hippocampus','femelle',13,'casierMorgates',13,0);

INSERT INTO Lieu VALUES(268119.45, 6736402.57);
INSERT INTO Observation VALUES(1195+889,'2017-04-24',NULL,268119.45,6736402.57);
INSERT INTO Obs_Hippocampe VALUES(1195+889,'Hippocampus guttulatus','male',13,'casierMorgates',15,0);
INSERT INTO Observation VALUES(1196+889,'2017-04-24',NULL,268119.45,6736402.57);
INSERT INTO Obs_Hippocampe VALUES(1196+889,'Hippocampus guttulatus','femelle',13,'casierMorgates',15,0);

INSERT INTO Lieu VALUES(266158.13, 6736205.63);
INSERT INTO Observation VALUES(1197+889,'2017-04-25',NULL,266158.13,6736205.63);
INSERT INTO Obs_Hippocampe VALUES(1197+889,'Hippocampus guttulatus','femelle',13,'casierMorgates',14,0);
INSERT INTO Observation VALUES(1198+889,'2017-04-27',NULL,266158.13,6736205.63);
INSERT INTO Obs_Hippocampe VALUES(1198+889,'Hippocampus guttulatus','male',13,'casierMorgates',7,0);

INSERT INTO Lieu VALUES(265002.4, 6737002.14);
INSERT INTO Observation VALUES(1199+889,'2017-04-27',NULL,265002.4,6737002.14);
INSERT INTO Obs_Hippocampe VALUES(1199+889,'Hippocampus guttulatus','femelle',13,'casierMorgates',10,0);

INSERT INTO Lieu VALUES(266482.3, 6736058.11);
INSERT INTO Observation VALUES(1200+889,'2017-04-27',NULL,266482.3,6736058.11);
INSERT INTO Obs_Hippocampe VALUES(1200+889,'Hippocampus guttulatus','femelle',12,'casierMorgates',15,0);
INSERT INTO Observation VALUES(1201+889,'2017-04-27',NULL,266482.3,6736058.11);
INSERT INTO Obs_Hippocampe VALUES(1201+889,'Hippocampus hippocampus','femelle',12,'casierMorgates',11,0);

INSERT INTO Lieu VALUES(265657.87, 6736520.8);
INSERT INTO Observation VALUES(1202+889,'2017-04-27',NULL,265657.87,6736520.8);
INSERT INTO Obs_Hippocampe VALUES(1202+889,'Hippocampus guttulatus','femelle',12,'casierMorgates',14,0);
INSERT INTO Observation VALUES(1203+889,'2017-04-27',NULL,265657.87,6736520.8);
INSERT INTO Obs_Hippocampe VALUES(1203+889,'Hippocampus guttulatus','femelle',12,'casierMorgates',14,0);

INSERT INTO Lieu VALUES(265516.63, 6736593.05);
INSERT INTO Observation VALUES(1204+889,'2017-04-27',NULL,265516.63,6736593.05);
INSERT INTO Obs_Hippocampe VALUES(1204+889,'Hippocampus guttulatus','femelle',12,'casierMorgates',17,0);

INSERT INTO Lieu VALUES(266638.17, 6735613.5);
INSERT INTO Observation VALUES(1205+889,'2017-04-27',NULL,266638.17,6735613.5);
INSERT INTO Obs_Hippocampe VALUES(1205+889,'Hippocampus guttulatus','male',12,'casierMorgates',18,0);

INSERT INTO Lieu VALUES(266710.21, 6735453.51);
INSERT INTO Observation VALUES(1206+889,'2017-05-03',NULL,266710.21,6735453.51);
INSERT INTO Obs_Hippocampe VALUES(1206+889,'Hippocampus guttulatus','femelle',12,'casierMorgates',15,0);

INSERT INTO Lieu VALUES(266852.05, 6735102.77);
INSERT INTO Observation VALUES(1207+889,'2017-05-03',NULL,266852.05,6735102.77);
INSERT INTO Obs_Hippocampe VALUES(1207+889,'Hippocampus guttulatus','femelle',12,'casierMorgates',14,0);

INSERT INTO Lieu VALUES(266819.96, 6734950.4);
INSERT INTO Observation VALUES(1208+889,'2017-05-03',NULL,266819.96,6734950.4);
INSERT INTO Obs_Hippocampe VALUES(1208+889,'Hippocampus guttulatus','femelle',12,'casierMorgates',15,0);

INSERT INTO Lieu VALUES(266871.19, 6734791.94);
INSERT INTO Observation VALUES(1209+889,'2017-05-03',NULL,266871.19,6734791.94);
INSERT INTO Obs_Hippocampe VALUES(1209+889,'Hippocampus guttulatus','male',12,'casierMorgates',19,0);

INSERT INTO Lieu VALUES(266767.05, 6734799.56);
INSERT INTO Observation VALUES(1210+889,'2017-05-03',NULL,266767.05,6734799.56);
INSERT INTO Obs_Hippocampe VALUES(1210+889,'Hippocampus guttulatus','femelle',12,'casierMorgates',18,0);

INSERT INTO Lieu VALUES(268162.95, 6735563.96);
INSERT INTO Observation VALUES(1211+889,'2017-05-03',NULL,268162.95,6735563.96);
INSERT INTO Obs_Hippocampe VALUES(1211+889,'Hippocampus guttulatus','male',12,'casierMorgates',16,0);

INSERT INTO Lieu VALUES(268093.73, 6735476.18);
INSERT INTO Observation VALUES(1212+889,'2017-05-03',NULL,268093.73,6735476.18);
INSERT INTO Obs_Hippocampe VALUES(1212+889,'Hippocampus guttulatus','femelle',12,'casierMorgates',16,0);
INSERT INTO Observation VALUES(1213+889,'2017-05-03',NULL,268093.73,6735476.18);
INSERT INTO Obs_Hippocampe VALUES(1213+889,'Hippocampus guttulatus','femelle',12,'casierMorgates',17,0);

INSERT INTO Lieu VALUES(268202.35, 6735530.14);
INSERT INTO Observation VALUES(1214+889,'2017-05-03',NULL,268202.35,6735530.14);
INSERT INTO Obs_Hippocampe VALUES(1214+889,'Hippocampus guttulatus','male',12,'casierMorgates',15,0);

INSERT INTO Lieu VALUES(268218.07, 6735745.59);
INSERT INTO Observation VALUES(1215+889,'2017-05-03',NULL,268218.07,6735745.59);
INSERT INTO Obs_Hippocampe VALUES(1215+889,'Hippocampus guttulatus','femelle',12,'casierMorgates',14.5,0);
INSERT INTO Observation VALUES(1216+889,'2017-05-03',NULL,268218.07,6735745.59);
INSERT INTO Obs_Hippocampe VALUES(1216+889,'Entelurus aequoreus','male',12,'casierMorgates',19,0);

INSERT INTO Lieu VALUES(264586.06, 6738456.16);
INSERT INTO Observation VALUES(1217+889,'2017-05-03',NULL,264586.06,6738456.16);
INSERT INTO Obs_Hippocampe VALUES(1217+889,'Syngnathus acus','male',17,'verveuxAnguilles',18,0);
INSERT INTO Observation VALUES(1218+889,'2017-05-03',NULL,264586.06,6738456.16);
INSERT INTO Obs_Hippocampe VALUES(1218+889,'Syngnathus acus','femelle',17,'verveuxAnguilles',23.5,0);

INSERT INTO Lieu VALUES(268712.15, 6738215.87);
INSERT INTO Observation VALUES(1219+889,'2017-05-03',NULL,268712.15,6738215.87);
INSERT INTO Obs_Hippocampe VALUES(1219+889,'Entelurus aequoreus','femelle',17,'verveuxAnguilles',35,0);

INSERT INTO Lieu VALUES(267695.35, 6734607.94);
INSERT INTO Observation VALUES(1220+889,'2017-05-03',NULL,267695.35,6734607.94);
INSERT INTO Obs_Hippocampe VALUES(1220+889,'Hippocampus guttulatus','femelle',15,'verveuxAnguilles',16,0);

INSERT INTO Lieu VALUES(268020.64, 6735048.33);
INSERT INTO Observation VALUES(1221+889,'2017-05-03',NULL,268020.64,6735048.33);
INSERT INTO Obs_Hippocampe VALUES(1221+889,'Hippocampus guttulatus','male',15,'verveuxAnguilles',16,0);

INSERT INTO Lieu VALUES(268118.04, 6734948.4);
INSERT INTO Observation VALUES(1222+889,'2017-05-03',NULL,268118.04,6734948.4);
INSERT INTO Obs_Hippocampe VALUES(1222+889,'Hippocampus guttulatus','male',15,'verveuxAnguilles',13,0);
INSERT INTO Observation VALUES(1223+889,'2017-05-17',NULL,268118.04,6734948.4);
INSERT INTO Obs_Hippocampe VALUES(1223+889,'Hippocampus guttulatus','male',15,'verveuxAnguilles',13,0);

INSERT INTO Lieu VALUES(268196.87, 6734880.77);
INSERT INTO Observation VALUES(1224+889,'2017-05-17',NULL,268196.87,6734880.77);
INSERT INTO Obs_Hippocampe VALUES(1224+889,'Syngnathus acus','femelle',15,'verveuxAnguilles',NULL,0);

INSERT INTO Lieu VALUES(268150.99, 6733677.39);
INSERT INTO Observation VALUES(1225+889,'2017-05-17',NULL,268150.99,6733677.39);
INSERT INTO Obs_Hippocampe VALUES(1225+889,'Hippocampus guttulatus','femelle',15,'verveuxAnguilles',14,0);

INSERT INTO Lieu VALUES(268134.65, 6733740.46);
INSERT INTO Observation VALUES(1226+889,'2017-05-19',NULL,268134.65,6733740.46);
INSERT INTO Obs_Hippocampe VALUES(1226+889,'Syngnathus acus','male',15,'verveuxAnguilles',34,0);

INSERT INTO Lieu VALUES(268118.3, 6733803.54);
INSERT INTO Observation VALUES(1227+889,'2017-05-19',NULL,268118.3,6733803.54);
INSERT INTO Obs_Hippocampe VALUES(1227+889,'Syngnathus acus','femelle',15,'verveuxAnguilles',34,0);

INSERT INTO Lieu VALUES(268059.31, 6733281.83);
INSERT INTO Observation VALUES(1228+889,'2017-05-19',NULL,268059.31,6733281.83);
INSERT INTO Obs_Hippocampe VALUES(1228+889,'Hippocampus guttulatus','male',15,'verveuxAnguilles',15,0);
INSERT INTO Observation VALUES(1229+889,'2017-05-19',NULL,268059.31,6733281.83);
INSERT INTO Obs_Hippocampe VALUES(1229+889,'Hippocampus guttulatus','male',15,'verveuxAnguilles',14,0);
INSERT INTO Observation VALUES(1230+889,'2017-05-19',NULL,268059.31,6733281.83);
INSERT INTO Obs_Hippocampe VALUES(1230+889,'Hippocampus guttulatus','male',15,'verveuxAnguilles',15,0);
INSERT INTO Observation VALUES(1231+889,'2017-05-19',NULL,268059.31,6733281.83);
INSERT INTO Obs_Hippocampe VALUES(1231+889,'Hippocampus guttulatus','femelle',15,'verveuxAnguilles',15,0);

INSERT INTO Lieu VALUES(267971.49, 6733226.35);
INSERT INTO Observation VALUES(1232+889,'2017-05-19',NULL,267971.49,6733226.35);
INSERT INTO Obs_Hippocampe VALUES(1232+889,'Hippocampus guttulatus','femelle',15,'verveuxAnguilles',16,0);
INSERT INTO Observation VALUES(1233+889,'2017-05-19',NULL,267971.49,6733226.35);
INSERT INTO Obs_Hippocampe VALUES(1233+889,'Hippocampus guttulatus','femelle',15,'verveuxAnguilles',14,0);
INSERT INTO Observation VALUES(1234+889,'2017-05-19',NULL,267971.49,6733226.35);
INSERT INTO Obs_Hippocampe VALUES(1234+889,'Hippocampus guttulatus','femelle',15,'verveuxAnguilles',16,0);

INSERT INTO Lieu VALUES(267973.73, 6733257.13);
INSERT INTO Observation VALUES(1235+889,'2017-05-19',NULL,267973.73,6733257.13);
INSERT INTO Obs_Hippocampe VALUES(1235+889,'Hippocampus guttulatus','femelle',15,'verveuxAnguilles',15,0);
INSERT INTO Observation VALUES(1236+889,'2017-05-19',NULL,267973.73,6733257.13);
INSERT INTO Obs_Hippocampe VALUES(1236+889,'Hippocampus guttulatus','male',15,'verveuxAnguilles',16,0);

INSERT INTO Lieu VALUES(267941.04, 6733383.28);
INSERT INTO Observation VALUES(1237+889,'2017-05-19',NULL,267941.04,6733383.28);
INSERT INTO Obs_Hippocampe VALUES(1237+889,'Syngnathus acus','femelle',15,'verveuxAnguilles',33,0);
INSERT INTO Observation VALUES(1238+889,'2017-05-19',NULL,267941.04,6733383.28);
INSERT INTO Obs_Hippocampe VALUES(1238+889,'Syngnathus acus','male',15,'verveuxAnguilles',37,0);
INSERT INTO Observation VALUES(1239+889,'2017-05-19',NULL,267941.04,6733383.28);
INSERT INTO Obs_Hippocampe VALUES(1239+889,'Syngnathus acus','femelle',15,'verveuxAnguilles',36.5,0);


INSERT INTO Observateur VALUES(76, 'LANGLAIS', 'M');
INSERT INTO Observateur VALUES(77, 'EUSTACHE', 'S');
INSERT INTO Observateur VALUES(78, 'BULOT', 'Joel');
INSERT INTO Observateur VALUES(79, 'DELORM', 'C');
INSERT INTO Observateur VALUES(80, 'JOUSSEAU', 'Pa');

-- M.LANGLAIS
INSERT INTO AObserve (lobservateur, lobservation) VALUES(76,890);
INSERT INTO AObserve (lobservateur, lobservation) VALUES(76,891);
INSERT INTO AObserve (lobservateur, lobservation) VALUES(76,892);
INSERT INTO AObserve (lobservateur, lobservation) VALUES(76,893);
INSERT INTO AObserve (lobservateur, lobservation) VALUES(76,894);
INSERT INTO AObserve (lobservateur, lobservation) VALUES(76,895);
INSERT INTO AObserve (lobservateur, lobservation) VALUES(76,896);
INSERT INTO AObserve (lobservateur, lobservation) VALUES(76,897);
INSERT INTO AObserve (lobservateur, lobservation) VALUES(76,898);
INSERT INTO AObserve (lobservateur, lobservation) VALUES(76,899);
INSERT INTO AObserve (lobservateur, lobservation) VALUES(76,900);
INSERT INTO AObserve (lobservateur, lobservation) VALUES(76,901);
INSERT INTO AObserve (lobservateur, lobservation) VALUES(76,902);
INSERT INTO AObserve (lobservateur, lobservation) VALUES(76,903);
INSERT INTO AObserve (lobservateur, lobservation) VALUES(76,904);
INSERT INTO AObserve (lobservateur, lobservation) VALUES(76,905);
INSERT INTO AObserve (lobservateur, lobservation) VALUES(76,906);
INSERT INTO AObserve (lobservateur, lobservation) VALUES(76,907);
INSERT INTO AObserve (lobservateur, lobservation) VALUES(76,908);
INSERT INTO AObserve (lobservateur, lobservation) VALUES(76,909);
INSERT INTO AObserve (lobservateur, lobservation) VALUES(76,910);
INSERT INTO AObserve (lobservateur, lobservation) VALUES(76,911);
INSERT INTO AObserve (lobservateur, lobservation) VALUES(76,912);
INSERT INTO AObserve (lobservateur, lobservation) VALUES(76,913);
INSERT INTO AObserve (lobservateur, lobservation) VALUES(76,914);
INSERT INTO AObserve (lobservateur, lobservation) VALUES(76,915);
INSERT INTO AObserve (lobservateur, lobservation) VALUES(76,916);
INSERT INTO AObserve (lobservateur, lobservation) VALUES(76,917);
INSERT INTO AObserve (lobservateur, lobservation) VALUES(76,918);
INSERT INTO AObserve (lobservateur, lobservation) VALUES(76,919);
INSERT INTO AObserve (lobservateur, lobservation) VALUES(76,920);
INSERT INTO AObserve (lobservateur, lobservation) VALUES(76,921);
INSERT INTO AObserve (lobservateur, lobservation) VALUES(76,922);
INSERT INTO AObserve (lobservateur, lobservation) VALUES(76,923);
INSERT INTO AObserve (lobservateur, lobservation) VALUES(76,924);
INSERT INTO AObserve (lobservateur, lobservation) VALUES(76,925);
INSERT INTO AObserve (lobservateur, lobservation) VALUES(76,926);
INSERT INTO AObserve (lobservateur, lobservation) VALUES(76,927);
INSERT INTO AObserve (lobservateur, lobservation) VALUES(76,928);
INSERT INTO AObserve (lobservateur, lobservation) VALUES(76,929);
INSERT INTO AObserve (lobservateur, lobservation) VALUES(76,930);
INSERT INTO AObserve (lobservateur, lobservation) VALUES(76,931);
INSERT INTO AObserve (lobservateur, lobservation) VALUES(76,932);
INSERT INTO AObserve (lobservateur, lobservation) VALUES(76,933);
INSERT INTO AObserve (lobservateur, lobservation) VALUES(76,934);
INSERT INTO AObserve (lobservateur, lobservation) VALUES(76,935);
INSERT INTO AObserve (lobservateur, lobservation) VALUES(76,936);
INSERT INTO AObserve (lobservateur, lobservation) VALUES(76,937);
INSERT INTO AObserve (lobservateur, lobservation) VALUES(76,938);
INSERT INTO AObserve (lobservateur, lobservation) VALUES(76,939);
INSERT INTO AObserve (lobservateur, lobservation) VALUES(76,940);
INSERT INTO AObserve (lobservateur, lobservation) VALUES(76,941);
INSERT INTO AObserve (lobservateur, lobservation) VALUES(76,942);
INSERT INTO AObserve (lobservateur, lobservation) VALUES(76,943);
INSERT INTO AObserve (lobservateur, lobservation) VALUES(76,944);
INSERT INTO AObserve (lobservateur, lobservation) VALUES(76,945);
INSERT INTO AObserve (lobservateur, lobservation) VALUES(76,946);
INSERT INTO AObserve (lobservateur, lobservation) VALUES(76,947);
INSERT INTO AObserve (lobservateur, lobservation) VALUES(76,948);
INSERT INTO AObserve (lobservateur, lobservation) VALUES(76,949);
INSERT INTO AObserve (lobservateur, lobservation) VALUES(76,950);
INSERT INTO AObserve (lobservateur, lobservation) VALUES(76,951);
INSERT INTO AObserve (lobservateur, lobservation) VALUES(76,952);
INSERT INTO AObserve (lobservateur, lobservation) VALUES(76,953);
INSERT INTO AObserve (lobservateur, lobservation) VALUES(76,954);
INSERT INTO AObserve (lobservateur, lobservation) VALUES(76,955);
INSERT INTO AObserve (lobservateur, lobservation) VALUES(76,956);
INSERT INTO AObserve (lobservateur, lobservation) VALUES(76,957);
INSERT INTO AObserve (lobservateur, lobservation) VALUES(76,958);
INSERT INTO AObserve (lobservateur, lobservation) VALUES(76,959);
INSERT INTO AObserve (lobservateur, lobservation) VALUES(76,960);
INSERT INTO AObserve (lobservateur, lobservation) VALUES(76,961);
INSERT INTO AObserve (lobservateur, lobservation) VALUES(76,962);
INSERT INTO AObserve (lobservateur, lobservation) VALUES(76,963);
INSERT INTO AObserve (lobservateur, lobservation) VALUES(76,964);
INSERT INTO AObserve (lobservateur, lobservation) VALUES(76,965);
INSERT INTO AObserve (lobservateur, lobservation) VALUES(76,966);
INSERT INTO AObserve (lobservateur, lobservation) VALUES(76,967);
INSERT INTO AObserve (lobservateur, lobservation) VALUES(76,968);
INSERT INTO AObserve (lobservateur, lobservation) VALUES(76,969);
INSERT INTO AObserve (lobservateur, lobservation) VALUES(76,970);
INSERT INTO AObserve (lobservateur, lobservation) VALUES(76,971);
INSERT INTO AObserve (lobservateur, lobservation) VALUES(76,972);
INSERT INTO AObserve (lobservateur, lobservation) VALUES(76,973);
INSERT INTO AObserve (lobservateur, lobservation) VALUES(76,974);
INSERT INTO AObserve (lobservateur, lobservation) VALUES(76,975);
INSERT INTO AObserve (lobservateur, lobservation) VALUES(76,976);
INSERT INTO AObserve (lobservateur, lobservation) VALUES(76,977);
INSERT INTO AObserve (lobservateur, lobservation) VALUES(76,978);
INSERT INTO AObserve (lobservateur, lobservation) VALUES(76,979);
INSERT INTO AObserve (lobservateur, lobservation) VALUES(76,980);
INSERT INTO AObserve (lobservateur, lobservation) VALUES(76,981);
INSERT INTO AObserve (lobservateur, lobservation) VALUES(76,982);
INSERT INTO AObserve (lobservateur, lobservation) VALUES(76,983);
INSERT INTO AObserve (lobservateur, lobservation) VALUES(76,984);
INSERT INTO AObserve (lobservateur, lobservation) VALUES(76,985);
INSERT INTO AObserve (lobservateur, lobservation) VALUES(76,986);
INSERT INTO AObserve (lobservateur, lobservation) VALUES(76,987);
INSERT INTO AObserve (lobservateur, lobservation) VALUES(76,988);
INSERT INTO AObserve (lobservateur, lobservation) VALUES(76,989);
INSERT INTO AObserve (lobservateur, lobservation) VALUES(76,990);
INSERT INTO AObserve (lobservateur, lobservation) VALUES(76,991);
INSERT INTO AObserve (lobservateur, lobservation) VALUES(76,992);
INSERT INTO AObserve (lobservateur, lobservation) VALUES(76,993);
INSERT INTO AObserve (lobservateur, lobservation) VALUES(76,994);
INSERT INTO AObserve (lobservateur, lobservation) VALUES(76,995);
INSERT INTO AObserve (lobservateur, lobservation) VALUES(76,996);
INSERT INTO AObserve (lobservateur, lobservation) VALUES(76,997);
INSERT INTO AObserve (lobservateur, lobservation) VALUES(76,998);
INSERT INTO AObserve (lobservateur, lobservation) VALUES(76,999);
INSERT INTO AObserve (lobservateur, lobservation) VALUES(76,1000);
INSERT INTO AObserve (lobservateur, lobservation) VALUES(76,1001);
INSERT INTO AObserve (lobservateur, lobservation) VALUES(76,1002);
INSERT INTO AObserve (lobservateur, lobservation) VALUES(76,1003);
INSERT INTO AObserve (lobservateur, lobservation) VALUES(76,1004);
INSERT INTO AObserve (lobservateur, lobservation) VALUES(76,1005);
INSERT INTO AObserve (lobservateur, lobservation) VALUES(76,1006);
INSERT INTO AObserve (lobservateur, lobservation) VALUES(76,1007);
INSERT INTO AObserve (lobservateur, lobservation) VALUES(76,1008);
INSERT INTO AObserve (lobservateur, lobservation) VALUES(76,1009);
INSERT INTO AObserve (lobservateur, lobservation) VALUES(76,1010);
INSERT INTO AObserve (lobservateur, lobservation) VALUES(76,1011);
INSERT INTO AObserve (lobservateur, lobservation) VALUES(76,1012);
INSERT INTO AObserve (lobservateur, lobservation) VALUES(76,1013);
INSERT INTO AObserve (lobservateur, lobservation) VALUES(76,1014);
INSERT INTO AObserve (lobservateur, lobservation) VALUES(76,1015);
INSERT INTO AObserve (lobservateur, lobservation) VALUES(76,1016);
INSERT INTO AObserve (lobservateur, lobservation) VALUES(76,1017);
INSERT INTO AObserve (lobservateur, lobservation) VALUES(76,1018);
INSERT INTO AObserve (lobservateur, lobservation) VALUES(76,1019);
INSERT INTO AObserve (lobservateur, lobservation) VALUES(76,1020);
INSERT INTO AObserve (lobservateur, lobservation) VALUES(76,1021);
INSERT INTO AObserve (lobservateur, lobservation) VALUES(76,1022);
INSERT INTO AObserve (lobservateur, lobservation) VALUES(76,1023);
INSERT INTO AObserve (lobservateur, lobservation) VALUES(76,1024);
INSERT INTO AObserve (lobservateur, lobservation) VALUES(76,1025);
INSERT INTO AObserve (lobservateur, lobservation) VALUES(76,1026);
INSERT INTO AObserve (lobservateur, lobservation) VALUES(76,1027);
INSERT INTO AObserve (lobservateur, lobservation) VALUES(76,1028);
INSERT INTO AObserve (lobservateur, lobservation) VALUES(76,1029);
INSERT INTO AObserve (lobservateur, lobservation) VALUES(76,1030);
INSERT INTO AObserve (lobservateur, lobservation) VALUES(76,1031);
INSERT INTO AObserve (lobservateur, lobservation) VALUES(76,1032);
INSERT INTO AObserve (lobservateur, lobservation) VALUES(76,1033);
INSERT INTO AObserve (lobservateur, lobservation) VALUES(76,1034);
INSERT INTO AObserve (lobservateur, lobservation) VALUES(76,1035);
INSERT INTO AObserve (lobservateur, lobservation) VALUES(76,1036);
INSERT INTO AObserve (lobservateur, lobservation) VALUES(76,1037);
INSERT INTO AObserve (lobservateur, lobservation) VALUES(76,1038);
INSERT INTO AObserve (lobservateur, lobservation) VALUES(76,1039);
INSERT INTO AObserve (lobservateur, lobservation) VALUES(76,1040);
INSERT INTO AObserve (lobservateur, lobservation) VALUES(76,1041);
INSERT INTO AObserve (lobservateur, lobservation) VALUES(76,1042);
INSERT INTO AObserve (lobservateur, lobservation) VALUES(76,1043);
INSERT INTO AObserve (lobservateur, lobservation) VALUES(76,1044);
INSERT INTO AObserve (lobservateur, lobservation) VALUES(76,1045);
INSERT INTO AObserve (lobservateur, lobservation) VALUES(76,1046);
INSERT INTO AObserve (lobservateur, lobservation) VALUES(76,1047);
INSERT INTO AObserve (lobservateur, lobservation) VALUES(76,1048);
INSERT INTO AObserve (lobservateur, lobservation) VALUES(76,1049);
INSERT INTO AObserve (lobservateur, lobservation) VALUES(76,1050);
INSERT INTO AObserve (lobservateur, lobservation) VALUES(76,1051);
INSERT INTO AObserve (lobservateur, lobservation) VALUES(76,1052);
INSERT INTO AObserve (lobservateur, lobservation) VALUES(76,1053);
INSERT INTO AObserve (lobservateur, lobservation) VALUES(76,1054);
INSERT INTO AObserve (lobservateur, lobservation) VALUES(76,1055);
INSERT INTO AObserve (lobservateur, lobservation) VALUES(76,1056);
INSERT INTO AObserve (lobservateur, lobservation) VALUES(76,1057);
INSERT INTO AObserve (lobservateur, lobservation) VALUES(76,1058);
INSERT INTO AObserve (lobservateur, lobservation) VALUES(76,1059);
INSERT INTO AObserve (lobservateur, lobservation) VALUES(76,1060);
INSERT INTO AObserve (lobservateur, lobservation) VALUES(76,1061);
INSERT INTO AObserve (lobservateur, lobservation) VALUES(76,1062);
INSERT INTO AObserve (lobservateur, lobservation) VALUES(76,1063);
INSERT INTO AObserve (lobservateur, lobservation) VALUES(76,1064);
INSERT INTO AObserve (lobservateur, lobservation) VALUES(76,1065);
INSERT INTO AObserve (lobservateur, lobservation) VALUES(76,1066);
INSERT INTO AObserve (lobservateur, lobservation) VALUES(76,1067);
INSERT INTO AObserve (lobservateur, lobservation) VALUES(76,1068);
INSERT INTO AObserve (lobservateur, lobservation) VALUES(76,1069);
INSERT INTO AObserve (lobservateur, lobservation) VALUES(76,1070);
INSERT INTO AObserve (lobservateur, lobservation) VALUES(76,1071);
INSERT INTO AObserve (lobservateur, lobservation) VALUES(76,1072);
INSERT INTO AObserve (lobservateur, lobservation) VALUES(76,1073);
INSERT INTO AObserve (lobservateur, lobservation) VALUES(76,1074);
INSERT INTO AObserve (lobservateur, lobservation) VALUES(76,1075);
INSERT INTO AObserve (lobservateur, lobservation) VALUES(76,1076);
INSERT INTO AObserve (lobservateur, lobservation) VALUES(76,1077);
INSERT INTO AObserve (lobservateur, lobservation) VALUES(76,1078);
INSERT INTO AObserve (lobservateur, lobservation) VALUES(76,1079);
INSERT INTO AObserve (lobservateur, lobservation) VALUES(76,1080);
INSERT INTO AObserve (lobservateur, lobservation) VALUES(76,1081);
INSERT INTO AObserve (lobservateur, lobservation) VALUES(76,1082);
INSERT INTO AObserve (lobservateur, lobservation) VALUES(76,1083);
INSERT INTO AObserve (lobservateur, lobservation) VALUES(76,1084);
INSERT INTO AObserve (lobservateur, lobservation) VALUES(76,1085);
INSERT INTO AObserve (lobservateur, lobservation) VALUES(76,1086);
INSERT INTO AObserve (lobservateur, lobservation) VALUES(76,1087);
INSERT INTO AObserve (lobservateur, lobservation) VALUES(76,1088);
INSERT INTO AObserve (lobservateur, lobservation) VALUES(76,1089);
INSERT INTO AObserve (lobservateur, lobservation) VALUES(76,1090);
INSERT INTO AObserve (lobservateur, lobservation) VALUES(76,1091);
INSERT INTO AObserve (lobservateur, lobservation) VALUES(76,1092);
INSERT INTO AObserve (lobservateur, lobservation) VALUES(76,1093);
INSERT INTO AObserve (lobservateur, lobservation) VALUES(76,1094);
INSERT INTO AObserve (lobservateur, lobservation) VALUES(76,1095);
INSERT INTO AObserve (lobservateur, lobservation) VALUES(76,1096);
INSERT INTO AObserve (lobservateur, lobservation) VALUES(76,1097);
INSERT INTO AObserve (lobservateur, lobservation) VALUES(76,1098);
INSERT INTO AObserve (lobservateur, lobservation) VALUES(76,1099);
INSERT INTO AObserve (lobservateur, lobservation) VALUES(76,1100);
INSERT INTO AObserve (lobservateur, lobservation) VALUES(76,1101);
INSERT INTO AObserve (lobservateur, lobservation) VALUES(76,1102);
INSERT INTO AObserve (lobservateur, lobservation) VALUES(76,1103);
INSERT INTO AObserve (lobservateur, lobservation) VALUES(76,1104);
INSERT INTO AObserve (lobservateur, lobservation) VALUES(76,1105);
INSERT INTO AObserve (lobservateur, lobservation) VALUES(76,1106);
INSERT INTO AObserve (lobservateur, lobservation) VALUES(76,1107);
INSERT INTO AObserve (lobservateur, lobservation) VALUES(76,1108);
INSERT INTO AObserve (lobservateur, lobservation) VALUES(76,1109);
INSERT INTO AObserve (lobservateur, lobservation) VALUES(76,1110);
INSERT INTO AObserve (lobservateur, lobservation) VALUES(76,1111);
INSERT INTO AObserve (lobservateur, lobservation) VALUES(76,1112);
INSERT INTO AObserve (lobservateur, lobservation) VALUES(76,1113);
INSERT INTO AObserve (lobservateur, lobservation) VALUES(76,1114);
INSERT INTO AObserve (lobservateur, lobservation) VALUES(76,1115);
INSERT INTO AObserve (lobservateur, lobservation) VALUES(76,1116);
INSERT INTO AObserve (lobservateur, lobservation) VALUES(76,1117);
INSERT INTO AObserve (lobservateur, lobservation) VALUES(76,1118);
INSERT INTO AObserve (lobservateur, lobservation) VALUES(76,1119);
INSERT INTO AObserve (lobservateur, lobservation) VALUES(76,1120);
INSERT INTO AObserve (lobservateur, lobservation) VALUES(76,1121);
INSERT INTO AObserve (lobservateur, lobservation) VALUES(76,1122);
INSERT INTO AObserve (lobservateur, lobservation) VALUES(76,1123);
INSERT INTO AObserve (lobservateur, lobservation) VALUES(76,1124);
INSERT INTO AObserve (lobservateur, lobservation) VALUES(76,1125);
INSERT INTO AObserve (lobservateur, lobservation) VALUES(76,1126);
INSERT INTO AObserve (lobservateur, lobservation) VALUES(76,1127);
INSERT INTO AObserve (lobservateur, lobservation) VALUES(76,1128);
INSERT INTO AObserve (lobservateur, lobservation) VALUES(76,1129);
INSERT INTO AObserve (lobservateur, lobservation) VALUES(76,1130);
INSERT INTO AObserve (lobservateur, lobservation) VALUES(76,1131);
INSERT INTO AObserve (lobservateur, lobservation) VALUES(76,1132);
INSERT INTO AObserve (lobservateur, lobservation) VALUES(76,1133);
INSERT INTO AObserve (lobservateur, lobservation) VALUES(76,1134);
INSERT INTO AObserve (lobservateur, lobservation) VALUES(76,1135);
INSERT INTO AObserve (lobservateur, lobservation) VALUES(76,1136);
INSERT INTO AObserve (lobservateur, lobservation) VALUES(76,1137);
INSERT INTO AObserve (lobservateur, lobservation) VALUES(76,1138);
INSERT INTO AObserve (lobservateur, lobservation) VALUES(76,1139);
INSERT INTO AObserve (lobservateur, lobservation) VALUES(76,1140);
INSERT INTO AObserve (lobservateur, lobservation) VALUES(76,1141);
INSERT INTO AObserve (lobservateur, lobservation) VALUES(76,1142);
INSERT INTO AObserve (lobservateur, lobservation) VALUES(76,1143);
INSERT INTO AObserve (lobservateur, lobservation) VALUES(76,1144);
INSERT INTO AObserve (lobservateur, lobservation) VALUES(76,1145);
INSERT INTO AObserve (lobservateur, lobservation) VALUES(76,1146);
INSERT INTO AObserve (lobservateur, lobservation) VALUES(76,1147);
INSERT INTO AObserve (lobservateur, lobservation) VALUES(76,1148);
INSERT INTO AObserve (lobservateur, lobservation) VALUES(76,1149);
INSERT INTO AObserve (lobservateur, lobservation) VALUES(76,1150);
INSERT INTO AObserve (lobservateur, lobservation) VALUES(76,1151);
INSERT INTO AObserve (lobservateur, lobservation) VALUES(76,1152);
INSERT INTO AObserve (lobservateur, lobservation) VALUES(76,1153);
INSERT INTO AObserve (lobservateur, lobservation) VALUES(76,1154);
INSERT INTO AObserve (lobservateur, lobservation) VALUES(76,1155);
INSERT INTO AObserve (lobservateur, lobservation) VALUES(76,1156);
INSERT INTO AObserve (lobservateur, lobservation) VALUES(76,1157);
INSERT INTO AObserve (lobservateur, lobservation) VALUES(76,1158);
INSERT INTO AObserve (lobservateur, lobservation) VALUES(76,1159);
INSERT INTO AObserve (lobservateur, lobservation) VALUES(76,1160);
INSERT INTO AObserve (lobservateur, lobservation) VALUES(76,1161);
INSERT INTO AObserve (lobservateur, lobservation) VALUES(76,1162);
INSERT INTO AObserve (lobservateur, lobservation) VALUES(76,1163);
INSERT INTO AObserve (lobservateur, lobservation) VALUES(76,1164);
INSERT INTO AObserve (lobservateur, lobservation) VALUES(76,1165);
-- S.EUSTACHE
INSERT INTO AObserve (lobservateur, lobservation) VALUES(76,1167);
INSERT INTO AObserve (lobservateur, lobservation) VALUES(76,1168);
INSERT INTO AObserve (lobservateur, lobservation) VALUES(76,1169);
INSERT INTO AObserve (lobservateur, lobservation) VALUES(76,1170);
INSERT INTO AObserve (lobservateur, lobservation) VALUES(76,1171);
INSERT INTO AObserve (lobservateur, lobservation) VALUES(76,1172);
INSERT INTO AObserve (lobservateur, lobservation) VALUES(76,1173);
INSERT INTO AObserve (lobservateur, lobservation) VALUES(76,1174);
INSERT INTO AObserve (lobservateur, lobservation) VALUES(76,1175);
INSERT INTO AObserve (lobservateur, lobservation) VALUES(76,1176);
INSERT INTO AObserve (lobservateur, lobservation) VALUES(76,1177);
INSERT INTO AObserve (lobservateur, lobservation) VALUES(76,1178);
INSERT INTO AObserve (lobservateur, lobservation) VALUES(76,1179);
INSERT INTO AObserve (lobservateur, lobservation) VALUES(76,1180);
INSERT INTO AObserve (lobservateur, lobservation) VALUES(76,1181);
INSERT INTO AObserve (lobservateur, lobservation) VALUES(76,1182);
INSERT INTO AObserve (lobservateur, lobservation) VALUES(76,1183);
INSERT INTO AObserve (lobservateur, lobservation) VALUES(76,1184);
INSERT INTO AObserve (lobservateur, lobservation) VALUES(76,1185);
INSERT INTO AObserve (lobservateur, lobservation) VALUES(76,1186);
INSERT INTO AObserve (lobservateur, lobservation) VALUES(76,1187);
INSERT INTO AObserve (lobservateur, lobservation) VALUES(76,1188);
INSERT INTO AObserve (lobservateur, lobservation) VALUES(76,1189);
INSERT INTO AObserve (lobservateur, lobservation) VALUES(76,1190);
INSERT INTO AObserve (lobservateur, lobservation) VALUES(76,1191);
INSERT INTO AObserve (lobservateur, lobservation) VALUES(76,1192);
INSERT INTO AObserve (lobservateur, lobservation) VALUES(76,1193);
INSERT INTO AObserve (lobservateur, lobservation) VALUES(76,1194);
INSERT INTO AObserve (lobservateur, lobservation) VALUES(76,1195);
INSERT INTO AObserve (lobservateur, lobservation) VALUES(76,1196);
INSERT INTO AObserve (lobservateur, lobservation) VALUES(76,1197);
INSERT INTO AObserve (lobservateur, lobservation) VALUES(76,1198);
INSERT INTO AObserve (lobservateur, lobservation) VALUES(76,1199);
INSERT INTO AObserve (lobservateur, lobservation) VALUES(76,1200);
INSERT INTO AObserve (lobservateur, lobservation) VALUES(76,1201);
INSERT INTO AObserve (lobservateur, lobservation) VALUES(76,1202);
INSERT INTO AObserve (lobservateur, lobservation) VALUES(76,1203);
INSERT INTO AObserve (lobservateur, lobservation) VALUES(76,1204);
INSERT INTO AObserve (lobservateur, lobservation) VALUES(76,1205);
INSERT INTO AObserve (lobservateur, lobservation) VALUES(76,1206);
INSERT INTO AObserve (lobservateur, lobservation) VALUES(76,1207);
INSERT INTO AObserve (lobservateur, lobservation) VALUES(76,1208);
INSERT INTO AObserve (lobservateur, lobservation) VALUES(76,1209);
INSERT INTO AObserve (lobservateur, lobservation) VALUES(76,1210);
INSERT INTO AObserve (lobservateur, lobservation) VALUES(76,1211);
INSERT INTO AObserve (lobservateur, lobservation) VALUES(76,1212);
INSERT INTO AObserve (lobservateur, lobservation) VALUES(76,1213);
INSERT INTO AObserve (lobservateur, lobservation) VALUES(76,1214);
INSERT INTO AObserve (lobservateur, lobservation) VALUES(76,1215);
INSERT INTO AObserve (lobservateur, lobservation) VALUES(76,1216);
INSERT INTO AObserve (lobservateur, lobservation) VALUES(76,1217);
INSERT INTO AObserve (lobservateur, lobservation) VALUES(76,1218);
INSERT INTO AObserve (lobservateur, lobservation) VALUES(76,1219);
INSERT INTO AObserve (lobservateur, lobservation) VALUES(76,1220);
INSERT INTO AObserve (lobservateur, lobservation) VALUES(76,1221);
INSERT INTO AObserve (lobservateur, lobservation) VALUES(76,1222);
INSERT INTO AObserve (lobservateur, lobservation) VALUES(76,1223);
INSERT INTO AObserve (lobservateur, lobservation) VALUES(76,1224);
INSERT INTO AObserve (lobservateur, lobservation) VALUES(76,1225);
INSERT INTO AObserve (lobservateur, lobservation) VALUES(76,1226);
INSERT INTO AObserve (lobservateur, lobservation) VALUES(76,1227);
INSERT INTO AObserve (lobservateur, lobservation) VALUES(76,1228);
INSERT INTO AObserve (lobservateur, lobservation) VALUES(76,1229);
INSERT INTO AObserve (lobservateur, lobservation) VALUES(76,1230);
INSERT INTO AObserve (lobservateur, lobservation) VALUES(76,1231);
INSERT INTO AObserve (lobservateur, lobservation) VALUES(76,1232);
INSERT INTO AObserve (lobservateur, lobservation) VALUES(76,1233);
INSERT INTO AObserve (lobservateur, lobservation) VALUES(76,1234);
INSERT INTO AObserve (lobservateur, lobservation) VALUES(76,1235);
INSERT INTO AObserve (lobservateur, lobservation) VALUES(76,1236);
INSERT INTO AObserve (lobservateur, lobservation) VALUES(76,1237);
INSERT INTO AObserve (lobservateur, lobservation) VALUES(76,1238);
INSERT INTO AObserve (lobservateur, lobservation) VALUES(76,1239);
INSERT INTO AObserve (lobservateur, lobservation) VALUES(76,1240);
INSERT INTO AObserve (lobservateur, lobservation) VALUES(76,1241);
INSERT INTO AObserve (lobservateur, lobservation) VALUES(76,1242);
INSERT INTO AObserve (lobservateur, lobservation) VALUES(76,1243);
INSERT INTO AObserve (lobservateur, lobservation) VALUES(76,1244);
INSERT INTO AObserve (lobservateur, lobservation) VALUES(76,1245);
INSERT INTO AObserve (lobservateur, lobservation) VALUES(76,1246);
INSERT INTO AObserve (lobservateur, lobservation) VALUES(76,1247);
INSERT INTO AObserve (lobservateur, lobservation) VALUES(76,1248);
INSERT INTO AObserve (lobservateur, lobservation) VALUES(76,1249);
INSERT INTO AObserve (lobservateur, lobservation) VALUES(76,1250);
INSERT INTO AObserve (lobservateur, lobservation) VALUES(76,1251);
INSERT INTO AObserve (lobservateur, lobservation) VALUES(76,1252);
INSERT INTO AObserve (lobservateur, lobservation) VALUES(76,1253);
INSERT INTO AObserve (lobservateur, lobservation) VALUES(76,1254);
INSERT INTO AObserve (lobservateur, lobservation) VALUES(76,1255);
INSERT INTO AObserve (lobservateur, lobservation) VALUES(76,1256);
INSERT INTO AObserve (lobservateur, lobservation) VALUES(76,1257);
INSERT INTO AObserve (lobservateur, lobservation) VALUES(76,1258);
INSERT INTO AObserve (lobservateur, lobservation) VALUES(76,1259);
INSERT INTO AObserve (lobservateur, lobservation) VALUES(76,1260);
INSERT INTO AObserve (lobservateur, lobservation) VALUES(76,1261);
INSERT INTO AObserve (lobservateur, lobservation) VALUES(76,1262);
INSERT INTO AObserve (lobservateur, lobservation) VALUES(76,1263);
INSERT INTO AObserve (lobservateur, lobservation) VALUES(76,1264);
INSERT INTO AObserve (lobservateur, lobservation) VALUES(76,1265);
INSERT INTO AObserve (lobservateur, lobservation) VALUES(76,1266);
INSERT INTO AObserve (lobservateur, lobservation) VALUES(76,1267);
INSERT INTO AObserve (lobservateur, lobservation) VALUES(76,1268);
INSERT INTO AObserve (lobservateur, lobservation) VALUES(76,1269);
INSERT INTO AObserve (lobservateur, lobservation) VALUES(76,1270);
INSERT INTO AObserve (lobservateur, lobservation) VALUES(76,1271);
INSERT INTO AObserve (lobservateur, lobservation) VALUES(76,1272);
INSERT INTO AObserve (lobservateur, lobservation) VALUES(76,1273);
INSERT INTO AObserve (lobservateur, lobservation) VALUES(76,1274);
INSERT INTO AObserve (lobservateur, lobservation) VALUES(76,1275);
INSERT INTO AObserve (lobservateur, lobservation) VALUES(76,1276);
INSERT INTO AObserve (lobservateur, lobservation) VALUES(76,1277);
INSERT INTO AObserve (lobservateur, lobservation) VALUES(76,1278);
INSERT INTO AObserve (lobservateur, lobservation) VALUES(76,1279);
INSERT INTO AObserve (lobservateur, lobservation) VALUES(76,1280);
INSERT INTO AObserve (lobservateur, lobservation) VALUES(76,1281);
INSERT INTO AObserve (lobservateur, lobservation) VALUES(76,1282);
INSERT INTO AObserve (lobservateur, lobservation) VALUES(76,1283);
INSERT INTO AObserve (lobservateur, lobservation) VALUES(76,1284);
INSERT INTO AObserve (lobservateur, lobservation) VALUES(76,1285);
INSERT INTO AObserve (lobservateur, lobservation) VALUES(76,1286);
INSERT INTO AObserve (lobservateur, lobservation) VALUES(76,1287);
INSERT INTO AObserve (lobservateur, lobservation) VALUES(76,1288);
INSERT INTO AObserve (lobservateur, lobservation) VALUES(76,1289);
INSERT INTO AObserve (lobservateur, lobservation) VALUES(76,1290);
INSERT INTO AObserve (lobservateur, lobservation) VALUES(76,1291);
INSERT INTO AObserve (lobservateur, lobservation) VALUES(76,1292);
INSERT INTO AObserve (lobservateur, lobservation) VALUES(76,1293);
INSERT INTO AObserve (lobservateur, lobservation) VALUES(76,1294);
INSERT INTO AObserve (lobservateur, lobservation) VALUES(76,1295);
INSERT INTO AObserve (lobservateur, lobservation) VALUES(76,1296);
INSERT INTO AObserve (lobservateur, lobservation) VALUES(76,1297);
INSERT INTO AObserve (lobservateur, lobservation) VALUES(76,1298);
INSERT INTO AObserve (lobservateur, lobservation) VALUES(76,1299);
INSERT INTO AObserve (lobservateur, lobservation) VALUES(76,1300);
INSERT INTO AObserve (lobservateur, lobservation) VALUES(76,1301);
INSERT INTO AObserve (lobservateur, lobservation) VALUES(76,1302);
INSERT INTO AObserve (lobservateur, lobservation) VALUES(76,1303);
INSERT INTO AObserve (lobservateur, lobservation) VALUES(76,1304);
INSERT INTO AObserve (lobservateur, lobservation) VALUES(76,1305);
INSERT INTO AObserve (lobservateur, lobservation) VALUES(76,1306);
INSERT INTO AObserve (lobservateur, lobservation) VALUES(76,1307);
INSERT INTO AObserve (lobservateur, lobservation) VALUES(76,1308);
INSERT INTO AObserve (lobservateur, lobservation) VALUES(76,1309);
INSERT INTO AObserve (lobservateur, lobservation) VALUES(76,1310);
INSERT INTO AObserve (lobservateur, lobservation) VALUES(76,1311);
INSERT INTO AObserve (lobservateur, lobservation) VALUES(76,1312);
INSERT INTO AObserve (lobservateur, lobservation) VALUES(76,1313);
INSERT INTO AObserve (lobservateur, lobservation) VALUES(76,1314);
INSERT INTO AObserve (lobservateur, lobservation) VALUES(76,1315);
INSERT INTO AObserve (lobservateur, lobservation) VALUES(76,1316);
INSERT INTO AObserve (lobservateur, lobservation) VALUES(76,1317);
INSERT INTO AObserve (lobservateur, lobservation) VALUES(76,1318);
INSERT INTO AObserve (lobservateur, lobservation) VALUES(76,1319);
INSERT INTO AObserve (lobservateur, lobservation) VALUES(76,1320);
INSERT INTO AObserve (lobservateur, lobservation) VALUES(76,1321);
INSERT INTO AObserve (lobservateur, lobservation) VALUES(76,1322);
INSERT INTO AObserve (lobservateur, lobservation) VALUES(76,1323);
INSERT INTO AObserve (lobservateur, lobservation) VALUES(76,1324);
INSERT INTO AObserve (lobservateur, lobservation) VALUES(76,1325);
INSERT INTO AObserve (lobservateur, lobservation) VALUES(76,1326);
INSERT INTO AObserve (lobservateur, lobservation) VALUES(76,1327);
INSERT INTO AObserve (lobservateur, lobservation) VALUES(76,1328);
INSERT INTO AObserve (lobservateur, lobservation) VALUES(76,1329);
INSERT INTO AObserve (lobservateur, lobservation) VALUES(76,1330);
INSERT INTO AObserve (lobservateur, lobservation) VALUES(76,1331);
INSERT INTO AObserve (lobservateur, lobservation) VALUES(76,1332);
INSERT INTO AObserve (lobservateur, lobservation) VALUES(76,1333);
INSERT INTO AObserve (lobservateur, lobservation) VALUES(76,1334);
INSERT INTO AObserve (lobservateur, lobservation) VALUES(76,1335);
INSERT INTO AObserve (lobservateur, lobservation) VALUES(76,1336);
INSERT INTO AObserve (lobservateur, lobservation) VALUES(76,1337);
INSERT INTO AObserve (lobservateur, lobservation) VALUES(76,1338);
INSERT INTO AObserve (lobservateur, lobservation) VALUES(76,1339);
INSERT INTO AObserve (lobservateur, lobservation) VALUES(76,1340);
INSERT INTO AObserve (lobservateur, lobservation) VALUES(76,1341);
INSERT INTO AObserve (lobservateur, lobservation) VALUES(76,1342);
INSERT INTO AObserve (lobservateur, lobservation) VALUES(76,1343);
INSERT INTO AObserve (lobservateur, lobservation) VALUES(76,1344);
INSERT INTO AObserve (lobservateur, lobservation) VALUES(76,1345);
INSERT INTO AObserve (lobservateur, lobservation) VALUES(76,1346);
INSERT INTO AObserve (lobservateur, lobservation) VALUES(76,1347);
INSERT INTO AObserve (lobservateur, lobservation) VALUES(76,1348);
INSERT INTO AObserve (lobservateur, lobservation) VALUES(76,1349);
INSERT INTO AObserve (lobservateur, lobservation) VALUES(76,1350);
INSERT INTO AObserve (lobservateur, lobservation) VALUES(76,1351);
INSERT INTO AObserve (lobservateur, lobservation) VALUES(76,1352);
INSERT INTO AObserve (lobservateur, lobservation) VALUES(76,1353);
INSERT INTO AObserve (lobservateur, lobservation) VALUES(76,1354);
INSERT INTO AObserve (lobservateur, lobservation) VALUES(76,1355);
INSERT INTO AObserve (lobservateur, lobservation) VALUES(76,1356);
INSERT INTO AObserve (lobservateur, lobservation) VALUES(76,1357);
INSERT INTO AObserve (lobservateur, lobservation) VALUES(76,1358);
INSERT INTO AObserve (lobservateur, lobservation) VALUES(76,1359);
INSERT INTO AObserve (lobservateur, lobservation) VALUES(76,1360);
INSERT INTO AObserve (lobservateur, lobservation) VALUES(76,1361);
INSERT INTO AObserve (lobservateur, lobservation) VALUES(76,1362);
INSERT INTO AObserve (lobservateur, lobservation) VALUES(76,1363);
INSERT INTO AObserve (lobservateur, lobservation) VALUES(76,1364);
INSERT INTO AObserve (lobservateur, lobservation) VALUES(76,1365);
INSERT INTO AObserve (lobservateur, lobservation) VALUES(76,1366);
INSERT INTO AObserve (lobservateur, lobservation) VALUES(76,1367);
INSERT INTO AObserve (lobservateur, lobservation) VALUES(76,1368);
INSERT INTO AObserve (lobservateur, lobservation) VALUES(76,1369);
INSERT INTO AObserve (lobservateur, lobservation) VALUES(76,1370);
INSERT INTO AObserve (lobservateur, lobservation) VALUES(76,1371);
INSERT INTO AObserve (lobservateur, lobservation) VALUES(76,1372);
INSERT INTO AObserve (lobservateur, lobservation) VALUES(76,1373);
INSERT INTO AObserve (lobservateur, lobservation) VALUES(76,1374);
INSERT INTO AObserve (lobservateur, lobservation) VALUES(76,1375);
INSERT INTO AObserve (lobservateur, lobservation) VALUES(76,1376);
INSERT INTO AObserve (lobservateur, lobservation) VALUES(76,1377);
INSERT INTO AObserve (lobservateur, lobservation) VALUES(76,1378);
INSERT INTO AObserve (lobservateur, lobservation) VALUES(76,1379);
INSERT INTO AObserve (lobservateur, lobservation) VALUES(76,1380);
INSERT INTO AObserve (lobservateur, lobservation) VALUES(76,1381);
INSERT INTO AObserve (lobservateur, lobservation) VALUES(76,1382);
INSERT INTO AObserve (lobservateur, lobservation) VALUES(76,1383);
INSERT INTO AObserve (lobservateur, lobservation) VALUES(76,1384);
INSERT INTO AObserve (lobservateur, lobservation) VALUES(76,1385);
INSERT INTO AObserve (lobservateur, lobservation) VALUES(76,1386);
INSERT INTO AObserve (lobservateur, lobservation) VALUES(76,1387);
INSERT INTO AObserve (lobservateur, lobservation) VALUES(76,1388);
INSERT INTO AObserve (lobservateur, lobservation) VALUES(76,1389);
INSERT INTO AObserve (lobservateur, lobservation) VALUES(76,1390);
INSERT INTO AObserve (lobservateur, lobservation) VALUES(76,1391);
INSERT INTO AObserve (lobservateur, lobservation) VALUES(76,1392);
INSERT INTO AObserve (lobservateur, lobservation) VALUES(76,1393);
INSERT INTO AObserve (lobservateur, lobservation) VALUES(76,1394);
INSERT INTO AObserve (lobservateur, lobservation) VALUES(76,1395);
INSERT INTO AObserve (lobservateur, lobservation) VALUES(76,1396);
INSERT INTO AObserve (lobservateur, lobservation) VALUES(76,1397);
INSERT INTO AObserve (lobservateur, lobservation) VALUES(76,1398);
INSERT INTO AObserve (lobservateur, lobservation) VALUES(76,1399);
INSERT INTO AObserve (lobservateur, lobservation) VALUES(76,1400);
INSERT INTO AObserve (lobservateur, lobservation) VALUES(76,1401);
INSERT INTO AObserve (lobservateur, lobservation) VALUES(76,1402);
INSERT INTO AObserve (lobservateur, lobservation) VALUES(76,1403);
INSERT INTO AObserve (lobservateur, lobservation) VALUES(76,1404);
INSERT INTO AObserve (lobservateur, lobservation) VALUES(76,1405);
INSERT INTO AObserve (lobservateur, lobservation) VALUES(76,1406);
INSERT INTO AObserve (lobservateur, lobservation) VALUES(76,1407);
INSERT INTO AObserve (lobservateur, lobservation) VALUES(76,1408);
INSERT INTO AObserve (lobservateur, lobservation) VALUES(76,1409);
INSERT INTO AObserve (lobservateur, lobservation) VALUES(76,1410);
INSERT INTO AObserve (lobservateur, lobservation) VALUES(76,1411);
INSERT INTO AObserve (lobservateur, lobservation) VALUES(76,1412);
INSERT INTO AObserve (lobservateur, lobservation) VALUES(76,1413);
INSERT INTO AObserve (lobservateur, lobservation) VALUES(76,1414);
INSERT INTO AObserve (lobservateur, lobservation) VALUES(76,1415);
INSERT INTO AObserve (lobservateur, lobservation) VALUES(76,1416);
INSERT INTO AObserve (lobservateur, lobservation) VALUES(76,1417);
INSERT INTO AObserve (lobservateur, lobservation) VALUES(76,1418);
INSERT INTO AObserve (lobservateur, lobservation) VALUES(76,1419);
INSERT INTO AObserve (lobservateur, lobservation) VALUES(76,1420);
INSERT INTO AObserve (lobservateur, lobservation) VALUES(76,1421);
INSERT INTO AObserve (lobservateur, lobservation) VALUES(76,1422);
INSERT INTO AObserve (lobservateur, lobservation) VALUES(76,1423);
INSERT INTO AObserve (lobservateur, lobservation) VALUES(76,1424);
INSERT INTO AObserve (lobservateur, lobservation) VALUES(76,1425);
INSERT INTO AObserve (lobservateur, lobservation) VALUES(76,1426);
INSERT INTO AObserve (lobservateur, lobservation) VALUES(76,1427);
INSERT INTO AObserve (lobservateur, lobservation) VALUES(76,1428);
INSERT INTO AObserve (lobservateur, lobservation) VALUES(76,1429);
INSERT INTO AObserve (lobservateur, lobservation) VALUES(76,1430);
INSERT INTO AObserve (lobservateur, lobservation) VALUES(76,1431);
INSERT INTO AObserve (lobservateur, lobservation) VALUES(76,1432);
INSERT INTO AObserve (lobservateur, lobservation) VALUES(76,1433);
INSERT INTO AObserve (lobservateur, lobservation) VALUES(76,1434);
INSERT INTO AObserve (lobservateur, lobservation) VALUES(76,1435);
INSERT INTO AObserve (lobservateur, lobservation) VALUES(76,1436);
INSERT INTO AObserve (lobservateur, lobservation) VALUES(76,1437);
INSERT INTO AObserve (lobservateur, lobservation) VALUES(76,1438);
INSERT INTO AObserve (lobservateur, lobservation) VALUES(76,1439);
INSERT INTO AObserve (lobservateur, lobservation) VALUES(76,1440);
INSERT INTO AObserve (lobservateur, lobservation) VALUES(76,1441);
INSERT INTO AObserve (lobservateur, lobservation) VALUES(76,1442);
INSERT INTO AObserve (lobservateur, lobservation) VALUES(76,1443);
INSERT INTO AObserve (lobservateur, lobservation) VALUES(76,1444);
INSERT INTO AObserve (lobservateur, lobservation) VALUES(76,1445);
INSERT INTO AObserve (lobservateur, lobservation) VALUES(76,1446);
INSERT INTO AObserve (lobservateur, lobservation) VALUES(76,1447);
INSERT INTO AObserve (lobservateur, lobservation) VALUES(76,1448);
INSERT INTO AObserve (lobservateur, lobservation) VALUES(76,1449);
INSERT INTO AObserve (lobservateur, lobservation) VALUES(76,1450);
INSERT INTO AObserve (lobservateur, lobservation) VALUES(76,1451);
INSERT INTO AObserve (lobservateur, lobservation) VALUES(76,1452);
INSERT INTO AObserve (lobservateur, lobservation) VALUES(76,1453);
INSERT INTO AObserve (lobservateur, lobservation) VALUES(76,1454);
INSERT INTO AObserve (lobservateur, lobservation) VALUES(76,1455);
INSERT INTO AObserve (lobservateur, lobservation) VALUES(76,1456);
INSERT INTO AObserve (lobservateur, lobservation) VALUES(76,1457);
INSERT INTO AObserve (lobservateur, lobservation) VALUES(76,1458);
INSERT INTO AObserve (lobservateur, lobservation) VALUES(76,1459);
INSERT INTO AObserve (lobservateur, lobservation) VALUES(76,1460);
INSERT INTO AObserve (lobservateur, lobservation) VALUES(76,1461);
INSERT INTO AObserve (lobservateur, lobservation) VALUES(76,1462);
INSERT INTO AObserve (lobservateur, lobservation) VALUES(76,1463);
INSERT INTO AObserve (lobservateur, lobservation) VALUES(76,1464);
INSERT INTO AObserve (lobservateur, lobservation) VALUES(76,1465);
INSERT INTO AObserve (lobservateur, lobservation) VALUES(76,1466);
INSERT INTO AObserve (lobservateur, lobservation) VALUES(76,1467);
INSERT INTO AObserve (lobservateur, lobservation) VALUES(76,1468);
INSERT INTO AObserve (lobservateur, lobservation) VALUES(76,1469);
INSERT INTO AObserve (lobservateur, lobservation) VALUES(76,1470);
INSERT INTO AObserve (lobservateur, lobservation) VALUES(76,1471);
INSERT INTO AObserve (lobservateur, lobservation) VALUES(76,1472);
INSERT INTO AObserve (lobservateur, lobservation) VALUES(76,1473);
INSERT INTO AObserve (lobservateur, lobservation) VALUES(76,1474);
INSERT INTO AObserve (lobservateur, lobservation) VALUES(76,1475);
INSERT INTO AObserve (lobservateur, lobservation) VALUES(76,1476);
INSERT INTO AObserve (lobservateur, lobservation) VALUES(76,1477);
INSERT INTO AObserve (lobservateur, lobservation) VALUES(76,1478);
INSERT INTO AObserve (lobservateur, lobservation) VALUES(76,1479);
INSERT INTO AObserve (lobservateur, lobservation) VALUES(76,1480);
INSERT INTO AObserve (lobservateur, lobservation) VALUES(76,1481);
INSERT INTO AObserve (lobservateur, lobservation) VALUES(76,1482);
INSERT INTO AObserve (lobservateur, lobservation) VALUES(76,1483);
INSERT INTO AObserve (lobservateur, lobservation) VALUES(76,1484);
INSERT INTO AObserve (lobservateur, lobservation) VALUES(76,1485);
INSERT INTO AObserve (lobservateur, lobservation) VALUES(76,1486);
INSERT INTO AObserve (lobservateur, lobservation) VALUES(76,1487);
INSERT INTO AObserve (lobservateur, lobservation) VALUES(76,1488);
INSERT INTO AObserve (lobservateur, lobservation) VALUES(76,1489);
INSERT INTO AObserve (lobservateur, lobservation) VALUES(76,1490);
INSERT INTO AObserve (lobservateur, lobservation) VALUES(76,1491);
INSERT INTO AObserve (lobservateur, lobservation) VALUES(76,1492);
INSERT INTO AObserve (lobservateur, lobservation) VALUES(76,1493);
INSERT INTO AObserve (lobservateur, lobservation) VALUES(76,1494);
INSERT INTO AObserve (lobservateur, lobservation) VALUES(76,1495);
INSERT INTO AObserve (lobservateur, lobservation) VALUES(76,1496);
INSERT INTO AObserve (lobservateur, lobservation) VALUES(76,1497);
INSERT INTO AObserve (lobservateur, lobservation) VALUES(76,1498);
INSERT INTO AObserve (lobservateur, lobservation) VALUES(76,1499);
INSERT INTO AObserve (lobservateur, lobservation) VALUES(76,1500);
INSERT INTO AObserve (lobservateur, lobservation) VALUES(76,1501);
INSERT INTO AObserve (lobservateur, lobservation) VALUES(76,1502);
INSERT INTO AObserve (lobservateur, lobservation) VALUES(76,1503);
INSERT INTO AObserve (lobservateur, lobservation) VALUES(76,1504);
INSERT INTO AObserve (lobservateur, lobservation) VALUES(76,1505);
INSERT INTO AObserve (lobservateur, lobservation) VALUES(76,1506);
INSERT INTO AObserve (lobservateur, lobservation) VALUES(76,1507);
INSERT INTO AObserve (lobservateur, lobservation) VALUES(76,1508);
INSERT INTO AObserve (lobservateur, lobservation) VALUES(76,1509);
INSERT INTO AObserve (lobservateur, lobservation) VALUES(76,1510);
INSERT INTO AObserve (lobservateur, lobservation) VALUES(76,1511);
INSERT INTO AObserve (lobservateur, lobservation) VALUES(76,1512);
INSERT INTO AObserve (lobservateur, lobservation) VALUES(76,1513);
INSERT INTO AObserve (lobservateur, lobservation) VALUES(76,1514);
INSERT INTO AObserve (lobservateur, lobservation) VALUES(76,1515);
INSERT INTO AObserve (lobservateur, lobservation) VALUES(76,1516);
INSERT INTO AObserve (lobservateur, lobservation) VALUES(76,1517);
INSERT INTO AObserve (lobservateur, lobservation) VALUES(76,1518);
INSERT INTO AObserve (lobservateur, lobservation) VALUES(76,1519);
INSERT INTO AObserve (lobservateur, lobservation) VALUES(76,1520);
INSERT INTO AObserve (lobservateur, lobservation) VALUES(76,1521);
INSERT INTO AObserve (lobservateur, lobservation) VALUES(76,1522);
INSERT INTO AObserve (lobservateur, lobservation) VALUES(76,1523);
INSERT INTO AObserve (lobservateur, lobservation) VALUES(76,1524);
INSERT INTO AObserve (lobservateur, lobservation) VALUES(76,1525);
INSERT INTO AObserve (lobservateur, lobservation) VALUES(76,1526);
INSERT INTO AObserve (lobservateur, lobservation) VALUES(76,1527);
INSERT INTO AObserve (lobservateur, lobservation) VALUES(76,1528);
INSERT INTO AObserve (lobservateur, lobservation) VALUES(76,1529);
INSERT INTO AObserve (lobservateur, lobservation) VALUES(76,1530);
INSERT INTO AObserve (lobservateur, lobservation) VALUES(76,1531);
INSERT INTO AObserve (lobservateur, lobservation) VALUES(76,1532);
INSERT INTO AObserve (lobservateur, lobservation) VALUES(76,1533);
INSERT INTO AObserve (lobservateur, lobservation) VALUES(76,1534);
INSERT INTO AObserve (lobservateur, lobservation) VALUES(76,1535);
INSERT INTO AObserve (lobservateur, lobservation) VALUES(76,1536);
INSERT INTO AObserve (lobservateur, lobservation) VALUES(76,1537);
INSERT INTO AObserve (lobservateur, lobservation) VALUES(76,1538);
INSERT INTO AObserve (lobservateur, lobservation) VALUES(76,1539);
INSERT INTO AObserve (lobservateur, lobservation) VALUES(76,1540);
INSERT INTO AObserve (lobservateur, lobservation) VALUES(76,1541);
INSERT INTO AObserve (lobservateur, lobservation) VALUES(76,1542);
INSERT INTO AObserve (lobservateur, lobservation) VALUES(76,1543);
INSERT INTO AObserve (lobservateur, lobservation) VALUES(76,1544);
INSERT INTO AObserve (lobservateur, lobservation) VALUES(76,1545);
INSERT INTO AObserve (lobservateur, lobservation) VALUES(76,1546);
INSERT INTO AObserve (lobservateur, lobservation) VALUES(76,1547);
INSERT INTO AObserve (lobservateur, lobservation) VALUES(76,1548);
INSERT INTO AObserve (lobservateur, lobservation) VALUES(76,1549);
INSERT INTO AObserve (lobservateur, lobservation) VALUES(76,1550);
INSERT INTO AObserve (lobservateur, lobservation) VALUES(76,1551);
INSERT INTO AObserve (lobservateur, lobservation) VALUES(76,1552);
INSERT INTO AObserve (lobservateur, lobservation) VALUES(76,1553);
INSERT INTO AObserve (lobservateur, lobservation) VALUES(76,1554);
INSERT INTO AObserve (lobservateur, lobservation) VALUES(76,1555);
INSERT INTO AObserve (lobservateur, lobservation) VALUES(76,1556);
INSERT INTO AObserve (lobservateur, lobservation) VALUES(76,1557);
INSERT INTO AObserve (lobservateur, lobservation) VALUES(76,1558);
INSERT INTO AObserve (lobservateur, lobservation) VALUES(76,1559);
INSERT INTO AObserve (lobservateur, lobservation) VALUES(76,1560);
INSERT INTO AObserve (lobservateur, lobservation) VALUES(76,1561);
INSERT INTO AObserve (lobservateur, lobservation) VALUES(76,1562);
INSERT INTO AObserve (lobservateur, lobservation) VALUES(76,1563);
INSERT INTO AObserve (lobservateur, lobservation) VALUES(76,1564);
INSERT INTO AObserve (lobservateur, lobservation) VALUES(76,1565);
INSERT INTO AObserve (lobservateur, lobservation) VALUES(76,1566);
INSERT INTO AObserve (lobservateur, lobservation) VALUES(76,1567);
INSERT INTO AObserve (lobservateur, lobservation) VALUES(76,1568);
INSERT INTO AObserve (lobservateur, lobservation) VALUES(76,1569);
INSERT INTO AObserve (lobservateur, lobservation) VALUES(76,1570);
INSERT INTO AObserve (lobservateur, lobservation) VALUES(76,1571);
INSERT INTO AObserve (lobservateur, lobservation) VALUES(76,1572);
INSERT INTO AObserve (lobservateur, lobservation) VALUES(76,1573);
INSERT INTO AObserve (lobservateur, lobservation) VALUES(76,1574);
INSERT INTO AObserve (lobservateur, lobservation) VALUES(76,1575);
INSERT INTO AObserve (lobservateur, lobservation) VALUES(76,1576);
INSERT INTO AObserve (lobservateur, lobservation) VALUES(76,1577);
INSERT INTO AObserve (lobservateur, lobservation) VALUES(76,1578);
INSERT INTO AObserve (lobservateur, lobservation) VALUES(76,1579);
INSERT INTO AObserve (lobservateur, lobservation) VALUES(76,1580);
INSERT INTO AObserve (lobservateur, lobservation) VALUES(76,1581);
INSERT INTO AObserve (lobservateur, lobservation) VALUES(76,1582);
INSERT INTO AObserve (lobservateur, lobservation) VALUES(76,1583);
INSERT INTO AObserve (lobservateur, lobservation) VALUES(76,1584);
INSERT INTO AObserve (lobservateur, lobservation) VALUES(76,1585);
INSERT INTO AObserve (lobservateur, lobservation) VALUES(76,1586);
INSERT INTO AObserve (lobservateur, lobservation) VALUES(76,1587);
INSERT INTO AObserve (lobservateur, lobservation) VALUES(76,1588);
INSERT INTO AObserve (lobservateur, lobservation) VALUES(76,1589);
INSERT INTO AObserve (lobservateur, lobservation) VALUES(76,1590);
INSERT INTO AObserve (lobservateur, lobservation) VALUES(76,1591);
INSERT INTO AObserve (lobservateur, lobservation) VALUES(76,1592);
INSERT INTO AObserve (lobservateur, lobservation) VALUES(76,1593);
INSERT INTO AObserve (lobservateur, lobservation) VALUES(76,1594);
INSERT INTO AObserve (lobservateur, lobservation) VALUES(76,1595);
INSERT INTO AObserve (lobservateur, lobservation) VALUES(76,1596);
INSERT INTO AObserve (lobservateur, lobservation) VALUES(76,1597);
INSERT INTO AObserve (lobservateur, lobservation) VALUES(76,1598);
INSERT INTO AObserve (lobservateur, lobservation) VALUES(76,1599);
INSERT INTO AObserve (lobservateur, lobservation) VALUES(76,1600);
INSERT INTO AObserve (lobservateur, lobservation) VALUES(76,1601);
INSERT INTO AObserve (lobservateur, lobservation) VALUES(76,1602);
INSERT INTO AObserve (lobservateur, lobservation) VALUES(76,1603);
INSERT INTO AObserve (lobservateur, lobservation) VALUES(76,1604);
INSERT INTO AObserve (lobservateur, lobservation) VALUES(76,1605);
INSERT INTO AObserve (lobservateur, lobservation) VALUES(76,1606);
INSERT INTO AObserve (lobservateur, lobservation) VALUES(76,1607);
INSERT INTO AObserve (lobservateur, lobservation) VALUES(76,1608);
INSERT INTO AObserve (lobservateur, lobservation) VALUES(76,1609);
INSERT INTO AObserve (lobservateur, lobservation) VALUES(76,1610);
INSERT INTO AObserve (lobservateur, lobservation) VALUES(76,1611);
INSERT INTO AObserve (lobservateur, lobservation) VALUES(76,1612);
INSERT INTO AObserve (lobservateur, lobservation) VALUES(76,1613);
INSERT INTO AObserve (lobservateur, lobservation) VALUES(76,1614);
INSERT INTO AObserve (lobservateur, lobservation) VALUES(76,1615);
INSERT INTO AObserve (lobservateur, lobservation) VALUES(76,1616);
INSERT INTO AObserve (lobservateur, lobservation) VALUES(76,1617);
INSERT INTO AObserve (lobservateur, lobservation) VALUES(76,1618);
INSERT INTO AObserve (lobservateur, lobservation) VALUES(76,1619);
INSERT INTO AObserve (lobservateur, lobservation) VALUES(76,1620);
INSERT INTO AObserve (lobservateur, lobservation) VALUES(76,1621);
INSERT INTO AObserve (lobservateur, lobservation) VALUES(76,1622);
INSERT INTO AObserve (lobservateur, lobservation) VALUES(76,1623);
INSERT INTO AObserve (lobservateur, lobservation) VALUES(76,1624);
INSERT INTO AObserve (lobservateur, lobservation) VALUES(76,1625);
INSERT INTO AObserve (lobservateur, lobservation) VALUES(76,1626);
INSERT INTO AObserve (lobservateur, lobservation) VALUES(76,1627);
INSERT INTO AObserve (lobservateur, lobservation) VALUES(76,1628);
INSERT INTO AObserve (lobservateur, lobservation) VALUES(76,1629);
INSERT INTO AObserve (lobservateur, lobservation) VALUES(76,1630);
INSERT INTO AObserve (lobservateur, lobservation) VALUES(76,1631);
INSERT INTO AObserve (lobservateur, lobservation) VALUES(76,1632);
INSERT INTO AObserve (lobservateur, lobservation) VALUES(76,1633);
INSERT INTO AObserve (lobservateur, lobservation) VALUES(76,1634);
INSERT INTO AObserve (lobservateur, lobservation) VALUES(76,1635);
INSERT INTO AObserve (lobservateur, lobservation) VALUES(76,1636);
INSERT INTO AObserve (lobservateur, lobservation) VALUES(76,1637);
INSERT INTO AObserve (lobservateur, lobservation) VALUES(76,1638);
INSERT INTO AObserve (lobservateur, lobservation) VALUES(76,1639);
INSERT INTO AObserve (lobservateur, lobservation) VALUES(76,1640);
INSERT INTO AObserve (lobservateur, lobservation) VALUES(76,1641);
INSERT INTO AObserve (lobservateur, lobservation) VALUES(76,1642);
INSERT INTO AObserve (lobservateur, lobservation) VALUES(76,1643);
INSERT INTO AObserve (lobservateur, lobservation) VALUES(76,1644);
INSERT INTO AObserve (lobservateur, lobservation) VALUES(76,1645);
INSERT INTO AObserve (lobservateur, lobservation) VALUES(76,1646);
INSERT INTO AObserve (lobservateur, lobservation) VALUES(76,1647);
INSERT INTO AObserve (lobservateur, lobservation) VALUES(76,1648);
INSERT INTO AObserve (lobservateur, lobservation) VALUES(76,1649);
INSERT INTO AObserve (lobservateur, lobservation) VALUES(76,1650);
INSERT INTO AObserve (lobservateur, lobservation) VALUES(76,1651);
INSERT INTO AObserve (lobservateur, lobservation) VALUES(76,1652);
INSERT INTO AObserve (lobservateur, lobservation) VALUES(76,1653);
INSERT INTO AObserve (lobservateur, lobservation) VALUES(76,1654);
INSERT INTO AObserve (lobservateur, lobservation) VALUES(76,1655);
INSERT INTO AObserve (lobservateur, lobservation) VALUES(76,1656);
INSERT INTO AObserve (lobservateur, lobservation) VALUES(76,1657);
INSERT INTO AObserve (lobservateur, lobservation) VALUES(76,1658);
INSERT INTO AObserve (lobservateur, lobservation) VALUES(76,1659);
INSERT INTO AObserve (lobservateur, lobservation) VALUES(76,1660);
INSERT INTO AObserve (lobservateur, lobservation) VALUES(76,1661);
INSERT INTO AObserve (lobservateur, lobservation) VALUES(76,1662);
INSERT INTO AObserve (lobservateur, lobservation) VALUES(76,1663);
INSERT INTO AObserve (lobservateur, lobservation) VALUES(76,1664);
INSERT INTO AObserve (lobservateur, lobservation) VALUES(76,1665);
INSERT INTO AObserve (lobservateur, lobservation) VALUES(76,1666);
INSERT INTO AObserve (lobservateur, lobservation) VALUES(76,1667);
INSERT INTO AObserve (lobservateur, lobservation) VALUES(76,1668);
INSERT INTO AObserve (lobservateur, lobservation) VALUES(76,1669);
INSERT INTO AObserve (lobservateur, lobservation) VALUES(76,1670);
INSERT INTO AObserve (lobservateur, lobservation) VALUES(76,1671);
INSERT INTO AObserve (lobservateur, lobservation) VALUES(76,1672);
INSERT INTO AObserve (lobservateur, lobservation) VALUES(76,1673);
INSERT INTO AObserve (lobservateur, lobservation) VALUES(76,1674);
INSERT INTO AObserve (lobservateur, lobservation) VALUES(76,1675);
INSERT INTO AObserve (lobservateur, lobservation) VALUES(76,1676);
INSERT INTO AObserve (lobservateur, lobservation) VALUES(76,1677);
INSERT INTO AObserve (lobservateur, lobservation) VALUES(76,1678);
INSERT INTO AObserve (lobservateur, lobservation) VALUES(76,1679);
INSERT INTO AObserve (lobservateur, lobservation) VALUES(76,1680);
INSERT INTO AObserve (lobservateur, lobservation) VALUES(76,1681);
INSERT INTO AObserve (lobservateur, lobservation) VALUES(76,1682);
INSERT INTO AObserve (lobservateur, lobservation) VALUES(76,1683);
INSERT INTO AObserve (lobservateur, lobservation) VALUES(76,1684);
INSERT INTO AObserve (lobservateur, lobservation) VALUES(76,1685);
INSERT INTO AObserve (lobservateur, lobservation) VALUES(76,1686);
INSERT INTO AObserve (lobservateur, lobservation) VALUES(76,1687);
INSERT INTO AObserve (lobservateur, lobservation) VALUES(76,1688);
INSERT INTO AObserve (lobservateur, lobservation) VALUES(76,1689);
INSERT INTO AObserve (lobservateur, lobservation) VALUES(76,1690);
INSERT INTO AObserve (lobservateur, lobservation) VALUES(76,1691);
INSERT INTO AObserve (lobservateur, lobservation) VALUES(76,1692);
INSERT INTO AObserve (lobservateur, lobservation) VALUES(76,1693);
INSERT INTO AObserve (lobservateur, lobservation) VALUES(76,1694);
INSERT INTO AObserve (lobservateur, lobservation) VALUES(76,1695);
INSERT INTO AObserve (lobservateur, lobservation) VALUES(76,1696);
INSERT INTO AObserve (lobservateur, lobservation) VALUES(76,1697);
INSERT INTO AObserve (lobservateur, lobservation) VALUES(76,1698);
INSERT INTO AObserve (lobservateur, lobservation) VALUES(76,1699);
INSERT INTO AObserve (lobservateur, lobservation) VALUES(76,1700);
INSERT INTO AObserve (lobservateur, lobservation) VALUES(76,1701);
INSERT INTO AObserve (lobservateur, lobservation) VALUES(76,1702);
INSERT INTO AObserve (lobservateur, lobservation) VALUES(76,1703);
INSERT INTO AObserve (lobservateur, lobservation) VALUES(76,1704);
INSERT INTO AObserve (lobservateur, lobservation) VALUES(76,1705);
INSERT INTO AObserve (lobservateur, lobservation) VALUES(76,1706);
INSERT INTO AObserve (lobservateur, lobservation) VALUES(76,1707);
INSERT INTO AObserve (lobservateur, lobservation) VALUES(76,1708);
INSERT INTO AObserve (lobservateur, lobservation) VALUES(76,1709);
INSERT INTO AObserve (lobservateur, lobservation) VALUES(76,1710);
INSERT INTO AObserve (lobservateur, lobservation) VALUES(76,1711);
INSERT INTO AObserve (lobservateur, lobservation) VALUES(76,1712);
INSERT INTO AObserve (lobservateur, lobservation) VALUES(76,1713);
INSERT INTO AObserve (lobservateur, lobservation) VALUES(76,1714);
INSERT INTO AObserve (lobservateur, lobservation) VALUES(76,1715);
INSERT INTO AObserve (lobservateur, lobservation) VALUES(76,1716);
INSERT INTO AObserve (lobservateur, lobservation) VALUES(76,1717);
INSERT INTO AObserve (lobservateur, lobservation) VALUES(76,1718);
INSERT INTO AObserve (lobservateur, lobservation) VALUES(76,1719);
INSERT INTO AObserve (lobservateur, lobservation) VALUES(76,1720);
INSERT INTO AObserve (lobservateur, lobservation) VALUES(76,1721);
INSERT INTO AObserve (lobservateur, lobservation) VALUES(76,1722);
INSERT INTO AObserve (lobservateur, lobservation) VALUES(76,1723);
INSERT INTO AObserve (lobservateur, lobservation) VALUES(76,1724);
INSERT INTO AObserve (lobservateur, lobservation) VALUES(76,1725);
INSERT INTO AObserve (lobservateur, lobservation) VALUES(76,1726);
INSERT INTO AObserve (lobservateur, lobservation) VALUES(76,1727);
INSERT INTO AObserve (lobservateur, lobservation) VALUES(76,1728);
INSERT INTO AObserve (lobservateur, lobservation) VALUES(76,1729);
INSERT INTO AObserve (lobservateur, lobservation) VALUES(76,1730);
INSERT INTO AObserve (lobservateur, lobservation) VALUES(76,1731);
INSERT INTO AObserve (lobservateur, lobservation) VALUES(76,1732);
INSERT INTO AObserve (lobservateur, lobservation) VALUES(76,1733);
INSERT INTO AObserve (lobservateur, lobservation) VALUES(76,1734);
INSERT INTO AObserve (lobservateur, lobservation) VALUES(76,1735);
INSERT INTO AObserve (lobservateur, lobservation) VALUES(76,1736);
INSERT INTO AObserve (lobservateur, lobservation) VALUES(76,1737);
INSERT INTO AObserve (lobservateur, lobservation) VALUES(76,1738);
INSERT INTO AObserve (lobservateur, lobservation) VALUES(76,1739);
INSERT INTO AObserve (lobservateur, lobservation) VALUES(76,1740);
INSERT INTO AObserve (lobservateur, lobservation) VALUES(76,1741);
INSERT INTO AObserve (lobservateur, lobservation) VALUES(76,1742);
INSERT INTO AObserve (lobservateur, lobservation) VALUES(76,1743);
INSERT INTO AObserve (lobservateur, lobservation) VALUES(76,1744);
INSERT INTO AObserve (lobservateur, lobservation) VALUES(76,1745);
INSERT INTO AObserve (lobservateur, lobservation) VALUES(76,1746);
INSERT INTO AObserve (lobservateur, lobservation) VALUES(76,1747);
INSERT INTO AObserve (lobservateur, lobservation) VALUES(76,1748);
INSERT INTO AObserve (lobservateur, lobservation) VALUES(76,1749);
INSERT INTO AObserve (lobservateur, lobservation) VALUES(76,1750);
INSERT INTO AObserve (lobservateur, lobservation) VALUES(76,1751);
INSERT INTO AObserve (lobservateur, lobservation) VALUES(76,1752);
INSERT INTO AObserve (lobservateur, lobservation) VALUES(76,1753);
INSERT INTO AObserve (lobservateur, lobservation) VALUES(76,1754);
INSERT INTO AObserve (lobservateur, lobservation) VALUES(76,1755);
INSERT INTO AObserve (lobservateur, lobservation) VALUES(76,1756);
INSERT INTO AObserve (lobservateur, lobservation) VALUES(76,1757);
INSERT INTO AObserve (lobservateur, lobservation) VALUES(76,1758);
INSERT INTO AObserve (lobservateur, lobservation) VALUES(76,1759);
INSERT INTO AObserve (lobservateur, lobservation) VALUES(76,1760);
INSERT INTO AObserve (lobservateur, lobservation) VALUES(76,1761);
INSERT INTO AObserve (lobservateur, lobservation) VALUES(76,1762);
INSERT INTO AObserve (lobservateur, lobservation) VALUES(76,1763);
INSERT INTO AObserve (lobservateur, lobservation) VALUES(76,1764);
INSERT INTO AObserve (lobservateur, lobservation) VALUES(76,1765);
INSERT INTO AObserve (lobservateur, lobservation) VALUES(76,1766);
INSERT INTO AObserve (lobservateur, lobservation) VALUES(76,1767);
INSERT INTO AObserve (lobservateur, lobservation) VALUES(76,1768);
INSERT INTO AObserve (lobservateur, lobservation) VALUES(76,1769);
INSERT INTO AObserve (lobservateur, lobservation) VALUES(76,1770);
INSERT INTO AObserve (lobservateur, lobservation) VALUES(76,1771);
INSERT INTO AObserve (lobservateur, lobservation) VALUES(76,1772);
INSERT INTO AObserve (lobservateur, lobservation) VALUES(76,1773);
INSERT INTO AObserve (lobservateur, lobservation) VALUES(76,1774);
INSERT INTO AObserve (lobservateur, lobservation) VALUES(76,1775);
INSERT INTO AObserve (lobservateur, lobservation) VALUES(76,1776);
INSERT INTO AObserve (lobservateur, lobservation) VALUES(76,1777);
INSERT INTO AObserve (lobservateur, lobservation) VALUES(76,1778);
INSERT INTO AObserve (lobservateur, lobservation) VALUES(76,1779);
INSERT INTO AObserve (lobservateur, lobservation) VALUES(76,1780);
INSERT INTO AObserve (lobservateur, lobservation) VALUES(76,1781);
INSERT INTO AObserve (lobservateur, lobservation) VALUES(76,1782);
INSERT INTO AObserve (lobservateur, lobservation) VALUES(76,1783);
INSERT INTO AObserve (lobservateur, lobservation) VALUES(76,1784);
INSERT INTO AObserve (lobservateur, lobservation) VALUES(76,1785);
INSERT INTO AObserve (lobservateur, lobservation) VALUES(76,1786);
INSERT INTO AObserve (lobservateur, lobservation) VALUES(76,1787);
INSERT INTO AObserve (lobservateur, lobservation) VALUES(76,1788);
INSERT INTO AObserve (lobservateur, lobservation) VALUES(76,1789);
INSERT INTO AObserve (lobservateur, lobservation) VALUES(76,1790);
INSERT INTO AObserve (lobservateur, lobservation) VALUES(76,1791);
INSERT INTO AObserve (lobservateur, lobservation) VALUES(76,1792);
INSERT INTO AObserve (lobservateur, lobservation) VALUES(76,1793);
INSERT INTO AObserve (lobservateur, lobservation) VALUES(76,1794);
INSERT INTO AObserve (lobservateur, lobservation) VALUES(76,1795);
INSERT INTO AObserve (lobservateur, lobservation) VALUES(76,1796);
INSERT INTO AObserve (lobservateur, lobservation) VALUES(76,1797);
INSERT INTO AObserve (lobservateur, lobservation) VALUES(76,1798);
INSERT INTO AObserve (lobservateur, lobservation) VALUES(76,1799);
INSERT INTO AObserve (lobservateur, lobservation) VALUES(76,1800);
INSERT INTO AObserve (lobservateur, lobservation) VALUES(76,1801);
INSERT INTO AObserve (lobservateur, lobservation) VALUES(76,1802);
INSERT INTO AObserve (lobservateur, lobservation) VALUES(76,1803);
INSERT INTO AObserve (lobservateur, lobservation) VALUES(76,1804);
INSERT INTO AObserve (lobservateur, lobservation) VALUES(76,1805);
INSERT INTO AObserve (lobservateur, lobservation) VALUES(76,1806);
INSERT INTO AObserve (lobservateur, lobservation) VALUES(76,1807);
INSERT INTO AObserve (lobservateur, lobservation) VALUES(76,1808);
INSERT INTO AObserve (lobservateur, lobservation) VALUES(76,1809);
INSERT INTO AObserve (lobservateur, lobservation) VALUES(76,1810);
INSERT INTO AObserve (lobservateur, lobservation) VALUES(76,1811);
INSERT INTO AObserve (lobservateur, lobservation) VALUES(76,1812);
INSERT INTO AObserve (lobservateur, lobservation) VALUES(76,1813);
INSERT INTO AObserve (lobservateur, lobservation) VALUES(76,1814);
INSERT INTO AObserve (lobservateur, lobservation) VALUES(76,1815);
INSERT INTO AObserve (lobservateur, lobservation) VALUES(76,1816);
INSERT INTO AObserve (lobservateur, lobservation) VALUES(76,1817);
INSERT INTO AObserve (lobservateur, lobservation) VALUES(76,1818);
INSERT INTO AObserve (lobservateur, lobservation) VALUES(76,1819);
INSERT INTO AObserve (lobservateur, lobservation) VALUES(76,1820);
INSERT INTO AObserve (lobservateur, lobservation) VALUES(76,1821);
INSERT INTO AObserve (lobservateur, lobservation) VALUES(76,1822);
INSERT INTO AObserve (lobservateur, lobservation) VALUES(76,1823);
INSERT INTO AObserve (lobservateur, lobservation) VALUES(76,1824);
INSERT INTO AObserve (lobservateur, lobservation) VALUES(76,1825);
INSERT INTO AObserve (lobservateur, lobservation) VALUES(76,1826);
INSERT INTO AObserve (lobservateur, lobservation) VALUES(76,1827);
INSERT INTO AObserve (lobservateur, lobservation) VALUES(76,1828);
INSERT INTO AObserve (lobservateur, lobservation) VALUES(76,1829);
INSERT INTO AObserve (lobservateur, lobservation) VALUES(76,1830);
INSERT INTO AObserve (lobservateur, lobservation) VALUES(76,1831);
INSERT INTO AObserve (lobservateur, lobservation) VALUES(76,1832);
INSERT INTO AObserve (lobservateur, lobservation) VALUES(76,1833);
INSERT INTO AObserve (lobservateur, lobservation) VALUES(76,1834);
INSERT INTO AObserve (lobservateur, lobservation) VALUES(76,1835);
INSERT INTO AObserve (lobservateur, lobservation) VALUES(76,1836);
INSERT INTO AObserve (lobservateur, lobservation) VALUES(76,1837);
INSERT INTO AObserve (lobservateur, lobservation) VALUES(76,1838);
INSERT INTO AObserve (lobservateur, lobservation) VALUES(76,1839);
INSERT INTO AObserve (lobservateur, lobservation) VALUES(76,1840);
INSERT INTO AObserve (lobservateur, lobservation) VALUES(76,1841);
INSERT INTO AObserve (lobservateur, lobservation) VALUES(76,1842);
INSERT INTO AObserve (lobservateur, lobservation) VALUES(76,1843);
INSERT INTO AObserve (lobservateur, lobservation) VALUES(76,1844);
INSERT INTO AObserve (lobservateur, lobservation) VALUES(76,1845);
INSERT INTO AObserve (lobservateur, lobservation) VALUES(76,1846);
INSERT INTO AObserve (lobservateur, lobservation) VALUES(76,1847);
INSERT INTO AObserve (lobservateur, lobservation) VALUES(76,1848);
INSERT INTO AObserve (lobservateur, lobservation) VALUES(76,1849);
INSERT INTO AObserve (lobservateur, lobservation) VALUES(76,1850);
INSERT INTO AObserve (lobservateur, lobservation) VALUES(76,1851);
INSERT INTO AObserve (lobservateur, lobservation) VALUES(76,1852);
INSERT INTO AObserve (lobservateur, lobservation) VALUES(76,1853);
INSERT INTO AObserve (lobservateur, lobservation) VALUES(76,1854);
INSERT INTO AObserve (lobservateur, lobservation) VALUES(76,1855);
INSERT INTO AObserve (lobservateur, lobservation) VALUES(76,1856);
INSERT INTO AObserve (lobservateur, lobservation) VALUES(76,1857);
INSERT INTO AObserve (lobservateur, lobservation) VALUES(76,1858);
INSERT INTO AObserve (lobservateur, lobservation) VALUES(76,1859);
INSERT INTO AObserve (lobservateur, lobservation) VALUES(76,1860);
INSERT INTO AObserve (lobservateur, lobservation) VALUES(76,1861);
INSERT INTO AObserve (lobservateur, lobservation) VALUES(76,1862);
INSERT INTO AObserve (lobservateur, lobservation) VALUES(76,1863);
INSERT INTO AObserve (lobservateur, lobservation) VALUES(76,1864);
INSERT INTO AObserve (lobservateur, lobservation) VALUES(76,1865);
INSERT INTO AObserve (lobservateur, lobservation) VALUES(76,1866);
INSERT INTO AObserve (lobservateur, lobservation) VALUES(76,1867);
INSERT INTO AObserve (lobservateur, lobservation) VALUES(76,1868);
-- Joel BULOT
INSERT INTO AObserve (lobservateur, lobservation) VALUES(76,1870);
INSERT INTO AObserve (lobservateur, lobservation) VALUES(76,1871);
INSERT INTO AObserve (lobservateur, lobservation) VALUES(76,1872);
-- C.DELORME
INSERT INTO AObserve (lobservateur, lobservation) VALUES(76,1874);
INSERT INTO AObserve (lobservateur, lobservation) VALUES(76,1875);
INSERT INTO AObserve (lobservateur, lobservation) VALUES(76,1876);
INSERT INTO AObserve (lobservateur, lobservation) VALUES(76,1877);
INSERT INTO AObserve (lobservateur, lobservation) VALUES(76,1878);
INSERT INTO AObserve (lobservateur, lobservation) VALUES(76,1879);
INSERT INTO AObserve (lobservateur, lobservation) VALUES(76,1880);
INSERT INTO AObserve (lobservateur, lobservation) VALUES(76,1881);
INSERT INTO AObserve (lobservateur, lobservation) VALUES(76,1882);
INSERT INTO AObserve (lobservateur, lobservation) VALUES(76,1883);
INSERT INTO AObserve (lobservateur, lobservation) VALUES(76,1884);
INSERT INTO AObserve (lobservateur, lobservation) VALUES(76,1885);
INSERT INTO AObserve (lobservateur, lobservation) VALUES(76,1886);
INSERT INTO AObserve (lobservateur, lobservation) VALUES(76,1887);
INSERT INTO AObserve (lobservateur, lobservation) VALUES(76,1888);
INSERT INTO AObserve (lobservateur, lobservation) VALUES(76,1889);
INSERT INTO AObserve (lobservateur, lobservation) VALUES(76,1890);
INSERT INTO AObserve (lobservateur, lobservation) VALUES(76,1891);
INSERT INTO AObserve (lobservateur, lobservation) VALUES(76,1892);
INSERT INTO AObserve (lobservateur, lobservation) VALUES(76,1893);
INSERT INTO AObserve (lobservateur, lobservation) VALUES(76,1894);
INSERT INTO AObserve (lobservateur, lobservation) VALUES(76,1895);
INSERT INTO AObserve (lobservateur, lobservation) VALUES(76,1896);
INSERT INTO AObserve (lobservateur, lobservation) VALUES(76,1897);
INSERT INTO AObserve (lobservateur, lobservation) VALUES(76,1898);
INSERT INTO AObserve (lobservateur, lobservation) VALUES(76,1899);
INSERT INTO AObserve (lobservateur, lobservation) VALUES(76,1900);
INSERT INTO AObserve (lobservateur, lobservation) VALUES(76,1901);
INSERT INTO AObserve (lobservateur, lobservation) VALUES(76,1902);
INSERT INTO AObserve (lobservateur, lobservation) VALUES(76,1903);
INSERT INTO AObserve (lobservateur, lobservation) VALUES(76,1904);
INSERT INTO AObserve (lobservateur, lobservation) VALUES(76,1905);
INSERT INTO AObserve (lobservateur, lobservation) VALUES(76,1906);
INSERT INTO AObserve (lobservateur, lobservation) VALUES(76,1907);
INSERT INTO AObserve (lobservateur, lobservation) VALUES(76,1908);
INSERT INTO AObserve (lobservateur, lobservation) VALUES(76,1909);
INSERT INTO AObserve (lobservateur, lobservation) VALUES(76,1910);
INSERT INTO AObserve (lobservateur, lobservation) VALUES(76,1911);
INSERT INTO AObserve (lobservateur, lobservation) VALUES(76,1912);
INSERT INTO AObserve (lobservateur, lobservation) VALUES(76,1913);
INSERT INTO AObserve (lobservateur, lobservation) VALUES(76,1914);
INSERT INTO AObserve (lobservateur, lobservation) VALUES(76,1915);
INSERT INTO AObserve (lobservateur, lobservation) VALUES(76,1916);
INSERT INTO AObserve (lobservateur, lobservation) VALUES(76,1917);
INSERT INTO AObserve (lobservateur, lobservation) VALUES(76,1918);
INSERT INTO AObserve (lobservateur, lobservation) VALUES(76,1919);
INSERT INTO AObserve (lobservateur, lobservation) VALUES(76,1920);
INSERT INTO AObserve (lobservateur, lobservation) VALUES(76,1921);
INSERT INTO AObserve (lobservateur, lobservation) VALUES(76,1922);
INSERT INTO AObserve (lobservateur, lobservation) VALUES(76,1923);
INSERT INTO AObserve (lobservateur, lobservation) VALUES(76,1924);
INSERT INTO AObserve (lobservateur, lobservation) VALUES(76,1925);
INSERT INTO AObserve (lobservateur, lobservation) VALUES(76,1926);
INSERT INTO AObserve (lobservateur, lobservation) VALUES(76,1927);
INSERT INTO AObserve (lobservateur, lobservation) VALUES(76,1928);
INSERT INTO AObserve (lobservateur, lobservation) VALUES(76,1929);
INSERT INTO AObserve (lobservateur, lobservation) VALUES(76,1930);
INSERT INTO AObserve (lobservateur, lobservation) VALUES(76,1931);
INSERT INTO AObserve (lobservateur, lobservation) VALUES(76,1932);
INSERT INTO AObserve (lobservateur, lobservation) VALUES(76,1933);
INSERT INTO AObserve (lobservateur, lobservation) VALUES(76,1934);
INSERT INTO AObserve (lobservateur, lobservation) VALUES(76,1935);
INSERT INTO AObserve (lobservateur, lobservation) VALUES(76,1936);
INSERT INTO AObserve (lobservateur, lobservation) VALUES(76,1937);
INSERT INTO AObserve (lobservateur, lobservation) VALUES(76,1938);
INSERT INTO AObserve (lobservateur, lobservation) VALUES(76,1939);
INSERT INTO AObserve (lobservateur, lobservation) VALUES(76,1940);
INSERT INTO AObserve (lobservateur, lobservation) VALUES(76,1941);
INSERT INTO AObserve (lobservateur, lobservation) VALUES(76,1942);
INSERT INTO AObserve (lobservateur, lobservation) VALUES(76,1943);
INSERT INTO AObserve (lobservateur, lobservation) VALUES(76,1944);
INSERT INTO AObserve (lobservateur, lobservation) VALUES(76,1945);
INSERT INTO AObserve (lobservateur, lobservation) VALUES(76,1946);
INSERT INTO AObserve (lobservateur, lobservation) VALUES(76,1947);
INSERT INTO AObserve (lobservateur, lobservation) VALUES(76,1948);
INSERT INTO AObserve (lobservateur, lobservation) VALUES(76,1949);
INSERT INTO AObserve (lobservateur, lobservation) VALUES(76,1950);
INSERT INTO AObserve (lobservateur, lobservation) VALUES(76,1951);
INSERT INTO AObserve (lobservateur, lobservation) VALUES(76,1952);
INSERT INTO AObserve (lobservateur, lobservation) VALUES(76,1953);
INSERT INTO AObserve (lobservateur, lobservation) VALUES(76,1954);
INSERT INTO AObserve (lobservateur, lobservation) VALUES(76,1955);
INSERT INTO AObserve (lobservateur, lobservation) VALUES(76,1956);
INSERT INTO AObserve (lobservateur, lobservation) VALUES(76,1957);
INSERT INTO AObserve (lobservateur, lobservation) VALUES(76,1958);
INSERT INTO AObserve (lobservateur, lobservation) VALUES(76,1959);
INSERT INTO AObserve (lobservateur, lobservation) VALUES(76,1960);
INSERT INTO AObserve (lobservateur, lobservation) VALUES(76,1961);
INSERT INTO AObserve (lobservateur, lobservation) VALUES(76,1962);
INSERT INTO AObserve (lobservateur, lobservation) VALUES(76,1963);
INSERT INTO AObserve (lobservateur, lobservation) VALUES(76,1964);
INSERT INTO AObserve (lobservateur, lobservation) VALUES(76,1965);
INSERT INTO AObserve (lobservateur, lobservation) VALUES(76,1966);
INSERT INTO AObserve (lobservateur, lobservation) VALUES(76,1967);
INSERT INTO AObserve (lobservateur, lobservation) VALUES(76,1968);
INSERT INTO AObserve (lobservateur, lobservation) VALUES(76,1969);
INSERT INTO AObserve (lobservateur, lobservation) VALUES(76,1970);
INSERT INTO AObserve (lobservateur, lobservation) VALUES(76,1971);
INSERT INTO AObserve (lobservateur, lobservation) VALUES(76,1972);
INSERT INTO AObserve (lobservateur, lobservation) VALUES(76,1973);
INSERT INTO AObserve (lobservateur, lobservation) VALUES(76,1974);
INSERT INTO AObserve (lobservateur, lobservation) VALUES(76,1975);
INSERT INTO AObserve (lobservateur, lobservation) VALUES(76,1976);
INSERT INTO AObserve (lobservateur, lobservation) VALUES(76,1977);
INSERT INTO AObserve (lobservateur, lobservation) VALUES(76,1978);
INSERT INTO AObserve (lobservateur, lobservation) VALUES(76,1979);
INSERT INTO AObserve (lobservateur, lobservation) VALUES(76,1980);
INSERT INTO AObserve (lobservateur, lobservation) VALUES(76,1981);
INSERT INTO AObserve (lobservateur, lobservation) VALUES(76,1982);
INSERT INTO AObserve (lobservateur, lobservation) VALUES(76,1983);
INSERT INTO AObserve (lobservateur, lobservation) VALUES(76,1984);
INSERT INTO AObserve (lobservateur, lobservation) VALUES(76,1985);
INSERT INTO AObserve (lobservateur, lobservation) VALUES(76,1986);
INSERT INTO AObserve (lobservateur, lobservation) VALUES(76,1987);
INSERT INTO AObserve (lobservateur, lobservation) VALUES(76,1988);
INSERT INTO AObserve (lobservateur, lobservation) VALUES(76,1989);
INSERT INTO AObserve (lobservateur, lobservation) VALUES(76,1990);
INSERT INTO AObserve (lobservateur, lobservation) VALUES(76,1991);
INSERT INTO AObserve (lobservateur, lobservation) VALUES(76,1992);
INSERT INTO AObserve (lobservateur, lobservation) VALUES(76,1993);
INSERT INTO AObserve (lobservateur, lobservation) VALUES(76,1994);
INSERT INTO AObserve (lobservateur, lobservation) VALUES(76,1995);
INSERT INTO AObserve (lobservateur, lobservation) VALUES(76,1996);
INSERT INTO AObserve (lobservateur, lobservation) VALUES(76,1997);
INSERT INTO AObserve (lobservateur, lobservation) VALUES(76,1998);
INSERT INTO AObserve (lobservateur, lobservation) VALUES(76,1999);
INSERT INTO AObserve (lobservateur, lobservation) VALUES(76,2000);
INSERT INTO AObserve (lobservateur, lobservation) VALUES(76,2001);
INSERT INTO AObserve (lobservateur, lobservation) VALUES(76,2002);
INSERT INTO AObserve (lobservateur, lobservation) VALUES(76,2003);
INSERT INTO AObserve (lobservateur, lobservation) VALUES(76,2004);
INSERT INTO AObserve (lobservateur, lobservation) VALUES(76,2005);
INSERT INTO AObserve (lobservateur, lobservation) VALUES(76,2006);
INSERT INTO AObserve (lobservateur, lobservation) VALUES(76,2007);
INSERT INTO AObserve (lobservateur, lobservation) VALUES(76,2008);
INSERT INTO AObserve (lobservateur, lobservation) VALUES(76,2009);
INSERT INTO AObserve (lobservateur, lobservation) VALUES(76,2010);
INSERT INTO AObserve (lobservateur, lobservation) VALUES(76,2011);
INSERT INTO AObserve (lobservateur, lobservation) VALUES(76,2012);
INSERT INTO AObserve (lobservateur, lobservation) VALUES(76,2013);
INSERT INTO AObserve (lobservateur, lobservation) VALUES(76,2014);
INSERT INTO AObserve (lobservateur, lobservation) VALUES(76,2015);
INSERT INTO AObserve (lobservateur, lobservation) VALUES(76,2016);
INSERT INTO AObserve (lobservateur, lobservation) VALUES(76,2017);
INSERT INTO AObserve (lobservateur, lobservation) VALUES(76,2018);
INSERT INTO AObserve (lobservateur, lobservation) VALUES(76,2019);
INSERT INTO AObserve (lobservateur, lobservation) VALUES(76,2020);
INSERT INTO AObserve (lobservateur, lobservation) VALUES(76,2021);
INSERT INTO AObserve (lobservateur, lobservation) VALUES(76,2022);
INSERT INTO AObserve (lobservateur, lobservation) VALUES(76,2023);
INSERT INTO AObserve (lobservateur, lobservation) VALUES(76,2024);
INSERT INTO AObserve (lobservateur, lobservation) VALUES(76,2025);
INSERT INTO AObserve (lobservateur, lobservation) VALUES(76,2026);
INSERT INTO AObserve (lobservateur, lobservation) VALUES(76,2027);
INSERT INTO AObserve (lobservateur, lobservation) VALUES(76,2028);
INSERT INTO AObserve (lobservateur, lobservation) VALUES(76,2029);
INSERT INTO AObserve (lobservateur, lobservation) VALUES(76,2030);
INSERT INTO AObserve (lobservateur, lobservation) VALUES(76,2031);
INSERT INTO AObserve (lobservateur, lobservation) VALUES(76,2032);
INSERT INTO AObserve (lobservateur, lobservation) VALUES(76,2033);
INSERT INTO AObserve (lobservateur, lobservation) VALUES(76,2034);
INSERT INTO AObserve (lobservateur, lobservation) VALUES(76,2035);
INSERT INTO AObserve (lobservateur, lobservation) VALUES(76,2036);
INSERT INTO AObserve (lobservateur, lobservation) VALUES(76,2037);
INSERT INTO AObserve (lobservateur, lobservation) VALUES(76,2038);
INSERT INTO AObserve (lobservateur, lobservation) VALUES(76,2039);
INSERT INTO AObserve (lobservateur, lobservation) VALUES(76,2040);
INSERT INTO AObserve (lobservateur, lobservation) VALUES(76,2041);
INSERT INTO AObserve (lobservateur, lobservation) VALUES(76,2042);
-- PA.JOUSSEAU
INSERT INTO AObserve (lobservateur, lobservation) VALUES(76,2044);
INSERT INTO AObserve (lobservateur, lobservation) VALUES(76,2045);
INSERT INTO AObserve (lobservateur, lobservation) VALUES(76,2046);
INSERT INTO AObserve (lobservateur, lobservation) VALUES(76,2047);
INSERT INTO AObserve (lobservateur, lobservation) VALUES(76,2048);
INSERT INTO AObserve (lobservateur, lobservation) VALUES(76,2049);
INSERT INTO AObserve (lobservateur, lobservation) VALUES(76,2050);
INSERT INTO AObserve (lobservateur, lobservation) VALUES(76,2051);
INSERT INTO AObserve (lobservateur, lobservation) VALUES(76,2052);
INSERT INTO AObserve (lobservateur, lobservation) VALUES(76,2053);
INSERT INTO AObserve (lobservateur, lobservation) VALUES(76,2054);
INSERT INTO AObserve (lobservateur, lobservation) VALUES(76,2055);
INSERT INTO AObserve (lobservateur, lobservation) VALUES(76,2056);
INSERT INTO AObserve (lobservateur, lobservation) VALUES(76,2057);
INSERT INTO AObserve (lobservateur, lobservation) VALUES(76,2058);
INSERT INTO AObserve (lobservateur, lobservation) VALUES(76,2059);
INSERT INTO AObserve (lobservateur, lobservation) VALUES(76,2060);
INSERT INTO AObserve (lobservateur, lobservation) VALUES(76,2061);
INSERT INTO AObserve (lobservateur, lobservation) VALUES(76,2062);
INSERT INTO AObserve (lobservateur, lobservation) VALUES(76,2063);
INSERT INTO AObserve (lobservateur, lobservation) VALUES(76,2064);
INSERT INTO AObserve (lobservateur, lobservation) VALUES(76,2065);
INSERT INTO AObserve (lobservateur, lobservation) VALUES(76,2066);
INSERT INTO AObserve (lobservateur, lobservation) VALUES(76,2067);
INSERT INTO AObserve (lobservateur, lobservation) VALUES(76,2068);
INSERT INTO AObserve (lobservateur, lobservation) VALUES(76,2069);
INSERT INTO AObserve (lobservateur, lobservation) VALUES(76,2070);
INSERT INTO AObserve (lobservateur, lobservation) VALUES(76,2071);
INSERT INTO AObserve (lobservateur, lobservation) VALUES(76,2072);
INSERT INTO AObserve (lobservateur, lobservation) VALUES(76,2073);
INSERT INTO AObserve (lobservateur, lobservation) VALUES(76,2074);
INSERT INTO AObserve (lobservateur, lobservation) VALUES(76,2075);
INSERT INTO AObserve (lobservateur, lobservation) VALUES(76,2076);
INSERT INTO AObserve (lobservateur, lobservation) VALUES(76,2077);
INSERT INTO AObserve (lobservateur, lobservation) VALUES(76,2078);
INSERT INTO AObserve (lobservateur, lobservation) VALUES(76,2079);
INSERT INTO AObserve (lobservateur, lobservation) VALUES(76,2080);
INSERT INTO AObserve (lobservateur, lobservation) VALUES(76,2081);
INSERT INTO AObserve (lobservateur, lobservation) VALUES(76,2082);
INSERT INTO AObserve (lobservateur, lobservation) VALUES(76,2083);
INSERT INTO AObserve (lobservateur, lobservation) VALUES(76,2084);
INSERT INTO AObserve (lobservateur, lobservation) VALUES(76,2085);
INSERT INTO AObserve (lobservateur, lobservation) VALUES(76,2086);
INSERT INTO AObserve (lobservateur, lobservation) VALUES(76,2087);
INSERT INTO AObserve (lobservateur, lobservation) VALUES(76,2088);
INSERT INTO AObserve (lobservateur, lobservation) VALUES(76,2089);
INSERT INTO AObserve (lobservateur, lobservation) VALUES(76,2090);
INSERT INTO AObserve (lobservateur, lobservation) VALUES(76,2091);
INSERT INTO AObserve (lobservateur, lobservation) VALUES(76,2092);
INSERT INTO AObserve (lobservateur, lobservation) VALUES(76,2093);
INSERT INTO AObserve (lobservateur, lobservation) VALUES(76,2094);
INSERT INTO AObserve (lobservateur, lobservation) VALUES(76,2095);
INSERT INTO AObserve (lobservateur, lobservation) VALUES(76,2096);
INSERT INTO AObserve (lobservateur, lobservation) VALUES(76,2097);
INSERT INTO AObserve (lobservateur, lobservation) VALUES(76,2098);
INSERT INTO AObserve (lobservateur, lobservation) VALUES(76,2099);
INSERT INTO AObserve (lobservateur, lobservation) VALUES(76,2100);
INSERT INTO AObserve (lobservateur, lobservation) VALUES(76,2101);
INSERT INTO AObserve (lobservateur, lobservation) VALUES(76,2102);
INSERT INTO AObserve (lobservateur, lobservation) VALUES(76,2103);
INSERT INTO AObserve (lobservateur, lobservation) VALUES(76,2104);
INSERT INTO AObserve (lobservateur, lobservation) VALUES(76,2105);
INSERT INTO AObserve (lobservateur, lobservation) VALUES(76,2106);
INSERT INTO AObserve (lobservateur, lobservation) VALUES(76,2107);
INSERT INTO AObserve (lobservateur, lobservation) VALUES(76,2108);
INSERT INTO AObserve (lobservateur, lobservation) VALUES(76,2109);
INSERT INTO AObserve (lobservateur, lobservation) VALUES(76,2110);
INSERT INTO AObserve (lobservateur, lobservation) VALUES(76,2111);
INSERT INTO AObserve (lobservateur, lobservation) VALUES(76,2112);
INSERT INTO AObserve (lobservateur, lobservation) VALUES(76,2113);
INSERT INTO AObserve (lobservateur, lobservation) VALUES(76,2114);
INSERT INTO AObserve (lobservateur, lobservation) VALUES(76,2115);
INSERT INTO AObserve (lobservateur, lobservation) VALUES(76,2116);
INSERT INTO AObserve (lobservateur, lobservation) VALUES(76,2117);
INSERT INTO AObserve (lobservateur, lobservation) VALUES(76,2118);
INSERT INTO AObserve (lobservateur, lobservation) VALUES(76,2119);
INSERT INTO AObserve (lobservateur, lobservation) VALUES(76,2120);
INSERT INTO AObserve (lobservateur, lobservation) VALUES(76,2121);
INSERT INTO AObserve (lobservateur, lobservation) VALUES(76,2122);
INSERT INTO AObserve (lobservateur, lobservation) VALUES(76,2123);
INSERT INTO AObserve (lobservateur, lobservation) VALUES(76,2124);
INSERT INTO AObserve (lobservateur, lobservation) VALUES(76,2125);
INSERT INTO AObserve (lobservateur, lobservation) VALUES(76,2126);
INSERT INTO AObserve (lobservateur, lobservation) VALUES(76,2127);

